racedate,racetime,track,race_name,race_restrictions_age,race_class,major,race_distance,prize_money,going_description,number_of_runners,place,distbt,horse_name,stall,trainer,horse_age,jockey_name,jockeys_claim,pounds,odds,fav,official_rating,comptime,comptime_numeric,TotalDstBt,MedianOR,Dist_Furlongs,placing_numerical,RCode,BFSP,BFSP_Place,PlcsPaid,BFPlcsPaid,Yards,RailMove,RaceType,Comment,CardNo,StallPositioning,TrackDirection,Headgear,dayssincelr,careerruns,stallion,surfacetype,horse_prizewin,
"2013-02-10","14:00:00","Exeter","Bathwick Tyres National Hunt Novices Hurdle ","4yo+","Class 4",,"2m3f ","4549","Heavy","15","1st",,"Many Clouds (IRE)","0","Sherwood, O","6","Aspell, Leighton","0","165","2",,"130","5 mins 8.00s","308",,"0","19","1","National Hunt","3.40370235539056","1.31","3","3","4180","0","Novices Hurdle","took keen hold, chased leaders, went 2nd before 4th, led 5th, joined and pressed from 2 out, driven before last, stayed on gamely flat to assert final 100 yards","3","None","Right Handed",,"29","6","Cloudings (IRE)","Very Undulating","4549",
"2013-02-10","14:00:00","Exeter","Bathwick Tyres National Hunt Novices Hurdle ","4yo+","Class 4",,"2m3f ","4549","Heavy","15","2nd","0.75","Just A Par (IRE)","0","Nicholls, P F","6","Jacob, Daryl","0","165","1.38","(Fav)","0","5 mins 8.00s","308","0.75","0","19","2","National Hunt","2.58","1.43239059825246","3","3","4180","0","Novices Hurdle","chased leaders, went 2nd well before 3 out, ridden and every chance from 2 out, hung left approaching last, no extra and held final 100 yards","1","None","Right Handed",,"96","1","Island House (IRE)","Very Undulating","1336",
"2013-02-10","14:00:00","Exeter","Bathwick Tyres National Hunt Novices Hurdle ","4yo+","Class 4",,"2m3f ","4549","Heavy","15","3rd","14","Darkestbeforedawn (IRE)","0","Keevil, Mrs Caroline","6","Popham, Mr I","3","155","66",,"0","5 mins 8.00s","308","14.75","0","19","3","National Hunt","308.75616008","36","3","3","4180","0","Novices Hurdle","chased leaders in 5th, went 3rd before 3 out, plugged on, no chance with leading duo","8","None","Right Handed",,"34","4","Dr Massini (IRE)","Very Undulating","668",
"2013-02-10","14:00:00","Exeter","Bathwick Tyres National Hunt Novices Hurdle ","4yo+","Class 4",,"2m3f ","4549","Heavy","15","4th","10","Kilmurvy (IRE)","0","Scott, J","5","Scholfield, Nick","0","165","4",,"0","5 mins 8.00s","308","24.75","0","19","4","National Hunt","6.19640211681061","1.64863141257469","3","3","4180","0","Novices Hurdle","mid-division, headway approaching 3 out, stayed on to one pace 4th next, mistake last","2","None","Right Handed",,"42","4","Shantou (USA)","Very Undulating","334",
"2013-02-10","14:00:00","Exeter","Bathwick Tyres National Hunt Novices Hurdle ","4yo+","Class 4",,"2m3f ","4549","Heavy","15","5th","2","Tolkeins Tango (IRE)","0","Dartnall, V R A","5","Doyle, Jack","0","158","40",,"0","5 mins 8.00s","308","26.75","0","19","5","National Hunt","110","12.5","3","3","4180","0","Novices Hurdle","held up towards rear, headway 5th, ridden and one pace 4th before 3 out until next, no extra soon after","17","None","Right Handed",,"40","4","Beneficial","Very Undulating","0",
"2013-02-10","14:00:00","Exeter","Bathwick Tyres National Hunt Novices Hurdle ","4yo+","Class 4",,"2m3f ","4549","Heavy","15","6th","2.5","Buckhorn Tom","0","Tizzard, C L","5","Tizzard, Joe","0","158","80",,"0","5 mins 8.00s","308","29.25","0","19","6","National Hunt","746.85591677815","44.9040435414001","3","3","4180","0","Novices Hurdle","bumped 1st, mid-division, outpaced after 6th, plugged on before last","6","None","Right Handed",,"42","4","Tamure (IRE)","Very Undulating","0",
"2013-02-10","14:00:00","Exeter","Bathwick Tyres National Hunt Novices Hurdle ","4yo+","Class 4",,"2m3f ","4549","Heavy","15","7th","1.25","Moorlands Mist","0","Scott, J","6","Griffiths, Matt","3","155","66",,"0","5 mins 8.00s","308","30.5","0","19","7","National Hunt","289.083900901617","33.5186719012015","3","3","4180","0","Novices Hurdle","towards rear, moderate late headway, hit last, never involved","11","None","Right Handed",,"30","3","Fair Mix (IRE)","Very Undulating","0",
"2013-02-10","14:00:00","Exeter","Bathwick Tyres National Hunt Novices Hurdle ","4yo+","Class 4",,"2m3f ","4549","Heavy","15","8th","7","Fix It Right (IRE)","0","Lavelle, Miss E C","5","Elsworth, Dominic","0","158","25",,"0","5 mins 8.00s","308","37.5","0","19","8","National Hunt","49.5848436202539","6.2","3","3","4180","0","Novices Hurdle","in touch, ridden and weakened 7th","9","None","Right Handed",,"43","2","Vinnie Roe (IRE)","Very Undulating","0",
"2013-02-10","14:00:00","Exeter","Bathwick Tyres National Hunt Novices Hurdle ","4yo+","Class 4",,"2m3f ","4549","Heavy","15","9th","1","Midnight Prayer","0","King, A","8","Thornton, Robert","0","165","8",,"0","5 mins 8.00s","308","38.5","0","19","9","National Hunt","14.1683283578575","2.94","3","3","4180","0","Novices Hurdle","mid-division, headway to chase leaders 7th, ridden and one pace approaching 3 out, soon weakened","4","None","Right Handed",,"56","5","Midnight Legend","Very Undulating",,
"2013-02-10","14:00:00","Exeter","Bathwick Tyres National Hunt Novices Hurdle ","4yo+","Class 4",,"2m3f ","4549","Heavy","15","10th","5","Tokyo Javilex (FR)","0","Hawke, N J","6","Quinlan, Mr Mark","3","155","200",,"0","5 mins 8.00s","308","43.5","0","19","10","National Hunt","1000","103.405912864846","3","3","4180","0","Novices Hurdle","always behind","16","None","Right Handed",,"37","1","Sleeping Car (FR)","Very Undulating",,
"2013-02-10","14:00:00","Exeter","Bathwick Tyres National Hunt Novices Hurdle ","4yo+","Class 4",,"2m3f ","4549","Heavy","15","11th","8","Palfrey Boy","0","Scott, J","7","Heard, Liam","0","158","200",,"0","5 mins 8.00s","308","51.5","0","19","11","National Hunt","1000","98.4371506916093","3","3","4180","0","Novices Hurdle","always behind, blundered 2 out, tailed off","14","None","Right Handed",,"40","1","Tamure (IRE)","Very Undulating",,
"2013-02-10","14:00:00","Exeter","Bathwick Tyres National Hunt Novices Hurdle ","4yo+","Class 4",,"2m3f ","4549","Heavy","15","12th","31","Bredon Hill Lad","0","Gardner, Mrs S","6","Thomas, Sam","0","158","200",,"0","5 mins 8.00s","308","82.5","0","19","12","National Hunt","860","95","3","3","4180","0","Novices Hurdle","behind, headway on outside approaching 4th, weakened 6th, behind when mistake next, tailed off","5","None","Right Handed",,"26","3","Kirkwall","Very Undulating",,
"2013-02-10","14:00:00","Exeter","Bathwick Tyres National Hunt Novices Hurdle ","4yo+","Class 4",,"2m3f ","4549","Heavy","15","13th","10","Mount Gunnery","0","Walford, Robert","5","Coleman, A","0","158","22",,"0","5 mins 8.00s","308","92.5","0","19","13","National Hunt","35.535572703","6.2","3","3","4180","0","Novices Hurdle","chased leader, went left and hit 3rd, lost 2nd before next, chased leading pair until before 3 out, weakened quickly and eased, tailed off when mistake last","12","None","Right Handed",,"None","0","Kayf Tara","Very Undulating",,
"2013-02-10","14:00:00","Exeter","Bathwick Tyres National Hunt Novices Hurdle ","4yo+","Class 4",,"2m3f ","4549","Heavy","15","14th","1.75","Newmans Boy","0","Mulholland, N P","6","Costello, Dougie","0","158","200",,"0","5 mins 8.00s","308","94.25","0","19","14","National Hunt","570","55","3","3","4180","0","Novices Hurdle","led, mistake 4th, headed 5th, chased winner until before 3 out where mistake and weakened soon after, tailed off","13","None","Right Handed","Hood","471","1","Loup Sauvage (USA)","Very Undulating",,
"2013-02-10","14:00:00","Exeter","Bathwick Tyres National Hunt Novices Hurdle ","4yo+","Class 4",,"2m3f ","4549","Heavy","15","PU",,"Stage King","0","Greatrex, W J","7","Hutchinson, Wayne","0","158","33",,"0","5 mins 8.00s","308",,"0","19","PU","National Hunt","103.152153961214","11.5","3","3","4180","0","Novices Hurdle","held up towards rear, tailed off 6th, pulled up after next","15","None","Right Handed",,"16","3","Kings Theatre (IRE)","Very Undulating",,
"2013-02-10","14:30:00","Exeter","Bathwick Tyres Plymouth Novices Hurdle  (Listed Race)","4yo+","Class 1","Listed Race","2m1f ","11390","Heavy","5","1st",,"Melodic Rendezvous","0","Scott, J","7","Scholfield, Nick","0","165","1.25",,"145","4 mins 38.10s","278.1",,"118","17","1","National Hunt","2.50157120961639","1.14","2","2","3740","0","Novices Hurdle","held up, smooth headway to track leader after 4th, travelling best approaching 3 out, challenged last, led soon after, shaken up and came readily clear, easily","3","None","Right Handed",,"36","5","Where Or When (IRE)","Very Undulating","11390",
"2013-02-10","14:30:00","Exeter","Bathwick Tyres Plymouth Novices Hurdle  (Listed Race)","4yo+","Class 1","Listed Race","2m1f ","11390","Heavy","5","2nd","9","Puffin Billy (IRE)","0","Sherwood, O","5","Aspell, Leighton","0","165","0.8","(Fav)","150","4 mins 38.10s","278.1","9","118","17","2","National Hunt","1.79","1.1399449408504","2","2","3740","0","Novices Hurdle","took keen hold, held up in 4th, went 2nd 3rd, led soon after next, went riight 3 out, mistake next, soon ridden, joined last, soon headed, not pace of winner","4","None","Right Handed",,"51","4","Heron Island (IRE)","Very Undulating","4274",
"2013-02-10","14:30:00","Exeter","Bathwick Tyres Plymouth Novices Hurdle  (Listed Race)","4yo+","Class 1","Listed Race","2m1f ","11390","Heavy","5","3rd","39","Red Riverman","0","Twiston-Davies, N A","5","Twiston-Davies, Sam","0","161","25",,"118","4 mins 38.10s","278.1","48","118","17","3","National Hunt","42","6.7046790374042","2","2","3740","0","Novices Hurdle","chased leader until 3rd, soon dropped to 4th, went modest 3rd before 3 out, tailed off","5","None","Right Handed",,"32","20","Haafhd","Very Undulating","2140",
"2013-02-10","14:30:00","Exeter","Bathwick Tyres Plymouth Novices Hurdle  (Listed Race)","4yo+","Class 1","Listed Race","2m1f ","11390","Heavy","5","4th","14","Enchanting Smile (FR)","0","Gillard, Mark","6","Phelan, T J","0","150","100",,"105","4 mins 38.10s","278.1","62","118","17","4","National Hunt","435.466207133423","50.3532457388939","2","2","3740","0","Novices Hurdle","chased leading pair until 3rd, mistake 4th, behind when mistake next, tailed off when blundered 3 out","7","None","Right Handed"," TT","55","11","Rakti","Very Undulating","1066",
"2013-02-10","14:30:00","Exeter","Bathwick Tyres Plymouth Novices Hurdle  (Listed Race)","4yo+","Class 1","Listed Race","2m1f ","11390","Heavy","5","5th","36","High Ville (IRE)","0","Pipe, D E","7","Scudamore, Tom","0","157","33",,"0","4 mins 38.10s","278.1","98","118","17","5","National Hunt","80","13.5","2","2","3740","0","Novices Hurdle","led and soon clear until 2nd, tended to jump left after, hit 4th and soon headed and dropped to 3rd, no chance with leading pair after 5th, weakened and blundered 2 out and last, tailed off","6","None","Right Handed",,"11","4","Beneficial","Very Undulating","536",
"2013-02-10","15:00:00","Exeter","Bathwick Tyres Taunton Graduation Chase ","5yo+","Class 2",,"3m ","12512","Heavy","5","1st",,"Harry Topper","0","Bailey, K C","6","Maguire, Jason","0","161","1.25","(Fav)","143","6 mins 54.50s","414.5",,"139","24","1","National Hunt","2.32996928036598","1.48244262549138","2","2","5280","0","Chase","held up in 4th, settled in 5th at 10th, smooth headway to challenge 4 out, went 2nd approaching next, led 2 out, in command before last, stayed on strongly and came clear flat","3","None","Right Handed",,"73","8","Sir Harry Lewis (USA)","Very Undulating","12512",
"2013-02-10","15:00:00","Exeter","Bathwick Tyres Taunton Graduation Chase ","5yo+","Class 2",,"3m ","12512","Heavy","5","2nd","12","Hawkes Point","0","Nicholls, P F","8","Jacob, Daryl","0","158","4",,"139","6 mins 54.50s","414.5","12","139","24","2","National Hunt","7.6","2.68","2","2","5280","0","Chase","chased leader until not fluent 5th, close 3rd, disputing 2nd after 14th, ridden to lead 4 out, headed 2 out, readily held before last","5","None","Right Handed",,"40","7","Kayf Tara","Very Undulating","3696",
"2013-02-10","15:00:00","Exeter","Bathwick Tyres Taunton Graduation Chase ","5yo+","Class 2",,"3m ","12512","Heavy","5","3rd","1.75","Bensalem (IRE)","0","King, A","10","Thornton, Robert","0","161","9",,"145","6 mins 54.50s","414.5","13.75","139","24","3","National Hunt","11.474847936782","4.4","2","2","5280","0","Chase","took keen hold, held up, headway to 4th at 10th, not fluent 12th, challenged and went right 4 out, 3rd when went right again next, one pace and held when went right again 2 out","1","None","Right Handed",,"673","15","Turtle Island (IRE)","Very Undulating","1848",
"2013-02-10","15:00:00","Exeter","Bathwick Tyres Taunton Graduation Chase ","5yo+","Class 2",,"3m ","12512","Heavy","5","4th","8","Pearlysteps","0","Daly, H D","10","Greenall, Mr Jake","0","154","16",,"138","6 mins 54.50s","414.5","21.75","139","24","4","National Hunt","22.5653583737765","7.48704818255181","2","2","5280","0","Chase","chased leading pair, went 2nd 5th, hit 12th, challenged 4 out, lost 2nd approaching 3 out, soon beaten","6","None","Right Handed",,"323","17","Alflora (IRE)","Very Undulating","924",
"2013-02-10","15:00:00","Exeter","Bathwick Tyres Taunton Graduation Chase ","5yo+","Class 2",,"3m ","12512","Heavy","5","5th","97","Highland Lodge (IRE)","0","Lavelle, Miss E C","7","Elsworth, Dominic","0","161","2.25",,"139","6 mins 54.50s","414.5","118.75","139","24","5","National Hunt","3.20439269716394","1.76472957","2","2","5280","0","Chase","led, ridden and headed 4 out, weakened and blundered 3 out, hung badly left and not keen soon after, tailed off","4","None","Right Handed",,"29","7","Flemensfirth (USA)","Very Undulating","462",
"2013-02-10","15:30:00","Exeter","Bathwick Tyres Barnstaple Handicap Chase  (The Jockey Club Grassroots Jumps Series Qualifier)","5yo+","Class 3",,"2m3.5f ","9495","Heavy","11","1st",,"Rouge Et Blanc (FR)","0","Sherwood, O","8","Garner, Thomas","7","140","2.75","(Fav)","116","5 mins 22.60s","322.6",,"124","19.5","1","National Hunt","4.08364152489497","1.9240345174104","3","3","4290","0","Handicap Chase","held up towards rear, steady headway 8th, went 2nd at 10th, led going well 3 out, in command next, came well clear and heavily eased towards finish","11","None","Right Handed",,"3","13","Mansonnien (FR)","Very Undulating","9495",
"2013-02-10","15:30:00","Exeter","Bathwick Tyres Barnstaple Handicap Chase  (The Jockey Club Grassroots Jumps Series Qualifier)","5yo+","Class 3",,"2m3.5f ","9495","Heavy","11","2nd","3.5","Simply Wings (IRE)","0","Lee, R","9","Nolan, Michael G","5","158","5",,"132","5 mins 22.60s","322.6","3.5","124","19.5","2","National Hunt","7.2","2.44323976945158","3","3","4290","0","Handicap Chase","in touch, headway approaching 9th, went 3rd at 10th, went right 4 out, went right and not much room 2 out, went 2nd before last, no chance with heavily eased winner","6","None","Right Handed",,"27","18","Winged Love (IRE)","Very Undulating","2805",
"2013-02-10","15:30:00","Exeter","Bathwick Tyres Barnstaple Handicap Chase  (The Jockey Club Grassroots Jumps Series Qualifier)","5yo+","Class 3",,"2m3.5f ","9495","Heavy","11","3rd","SH","Golden Chieftain (IRE)","0","Tizzard, C L","8","Tizzard, Joe","0","164","4",,"133","5 mins 22.60s","322.6","3.55","124","19.5","3","National Hunt","5.2","2.09123504318701","3","3","4290","0","Handicap Chase","chased leaders, led narrowly after 4th, headed 7th, chased leaders until badly outpaced and lost place 10th, rallied 3 out, stayed on to dispute 2nd flat, no chance with heavilly eased winner","4","None","Right Handed","Blnk TT","29","22","Tikkanen (USA)","Very Undulating","1402",
"2013-02-10","15:30:00","Exeter","Bathwick Tyres Barnstaple Handicap Chase  (The Jockey Club Grassroots Jumps Series Qualifier)","5yo+","Class 3",,"2m3.5f ","9495","Heavy","11","4th","12","Bendant","0","Hamer, Mrs D A","8","Brennan, P J","0","140","12",,"109","5 mins 22.60s","322.6","15.55","124","19.5","4","National Hunt","15.5","4.531968794","3","3","4290","0","Handicap Chase","prominent, led 7th until ridden 3 out, chased winner, well held when went badly right next, weakened before last","13","None","Right Handed","Vsor","46","17","Beat All (USA)","Very Undulating","702",
"2013-02-10","15:30:00","Exeter","Bathwick Tyres Barnstaple Handicap Chase  (The Jockey Club Grassroots Jumps Series Qualifier)","5yo+","Class 3",,"2m3.5f ","9495","Heavy","11","5th","5","Sir Kezbaah (IRE)","0","Scott, J","9","Scholfield, Nick","0","155","16",,"124","5 mins 22.60s","322.6","20.55","124","19.5","5","National Hunt","23.5832784305851","5.733679957","3","3","4290","0","Handicap Chase","always behind, ridden before 8th, never a factor","8","None","Right Handed",,"71","23","Oscar (IRE)","Very Undulating","351",
"2013-02-10","15:30:00","Exeter","Bathwick Tyres Barnstaple Handicap Chase  (The Jockey Club Grassroots Jumps Series Qualifier)","5yo+","Class 3",,"2m3.5f ","9495","Heavy","11","6th","48","Frontier Spirit (IRE)","0","Twiston-Davies, N A","9","Twiston-Davies, Sam","0","166","16",,"135","5 mins 22.60s","322.6","68.55","124","19.5","6","National Hunt","22.0238949086937","5.12691436163848","3","3","4290","0","Handicap Chase","towards rear, awkward on landing 2nd, headway approaching 8th, reminders before 10th, soon struggling, tailed off","1","None","Right Handed",,"15","20","New Frontier (IRE)","Very Undulating","0",
"2013-02-10","15:30:00","Exeter","Bathwick Tyres Barnstaple Handicap Chase  (The Jockey Club Grassroots Jumps Series Qualifier)","5yo+","Class 3",,"2m3.5f ","9495","Heavy","11","BD",,"Midnight Haze","0","Bailey, K C","11","Maguire, Jason","0","154","33",,"123","5 mins 22.60s","322.6",,"124","19.5","BD","National Hunt","46.7585433571918","9.71687201214547","3","3","4290","0","Handicap Chase","held up in rear, pushed along approaching 8th, jumped into horse on top of fence and brought down 10th","9","None","Right Handed",,"29","20","Midnight Legend","Very Undulating",,
"2013-02-10","15:30:00","Exeter","Bathwick Tyres Barnstaple Handicap Chase  (The Jockey Club Grassroots Jumps Series Qualifier)","5yo+","Class 3",,"2m3.5f ","9495","Heavy","11","PU",,"Mister Wiseman","0","Hawke, N J","11","Quinlan, Mr Mark","3","142","40",,"114","5 mins 22.60s","322.6",,"124","19.5","PU","National Hunt","115.616696586181","19.4799575581169","3","3","4290","0","Handicap Chase","led until after 4th, prominent, weakened approaching 11th, tailed off when pulled up before 4 out","12","None","Right Handed","Blnk TT","46","46","Bal Harbour","Very Undulating",,
"2013-02-10","15:30:00","Exeter","Bathwick Tyres Barnstaple Handicap Chase  (The Jockey Club Grassroots Jumps Series Qualifier)","5yo+","Class 3",,"2m3.5f ","9495","Heavy","11","PU",,"Tail of The Bank (IRE)","0","Young, Mrs L J","10","Heard, Liam","0","153","25",,"122","5 mins 22.60s","322.6",,"124","19.5","PU","National Hunt","56.3614143518358","11.5","3","3","4290","0","Handicap Chase","chased leaders, ridden and outpaced 11th, weakened and pulled up before 4 out","10","None","Right Handed",,"8","14","Flemensfirth (USA)","Very Undulating",,
"2013-02-10","15:30:00","Exeter","Bathwick Tyres Barnstaple Handicap Chase  (The Jockey Club Grassroots Jumps Series Qualifier)","5yo+","Class 3",,"2m3.5f ","9495","Heavy","11","UR",,"Bally Legend","0","Keevil, Mrs Caroline","8","Popham, Mr I","3","162","5",,"134","5 mins 22.60s","322.6",,"124","19.5","UR","National Hunt","6.56880441144156","2.3","3","3","4290","0","Handicap Chase","towards rear when landed on top of fence and unseated rider 10th","2","None","Right Handed",,"29","21","Midnight Legend","Very Undulating",,
"2013-02-10","15:30:00","Exeter","Bathwick Tyres Barnstaple Handicap Chase  (The Jockey Club Grassroots Jumps Series Qualifier)","5yo+","Class 3",,"2m3.5f ","9495","Heavy","11","UR",,"Pateese (FR)","0","Hobbs, P J","8","Johnson, Richard","0","163","9",,"132","5 mins 22.60s","322.6",,"124","19.5","UR","National Hunt","13.6336283443842","3.71610737","3","3","4290","0","Handicap Chase","towards rear when unseated rider 7th","5","None","Right Handed","Blnk","46","18","Priolo (USA)","Very Undulating",,
"2013-02-10","16:00:00","Exeter","Bathwick Tyres Bridgwater Novices Chase  (The Sunday &pound;5K Bonus Race)","5yo+","Class 3",,"2m3.5f ","6498","Heavy","8","1st",,"Theatrical Star","0","Tizzard, C L","7","Tizzard, Joe","0","154","3.5",,"125","5 mins 26.60s","326.6",,"51.5","19.5","1","National Hunt","4.53320069010489","1.45","3","3","4290","0","Novices Chase","made all, clear before last, stayed on strongly, unchallenged","9","None","Right Handed",,"15","14","Kings Theatre (IRE)","Very Undulating","6498",
"2013-02-10","16:00:00","Exeter","Bathwick Tyres Bridgwater Novices Chase  (The Sunday &pound;5K Bonus Race)","5yo+","Class 3",,"2m3.5f ","6498","Heavy","8","2nd","5","Colour Squadron (IRE)","0","Hobbs, P J","7","McCoy, A P","0","154","1.5","(Fav)","0","5 mins 26.60s","326.6","5","51.5","19.5","2","National Hunt","3.70904483284671","1.42","3","3","4290","0","Novices Chase","took keen hold, held up in 6th, hit 10th, headway to 4th approaching 4 out, went 3rd before last, stayed on flat, went 2nd in closing stages, never any chance of reaching winner","4","None","Right Handed",,"25","10","Old Vic","Very Undulating","1908",
"2013-02-10","16:00:00","Exeter","Bathwick Tyres Bridgwater Novices Chase  (The Sunday &pound;5K Bonus Race)","5yo+","Class 3",,"2m3.5f ","6498","Heavy","8","3rd","1.25","Dare Me (IRE)","0","Williams, Miss Venetia","9","Coleman, A","0","154","2.5",,"130","5 mins 26.60s","326.6","6.25","51.5","19.5","3","National Hunt","3.7259221566477","1.48","3","3","4290","0","Novices Chase","chased leaders, not fluent 4th, left close 3rd at 7th, disputing 2nd when blundered 4 out, went 2nd and balooned 3 out, no impression on winner, lost 2nd in closing stages","5","None","Right Handed",,"34","13","Bob Back (USA)","Very Undulating","954",
"2013-02-10","16:00:00","Exeter","Bathwick Tyres Bridgwater Novices Chase  (The Sunday &pound;5K Bonus Race)","5yo+","Class 3",,"2m3.5f ","6498","Heavy","8","4th","6","Ice n Easy (IRE)","0","Gillard, Mark","7","Phelan, T J","0","154","66",,"0","5 mins 26.60s","326.6","12.25","51.5","19.5","4","National Hunt","374.436166834891","28","3","3","4290","0","Novices Chase","took keen hold, chased winner, mistake 7th, lost 2nd 3 out, hung badly left and weakened between last 2","6","None","Right Handed",,"358","7","Dushyantor (USA)","Very Undulating","477",
"2013-02-10","16:00:00","Exeter","Bathwick Tyres Bridgwater Novices Chase  (The Sunday &pound;5K Bonus Race)","5yo+","Class 3",,"2m3.5f ","6498","Heavy","8","5th","15","Arctic Watch","0","Cann, J G","8","Scholfield, Nick","0","154","50",,"103","5 mins 26.60s","326.6","27.25","51.5","19.5","5","National Hunt","219.186941052479","12","3","3","4290","0","Novices Chase","held up in rear, some headway 10th, weakened before next","2","None","Right Handed",,"59","18","Accondy (IRE)","Very Undulating","0",
"2013-02-10","16:00:00","Exeter","Bathwick Tyres Bridgwater Novices Chase  (The Sunday &pound;5K Bonus Race)","5yo+","Class 3",,"2m3.5f ","6498","Heavy","8","6th","5","Rocky Bender (IRE)","0","Williams, Miss Venetia","8","Challoner, Mr Harry","5","149","40",,"0","5 mins 26.60s","326.6","32.25","51.5","19.5","6","National Hunt","144.810316765505","9.69144638347382","3","3","4290","0","Novices Chase","held up in 5th, left close 4th at 7th, weakened approaching 4 out, went right next","8","None","Right Handed",,"36","2","Saddlers Hall (IRE)","Very Undulating","0",
"2013-02-10","16:00:00","Exeter","Bathwick Tyres Bridgwater Novices Chase  (The Sunday &pound;5K Bonus Race)","5yo+","Class 3",,"2m3.5f ","6498","Heavy","8","PU",,"Chipless (IRE)","0","Ryall, B J M","10","Crosse, Dave","0","154","100",,"0","5 mins 26.60s","326.6",,"51.5","19.5","PU","National Hunt","1000","94.9850389758521","3","3","4290","0","Novices Chase","behind, mistake 8th, lost touch next, tailed off when pulled up soon after next","3","None","Right Handed",,"1029","4","Tel Quel (FR)","Very Undulating",,
"2013-02-10","16:00:00","Exeter","Bathwick Tyres Bridgwater Novices Chase  (The Sunday &pound;5K Bonus Race)","5yo+","Class 3",,"2m3.5f ","6498","Heavy","8","UR",,"Act Of Kalanisi (IRE)","0","Newland, Dr R D P","7","OBrien, T J","0","161","3",,"140","5 mins 26.60s","326.6",,"51.5","19.5","UR","National Hunt","4.3","1.46523247639431","3","3","4290","0","Novices Chase","chased leaders, blundered and unseated rider 7th","1","None","Right Handed"," TT","51","31","Kalanisi (IRE)","Very Undulating",,
"2013-02-10","16:30:00","Exeter","Bathwick Tyres Intermediate Open National Hunt Flat Race  (Div I)","4-6yo","Class 6",,"2m1f ","1625","Heavy","7","1st",,"Vieux Lion Rouge (FR)","0","Pipe, D E","4","Scudamore, Tom","0","158","0.8","(Fav)","0","4 mins 36.50s","276.5",,"0","17","1","National Hunt","1.83195957841278","1.13","2","3","3740","0","NH Flat","made all, came clear final 2f, unchallenged","7","None","Right Handed",,"25","2","Sabiango (GER)","Very Undulating","1625",
"2013-02-10","16:30:00","Exeter","Bathwick Tyres Intermediate Open National Hunt Flat Race  (Div I)","4-6yo","Class 6",,"2m1f ","1625","Heavy","7","2nd","14","Couldhavehaditall (IRE)","0","Webber, P R","5","McCoy, A P","0","158","4.5",,"0","4 mins 36.50s","276.5","14","0","17","2","National Hunt","7.02257140479793","1.668715456","2","3","3740","0","NH Flat","tracked leading trio, reminders before halfway, plugged on final 2f, went 2nd close home, no chance with easy winner","2","None","Right Handed",,"None","0","Milan","Very Undulating","477",
"2013-02-10","16:30:00","Exeter","Bathwick Tyres Intermediate Open National Hunt Flat Race  (Div I)","4-6yo","Class 6",,"2m1f ","1625","Heavy","7","3rd","0.5","Quick Decisson (IRE)","0","Hobbs, P J","5","Johnson, Richard","0","165","3",,"0","4 mins 36.50s","276.5","14.5","0","17","3","National Hunt","4.62254950924958","1.32","2","3","3740","0","NH Flat","chased leading pair, went 2nd over 4f out, one pace and no chance with winner final 2f, dropped to 3rd close home","1","None","Right Handed",,"46","1","Azamour (IRE)","Very Undulating","238",
"2013-02-10","16:30:00","Exeter","Bathwick Tyres Intermediate Open National Hunt Flat Race  (Div I)","4-6yo","Class 6",,"2m1f ","1625","Heavy","7","4th","6","Tinker Time (IRE)","0","Buckler, R H","5","Glassonbury, Andrew","0","158","28",,"0","4 mins 36.50s","276.5","20.5","0","17","4","National Hunt","76.9131373905699","7.04329814011522","2","3","3740","0","NH Flat","hung left most of way, chased winner, hung left on bend and lost 2nd over 4f out, stayed in 3rd, continued to hang left and no impression final 2f, dropped to 4th inside final furlong","6","None","Right Handed",,"None","0","Turtle Island (IRE)","Very Undulating","119",
"2013-02-10","16:30:00","Exeter","Bathwick Tyres Intermediate Open National Hunt Flat Race  (Div I)","4-6yo","Class 6",,"2m1f ","1625","Heavy","7","5th","14","Sweet Like You","0","Davis, Miss J S","5","Brennan, P J","0","151","14",,"0","4 mins 36.50s","276.5","34.5","0","17","5","National Hunt","33.3744826026866","3.201990436","2","3","3740","0","NH Flat","chased leaders until lost place before halfway, soon lost touch, plugged on final 2f","8","None","Right Handed",,"52","2","Kayf Tara","Very Undulating","0",
"2013-02-10","16:30:00","Exeter","Bathwick Tyres Intermediate Open National Hunt Flat Race  (Div I)","4-6yo","Class 6",,"2m1f ","1625","Heavy","7","6th","6","Maire Rua (IRE)","0","Jones, A E","6","Scholfield, Nick","0","158","80",,"0","4 mins 36.50s","276.5","40.5","0","17","6","National Hunt","334.517082337217","28.560971489705","2","3","3740","0","NH Flat","last pair, green and hung left on bend over 5f out, never on terms","3","None","Right Handed",,"None","0","Presenting","Very Undulating","0",
"2013-02-10","16:30:00","Exeter","Bathwick Tyres Intermediate Open National Hunt Flat Race  (Div I)","4-6yo","Class 6",,"2m1f ","1625","Heavy","7","7th","46","Milanese (IRE)","0","Lavelle, Miss E C","5","Elsworth, Dominic","0","158","16",,"0","4 mins 36.50s","276.5","86.5","0","17","7","National Hunt","32.976466346113","3.5","2","3","3740","0","NH Flat","took keen hold, always behind, pushed along over 6f out, soon lost touch, tailed off","4","None","Right Handed",,"63","1","Milan","Very Undulating","0",
"2013-02-10","17:00:00","Exeter","Bathwick Tyres Intermediate Open National Hunt Flat Race  (Div II)","4-6yo","Class 6",,"2m1f ","1625","Heavy","4","1st",,"The Liquidator","0","Pipe, D E","5","Scudamore, Tom","0","158","0.25","(Fav)","0","4 mins 37.20s","277.2",,"0","17","1","National Hunt","1.28205111273303","1.02","1","3","3740","0","NH Flat","led and disputed, led 8f out and soon clear, well clear final 4f, very easily","6","None","Right Handed",,"84","2","Overbury (IRE)","Very Undulating","1625",
"2013-02-10","17:00:00","Exeter","Bathwick Tyres Intermediate Open National Hunt Flat Race  (Div II)","4-6yo","Class 6",,"2m1f ","1625","Heavy","4","2nd","24","Turoyal (FR)","0","Dartnall, V R A","5","Glassonbury, Andrew","0","158","8",,"0","4 mins 37.20s","277.2","24","0","17","2","National Hunt","12","1.32","1","3","3740","0","NH Flat","ran green, led and disputed until 8f out, chased winner after, well held final 4f","7","None","Right Handed",,"None","0","Turgeon (USA)","Very Undulating","477",
"2013-02-10","17:00:00","Exeter","Bathwick Tyres Intermediate Open National Hunt Flat Race  (Div II)","4-6yo","Class 6",,"2m1f ","1625","Heavy","4","3rd","74","Dukes Affair","0","Scott, J","5","Scholfield, Nick","0","158","6",,"0","4 mins 37.20s","277.2","98","0","17","3","National Hunt","8.8","1.15","1","3","3740","0","NH Flat","unseated rider and remounted on course, ran green and steadied rear, went 3rd over 6f out, no chance final 4f, stopped to a walk and lost distant 3rd inside final furlong, rallied to 3rd post, tailed off","4","None","Right Handed",,"33","1","Fair Mix (IRE)","Very Undulating","238",
"2013-02-10","17:00:00","Exeter","Bathwick Tyres Intermediate Open National Hunt Flat Race  (Div II)","4-6yo","Class 6",,"2m1f ","1625","Heavy","4","4th","SH","Business Mover (IRE)","0","Bradstock, M","5","Batchelor, Mattie","0","158","28",,"0","4 mins 37.20s","277.2","98.05","0","17","4","National Hunt","53.9032902125781","2.332412649","1","3","3740","0","NH Flat","led and disputed until 8f out, dropped to 4th over 5f out, soon lost touch, rallied to distant 3rd as eventual 3rd stopped to a walk and virtually pulled up inside final furlong, lost 3rd post","2","None","Right Handed",,"None","0","Shantou (USA)","Very Undulating","119",
"2013-02-10","13:50:00","Southwell","Winners Love bookmakers.co.uk Selling Handicap ","4yo+","Class 6",,"1m4f ","1941","Standard To Slow","7","1st",,"Maslak (IRE)","5","Hiatt, P W","9","Catlin, Chris","0","131","2.75",,"57","2 mins 43.56s","163.56",,"48","12","1","All Weather","4.487675793","1.559084143","2","3","2640","0","Handicap Seller","tracked leader, led over 3f out, ridden and joined 2f out, driven inside final furlong to assert final strides","3","Inside","Left Handed",,"9","95","In The Wings","Fibresand","1941",
"2013-02-10","13:50:00","Southwell","Winners Love bookmakers.co.uk Selling Handicap ","4yo+","Class 6",,"1m4f ","1941","Standard To Slow","7","2nd","0.5","Laylas Boy","3","West, S G","6","Teasdale, Shirley","5","128","1.88","(Fav)","59","2 mins 43.56s","163.56","0.5","48","12","2","All Weather","3.05477974564287","1.351182632","2","3","2640","0","Handicap Seller","tracked leaders, headway to join winner 2f out, ridden and every chance until final strides","1","Inside","Left Handed","Blnk TT","28","41","Sakhee (USA)","Fibresand","578",
"2013-02-10","13:50:00","Southwell","Winners Love bookmakers.co.uk Selling Handicap ","4yo+","Class 6",,"1m4f ","1941","Standard To Slow","7","3rd","2.5","Isola Bella","7","Portman, J G","4","Carson, William","0","116","14",,"45","2 mins 43.56s","163.56","3","48","12","3","All Weather","16.214688058","4.36103710345109","2","3","2640","0","Handicap Seller","dwelt keen, close up, headway to chase winner 3f out until 2f out, ridden and kept on one pace","8","Inside","Left Handed",,"53","9","Sleeping Indian","Fibresand","289",
"2013-02-10","13:50:00","Southwell","Winners Love bookmakers.co.uk Selling Handicap ","4yo+","Class 6",,"1m4f ","1941","Standard To Slow","7","4th","4","General Tufto","2","Smith, C","8","Fitzpatrick, Robbie","0","122","7",,"48","2 mins 43.56s","163.56","7","48","12","4","All Weather","9.6","2.42","2","3","2640","0","Handicap Seller","in rear, ridden 4f out, headway over 2f out, no impression from over 1f out","4","Inside","Left Handed","Blnk","5","117","Fantastic Light (USA)","Fibresand","144",
"2013-02-10","13:50:00","Southwell","Winners Love bookmakers.co.uk Selling Handicap ","4yo+","Class 6",,"1m4f ","1941","Standard To Slow","7","5th","10","Mighty Whitey (IRE)","4","Kelly, Noel C","7","McNiff, L","5","127","4.5",,"58","2 mins 43.56s","163.56","17","48","12","5","All Weather","7.22988100137867","2.23143400072478","2","3","2640","0","Handicap Seller","dwelt towards rear, ridden over 3f out, never a factor","2","Inside","Left Handed","Hood TT","23","26","Sesaro (USA)","Fibresand","0",
"2013-02-10","13:50:00","Southwell","Winners Love bookmakers.co.uk Selling Handicap ","4yo+","Class 6",,"1m4f ","1941","Standard To Slow","7","6th","0.5","Florimund","1","Butler, Michael","10","Quinn, Jimmy","0","119","6",,"45","2 mins 43.56s","163.56","17.5","48","12","6","All Weather","7.355956379","2.34783563839454","2","3","2640","0","Handicap Seller","towards rear, pushed along halfway, beaten from 4f out","5","Inside","Left Handed"," TT","295","29","Sadlers Wells (USA)","Fibresand","0",
"2013-02-10","13:50:00","Southwell","Winners Love bookmakers.co.uk Selling Handicap ","4yo+","Class 6",,"1m4f ","1941","Standard To Slow","7","7th","2.5","Penderyn","6","Smith, C","6","Burns, Mr I J","7","112","40",,"45","2 mins 43.56s","163.56","20","48","12","7","All Weather","59.2846357093018","11.5","2","3","2640","0","Handicap Seller","led, ridden and headed over 3f out, weakened over 1f out","7","Inside","Left Handed",,"103","25","Sakhee (USA)","Fibresand","0",
"2013-02-10","14:20:00","Southwell","Get The Inside Track At bookmakers.co.uk Handicap ","3yo","Class 6",,"6f ","1941","Standard To Slow","5","1st",,"Hannahs Turn","1","Dwyer, C A","3","Turner, Hayley","0","123","8",,"45","1 mins 17.19s","77.19",,"53","6","1","All Weather","13","4.7","2","2","1320","0","Handicap","soon led, made rest, ridden over 2f out, stayed on","4","Inside","Left Handed",,"52","3","Dubai Destination (USA)","Fibresand","1941",
"2013-02-10","14:20:00","Southwell","Get The Inside Track At bookmakers.co.uk Handicap ","3yo","Class 6",,"6f ","1941","Standard To Slow","5","2nd","2","Devout (IRE)","4","Osborne, J A","3","Sweeney, Fergus","0","131","4",,"53","1 mins 17.19s","77.19","2","53","6","2","All Weather","6.58297847363763","2.44","2","2","1320","0","Handicap","broke smartly, led early, tracked winner, ridden over 2f out, no impression","3","Inside","Left Handed",,"9","8","Holy Roman Emperor (IRE)","Fibresand","578",
"2013-02-10","14:20:00","Southwell","Get The Inside Track At bookmakers.co.uk Handicap ","3yo","Class 6",,"6f ","1941","Standard To Slow","5","3rd","8","Hazard Warning (IRE)","5","Easterby, T D","3","Fentiman, Duran","0","132","1.75",,"54","1 mins 17.19s","77.19","10","53","6","3","All Weather","3.031108316","1.59706049176589","2","2","1320","0","Handicap","close up, ridden halfway, hung left 2f out, kept on one pace","2","Inside","Left Handed","Blnk","27","7","Haatef (USA)","Fibresand","289",
"2013-02-10","14:20:00","Southwell","Get The Inside Track At bookmakers.co.uk Handicap ","3yo","Class 6",,"6f ","1941","Standard To Slow","5","4th","7","Jordanstown","3","Ryan, K A","3","Ryan, Amy","0","133","1.25","(Fav)","55","1 mins 17.19s","77.19","17","53","6","4","All Weather","2.48","1.602124323","2","2","1320","0","Handicap","slowly away, keen in touch in rear, ridden halfway, never a threat","1","Inside","Left Handed","Blnk","17","4","Piccolo","Fibresand","144",
"2013-02-10","14:20:00","Southwell","Get The Inside Track At bookmakers.co.uk Handicap ","3yo","Class 6",,"6f ","1941","Standard To Slow","5","5th","17","Jonny Wombat","2","Ford, R","3","Fanning, Joe","0","123","25",,"45","1 mins 17.19s","77.19","34","53","6","5","All Weather","29.2767145476885","9.51156673312653","2","2","1320","0","Handicap","slowly into stride, soon tracked leaders, ridden and outpaced halfway","5","Inside","Left Handed","Blnk","10","6","Avonbridge","Fibresand","0",
"2013-02-10","14:50:00","Southwell","coral.co.uk Handicap ","3yo","Class 6",,"1m ","1941","Standard To Slow","3","1st",,"Napinda","1","McBride, P J","3","Carson, William","0","124","1.5","(Fav)","51","1 mins 45.73s","105.73",,"56","8","1","All Weather","2.89196509861727","1.46968281017307","1","2","1760","0","Handicap","tracked leader, ridden to challenge from over 2f out, led inside final furlong, stayed on","4","Inside","Left Handed",,"5","11","Sleeping Indian","Fibresand","1941",
"2013-02-10","14:50:00","Southwell","coral.co.uk Handicap ","3yo","Class 6",,"1m ","1941","Standard To Slow","3","2nd","1.5","Shearian","2","Carroll, A W","3","Tate, Ryan","7","122","1.75",,"56","1 mins 45.73s","105.73","1.5","56","8","2","All Weather","2.981356561","1.52354443972828","1","2","1760","0","Handicap","led, ridden over 2f out, hung left over 1f out, headed inside final furlong","2","Inside","Left Handed",,"5","9","Royal Applause","Fibresand","578",
"2013-02-10","14:50:00","Southwell","coral.co.uk Handicap ","3yo","Class 6",,"1m ","1941","Standard To Slow","3","3rd","7","Darkest Night (IRE)","3","Osborne, J A","3","Sweeney, Fergus","0","140","2",,"67","1 mins 45.73s","105.73","8.5","56","8","3","All Weather","3.01037503874149","1.56421116019024","1","2","1760","0","Handicap","tracked leading pair, ridden over 2f out, no impression","1","Inside","Left Handed",,"7","10","Dark Angel (IRE)","Fibresand","289",
"2013-02-10","15:20:00","Southwell","Exclusive Free Bets At bookmakers.co.uk Handicap ","4yo+","Class 6",,"1m ","1941","Standard To Slow","10","1st",,"Our Ivor","8","Appleby, M","4","Mullen, Andrew","0","124","0.8","(Fav)","51","1 mins 42.89s","102.89",,"51.5","8","1","All Weather","1.91","1.26","3","3","1760","0","Handicap","made all, ridden clear final furlong","8","Inside","Left Handed",,"4","9","Cape Town (IRE)","Fibresand","1941",
"2013-02-10","15:20:00","Southwell","Exclusive Free Bets At bookmakers.co.uk Handicap ","4yo+","Class 6",,"1m ","1941","Standard To Slow","10","2nd","6","Bentley","10","Baugh, B P J","9","Tart, Robert","7","117","16",,"51","1 mins 42.89s","102.89","6","51.5","8","2","All Weather","24.4008648788719","4.38899959726201","3","3","1760","0","Handicap","chased winner, ridden over 2f out, kept one pace final furlong","7","Inside","Left Handed",,"365","108","Piccolo","Fibresand","578",
"2013-02-10","15:20:00","Southwell","Exclusive Free Bets At bookmakers.co.uk Handicap ","4yo+","Class 6",,"1m ","1941","Standard To Slow","10","3rd","6","Doyouknowwhoiam","9","Quinn, J J","4","Eaves, Tom","0","121","16",,"48","1 mins 42.89s","102.89","12","51.5","8","3","All Weather","26","5.05489604030175","3","3","1760","0","Handicap","slowly away, headway on outer 6f out, ridden to go 3rd 3f out, kept on one pace final 2f","9","Inside","Left Handed",,"79","9","Monsieur Bond (IRE)","Fibresand","289",
"2013-02-10","15:20:00","Southwell","Exclusive Free Bets At bookmakers.co.uk Handicap ","4yo+","Class 6",,"1m ","1941","Standard To Slow","10","4th","2.5","This Ones For Eddy","11","Balding, J","8","Gibbons, Graham","0","125","4",,"52","1 mins 42.89s","102.89","14.5","51.5","8","4","All Weather","5.7","1.78930777531956","3","3","1760","0","Handicap","tracked leaders, ridden over 3f out, one pace final 2f","6","Inside","Left Handed","Blnk","12","69","Kyllachy","Fibresand","144",
"2013-02-10","15:20:00","Southwell","Exclusive Free Bets At bookmakers.co.uk Handicap ","4yo+","Class 6",,"1m ","1941","Standard To Slow","10","5th","1.25","Bonnie Prince Blue","7","McInnes, I W","10","Swift, Mr Dale","0","126","16",,"53","1 mins 42.89s","102.89","15.75","51.5","8","5","All Weather","22.8074739914725","3.85","3","3","1760","0","Handicap","towards rear, outpaced over 4f out, ridden over 3f out, hung left and some headway from 2f out","5","Inside","Left Handed","Blnk","34","103","Tipsy Creek (USA)","Fibresand","0",
"2013-02-10","15:20:00","Southwell","Exclusive Free Bets At bookmakers.co.uk Handicap ","4yo+","Class 6",,"1m ","1941","Standard To Slow","10","6th","NK","Justine Time (IRE)","2","Camacho, Miss J A","4","Sullivan, James P","0","119","25",,"46","1 mins 42.89s","102.89","15.9","51.5","8","6","All Weather","41.2760433332669","5.8","3","3","1760","0","Handicap","towards rear, ridden and outpaced over 4f out, some headway 3f out","11","Inside","Left Handed","Hood","16","16","Kodiac","Fibresand","0",
"2013-02-10","15:20:00","Southwell","Exclusive Free Bets At bookmakers.co.uk Handicap ","4yo+","Class 6",,"1m ","1941","Standard To Slow","10","7th","11","Balmoral Castle","3","Portman, J G","4","Fahy, J P","0","130","8",,"57","1 mins 42.89s","102.89","26.9","51.5","8","7","All Weather","13.3661695406448","2.79476789643901","3","3","1760","0","Handicap","in rear, outpaced over 4f out","4","Inside","Left Handed",,"52","3","Royal Applause","Fibresand","0",
"2013-02-10","15:20:00","Southwell","Exclusive Free Bets At bookmakers.co.uk Handicap ","4yo+","Class 6",,"1m ","1941","Standard To Slow","10","8th","29","Mystical Witch","4","Dunnett, Mrs C A","4","Quinn, Jimmy","0","119","25",,"46","1 mins 42.89s","102.89","55.9","51.5","8","8","All Weather","46.6308595402458","9.85742134572007","3","3","1760","0","Handicap","in touch, ridden and weakened over 2f out","10","Inside","Left Handed","Blnk","4","12","Kyllachy","Fibresand","0",
"2013-02-10","15:20:00","Southwell","Exclusive Free Bets At bookmakers.co.uk Handicap ","4yo+","Class 6",,"1m ","1941","Standard To Slow","10","9th","2","Confirmed","6","Batchelor, Mrs A M","4","Souza, Renato","0","133","9",,"60","1 mins 42.89s","102.89","57.9","51.5","8","9","All Weather","35.7482938561041","5.44009775149774","3","3","1760","0","Handicap","slowly into stride, headway on outer 6f out, ridden and outpaced over 4f out","1","Inside","Left Handed",,"15","7","Authorized (IRE)","Fibresand",,
"2013-02-10","15:20:00","Southwell","Exclusive Free Bets At bookmakers.co.uk Handicap ","4yo+","Class 6",,"1m ","1941","Standard To Slow","10","10th","21","Trip Switch","5","Butler, John","7","Keniry, L P","0","133","25",,"60","1 mins 42.89s","102.89","78.9","51.5","8","10","All Weather","42.4117644702317","7.232905794","3","3","1760","0","Handicap","broke well, soon in rear, outpaced over 5f out, soon behind","2","Inside","Left Handed",,"18","30","Reset (AUS)","Fibresand",,
"2013-02-10","15:50:00","Southwell","coral.co.uk Mobile Casino Fillies Handicap  (The Sunday &pound;5K Bonus Race)","4yo+","Class 5",,"1m ","2588","Standard To Slow","5","1st",,"Dewala","1","Appleby, M","4","Mullen, Andrew","0","119","2.75",,"58","1 mins 42.77s","102.77",,"65","8","1","All Weather","4.39057561529364","2.117799674","2","2","1760","0","Handicap","made all, 4 lengths clear over 2f out, ridden and forged clear final furlong, comfortable","4","Inside","Left Handed",,"63","10","Deportivo","Fibresand","2588",
"2013-02-10","15:50:00","Southwell","coral.co.uk Mobile Casino Fillies Handicap  (The Sunday &pound;5K Bonus Race)","4yo+","Class 5",,"1m ","2588","Standard To Slow","5","2nd","8","Compton Rainbow","5","Adielsson, H","4","Tate, Ryan","7","126","1.88","(Fav)","72","1 mins 42.77s","102.77","8","65","8","2","All Weather","3.07507788852529","1.85","2","2","1760","0","Handicap","mounted on track, tracked winner, ridden 3f out, kept on one pace","1","Inside","Left Handed","Hood TT","13","13","Exceed And Excel (AUS)","Fibresand","770",
"2013-02-10","15:50:00","Southwell","coral.co.uk Mobile Casino Fillies Handicap  (The Sunday &pound;5K Bonus Race)","4yo+","Class 5",,"1m ","2588","Standard To Slow","5","3rd","7","Dundrum Dancer (IRE)","3","Hales, A M","6","Turner, Hayley","0","126","4.5",,"65","1 mins 42.77s","102.77","15","65","8","3","All Weather","6.8","2.80008943550137","2","2","1760","0","Handicap","tracked leaders, ridden 3f out, weakened over 1f out","3","Inside","Left Handed",,"15","21","Refuse To Bend (IRE)","Fibresand","385",
"2013-02-10","15:50:00","Southwell","coral.co.uk Mobile Casino Fillies Handicap  (The Sunday &pound;5K Bonus Race)","4yo+","Class 5",,"1m ","2588","Standard To Slow","5","4th","1.25","Gay Gallivanter","4","Quinn, M","5","Birkett, Shelley","7","112","20",,"58","1 mins 42.77s","102.77","16.25","65","8","4","All Weather","25.230520024","7","2","2","1760","0","Handicap","in rear, ridden and outpaced halfway","5","Inside","Left Handed",,"4","34","Iceman","Fibresand","192",
"2013-02-10","15:50:00","Southwell","coral.co.uk Mobile Casino Fillies Handicap  (The Sunday &pound;5K Bonus Race)","4yo+","Class 5",,"1m ","2588","Standard To Slow","5","5th","5","Roedean (IRE)","2","Stone, W B","4","Lee, G","0","130","2.25",,"69","1 mins 42.77s","102.77","21.25","65","8","5","All Weather","4.08302943774513","2.089014413","2","2","1760","0","Handicap","tracked leaders, pushed along over 3f out, weakened over 2f out","2","Inside","Left Handed","CkPc TT","32","25","Oratorio (IRE)","Fibresand","0",
"2013-02-10","16:20:00","Southwell","Win More On Betting At bookmakers.co.uk Maiden Stakes ","3yo+","Class 5",,"7f ","3235","Standard To Slow","5","1st",,"Kabbaas (IRE)","4","Varian, Roger","3","Catlin, Chris","0","122","0.08","(Fav)","0","1 mins 29.87s","89.87",,"29","7","1","All Weather","1.11463828264254","1.03","2","2","1540","0","Maiden","tracked leader, led on bit 2f out, shaken up and forged clear final furlong, very easy","5","Inside","Left Handed",,"8","1","Pivotal","Fibresand","3235",
"2013-02-10","16:20:00","Southwell","Win More On Betting At bookmakers.co.uk Maiden Stakes ","3yo+","Class 5",,"7f ","3235","Standard To Slow","5","2nd","20","Quintain (IRE)","5","Easterby, T D","5","Fentiman, Duran","0","139","7",,"0","1 mins 29.87s","89.87","20","29","7","2","All Weather","29.9851469022332","3.12208368241434","2","2","1540","0","Maiden","slowly away, in rear, pushed along 4f out, ridden and headway entering final 2f, kept on to go 2nd near finish, no threat to winner","2","Inside","Left Handed",,"31","4","Olden Times","Fibresand","962",
"2013-02-10","16:20:00","Southwell","Win More On Betting At bookmakers.co.uk Maiden Stakes ","3yo+","Class 5",,"7f ","3235","Standard To Slow","5","3rd","NK","Dr Victoria","1","Norton, J R","4","Aspell, P","0","134","20",,"36","1 mins 29.87s","89.87","20.15","29","7","3","All Weather","191.109964040627","5.5572351346349","2","2","1540","0","Maiden","towards rear, ridden halfway, headway over 1f out, went remote 2nd inside final furlong until near finish","3","Inside","Left Handed"," TT","55","3","Three Valleys (USA)","Fibresand","481",
"2013-02-10","16:20:00","Southwell","Win More On Betting At bookmakers.co.uk Maiden Stakes ","3yo+","Class 5",,"7f ","3235","Standard To Slow","5","4th","5","Big City Boy (IRE)","3","McEntee, P S","5","Carson, William","0","139","5",,"35","1 mins 29.87s","89.87","25.15","29","7","4","All Weather","18.9321145474211","1.99","2","2","1540","0","Maiden","led, ridden 3f out, headed 2f out, weakened final furlong","1","Inside","Left Handed",,"2","5","Tamarisk (IRE)","Fibresand","240",
"2013-02-10","16:20:00","Southwell","Win More On Betting At bookmakers.co.uk Maiden Stakes ","3yo+","Class 5",,"7f ","3235","Standard To Slow","5","5th","11","Elusive","2","Stokell, Miss A","7","Stokell, Ann","5","129","33",,"29","1 mins 29.87s","89.87","36.15","29","7","5","All Weather","355.020719449","18.992297718","2","2","1540","0","Maiden","tracked leaders, ridden halfway, weakened over 2f out","4","Inside","Left Handed","CkPc","4","6","Reel Buddy (USA)","Fibresand","0",
"2013-02-10","16:50:00","Southwell","&pound;50 Free Bet At coral.co.uk Handicap ","4yo+","Class 5",,"7f ","2588","Standard To Slow","10","1st",,"Bitaphon (IRE)","8","Appleby, M","4","Mullen, Andrew","0","121","4",,"58","1 mins 30.56s","90.56",,"68","7","1","All Weather","6.40766598822571","2.22","3","3","1540","0","Handicap","made most, ridden and pressed from over 2f out, driven out, gamely","10","Inside","Left Handed",,"12","19","Acclamation","Fibresand","2588",
"2013-02-10","16:50:00","Southwell","&pound;50 Free Bet At coral.co.uk Handicap ","4yo+","Class 5",,"7f ","2588","Standard To Slow","10","2nd","0.75","Flying Pickets (IRE)","6","McCabe, A J","4","Fahy, J P","0","132","3","(Fav)","69","1 mins 30.56s","90.56","0.75","68","7","2","All Weather","4.204582734","1.66464557368681","3","3","1540","0","Handicap","in rear, ridden and headway 2f out, switched right 1f out, ran on to go 2nd final strides","2","Inside","Left Handed","Blnk Eye","4","32","Piccolo","Fibresand","770",
"2013-02-10","16:50:00","Southwell","&pound;50 Free Bet At coral.co.uk Handicap ","4yo+","Class 5",,"7f ","2588","Standard To Slow","10","3rd","HD","Frontier Fighter","1","OMeara, D","5","Tudhope, Daniel","0","132","4",,"69","1 mins 30.56s","90.56","0.85","68","7","3","All Weather","5.8624683312008","2.04224797983948","3","3","1540","0","Handicap","close up, ridden and headway 2f out, chased winner inside final furlong, lost 2nd final strides","3","Inside","Left Handed",,"6","3","Invincible Spirit (IRE)","Fibresand","385",
"2013-02-10","16:50:00","Southwell","&pound;50 Free Bet At coral.co.uk Handicap ","4yo+","Class 5",,"7f ","2588","Standard To Slow","10","4th","2.5","Mazovian (USA)","4","Chapman, M C","5","Galligan, G J","7","124","12",,"68","1 mins 30.56s","90.56","3.35","68","7","4","All Weather","14.3503180386858","3.99226393380966","3","3","1540","0","Handicap","raced wide towards rear, ridden over 2f out, kept on final furlong, not reach leaders","6","Inside","Left Handed",,"5","51","E Dubai (USA)","Fibresand","192",
"2013-02-10","16:50:00","Southwell","&pound;50 Free Bet At coral.co.uk Handicap ","4yo+","Class 5",,"7f ","2588","Standard To Slow","10","5th","2.5","Bassett Road (IRE)","9","Dalgleish, Keith","5","Fanning, Joe","0","132","7",,"69","1 mins 30.56s","90.56","5.85","68","7","5","All Weather","7.96830452551599","3.29751641214738","3","3","1540","0","Handicap","took keen hold, close up, ridden and headway to chase winner over 1f out, no extra inside final furlong","4","Inside","Left Handed","CkPc","16","21","Byron","Fibresand","0",
"2013-02-10","16:50:00","Southwell","&pound;50 Free Bet At coral.co.uk Handicap ","4yo+","Class 5",,"7f ","2588","Standard To Slow","10","6th","1.75","Royal Holiday (IRE)","3","Fife, Mrs Marjorie","6","Sullivan, James P","0","128","5",,"65","1 mins 30.56s","90.56","7.6","68","7","6","All Weather","8.63046757160206","2.39154647332248","3","3","1540","0","Handicap","pushed along to press winner, ridden halfway, weakened over 1f out","9","Inside","Left Handed","CkPc","28","28","Captain Rio","Fibresand","0",
"2013-02-10","16:50:00","Southwell","&pound;50 Free Bet At coral.co.uk Handicap ","4yo+","Class 5",,"7f ","2588","Standard To Slow","10","7th","1.5","Caramelita","7","Jenkins, J R","6","Lee, G","0","131","10",,"68","1 mins 30.56s","90.56","9.1","68","7","7","All Weather","17.6943467293412","4.24744081923514","3","3","1540","0","Handicap","raced wide towards rear, effort 3f out, weakened over 1f out","5","Inside","Left Handed","Vsor","30","45","Deportivo","Fibresand","0",
"2013-02-10","16:50:00","Southwell","&pound;50 Free Bet At coral.co.uk Handicap ","4yo+","Class 5",,"7f ","2588","Standard To Slow","10","8th","SH","Final Drive (IRE)","2","Butler, John","7","Keniry, L P","0","128","33",,"65","1 mins 30.56s","90.56","9.15","68","7","8","All Weather","67.07866984","13.5","3","3","1540","0","Handicap","soon outpaced and behind","7","Inside","Left Handed","CkPc TT","11","45","Viking Ruler (AUS)","Fibresand","0",
"2013-02-10","16:50:00","Southwell","&pound;50 Free Bet At coral.co.uk Handicap ","4yo+","Class 5",,"7f ","2588","Standard To Slow","10","9th","2.5","Desert Strike","10","Dore, C R","7","Turner, Hayley","0","133","33",,"70","1 mins 30.56s","90.56","11.65","68","7","9","All Weather","85","15.734217746","3","3","1540","0","Handicap","taken to post early, tracked leaders, chased winner 3f out, soon ridden, weakened over 1f out","1","Inside","Left Handed","CkPc","9","110","Bertolini (USA)","Fibresand",,
"2013-02-10","16:50:00","Southwell","&pound;50 Free Bet At coral.co.uk Handicap ","4yo+","Class 5",,"7f ","2588","Standard To Slow","10","10th","NK","Victorian Bounty","5","Newcombe, A G","8","Carson, William","0","128","20",,"65","1 mins 30.56s","90.56","11.8","68","7","10","All Weather","34.790885357","6.8","3","3","1540","0","Handicap","soon pushed along in rear, never on terms","8","Inside","Left Handed",,"29","51","Bahamian Bounty","Fibresand",,
