time,track,number_of_runners,horse_name,todayweight,todayjclaim,lastwinweight,lastwinclaim,weightlr,weight2,weight3,weight4,weight5,weight6,weight7,weight8,weight9,weight10,jclaimlr,jclaim2,jclaim3,jclaim4,jclaim5,jclaim6,jclaim7,jclaim8,jclaim9,jclaim10,minlr,min2,min3,min4,min5,min6,min7,min8,min9,min10,avglr,avg2,avg3,avg4,avg5,avg6,avg7,avg8,avg9,avg10,maxlr,max2,max3,max4,max5,max6,max7,max8,max9,max10,winlr,win2,win3,win4,win5,win6,win7,win8,win9,win10,placing1,placing2,placing3,placing4,placing5,placing6,placing7,placing8,placing9,placing10,runnerslr,runners2,runners3,runners4,runners5,runners6,runners7,runners8,runners9,runners10,racetypelr,racetype2,racetype3,racetype4,racetype5,racetype6,racetype7,racetype8,racetype9,racetype10,prize1,prize2,prize3,prize4,prize5,prize6,prize7,prize8,prize9,prize10,maxwinningweight,max3yrwinningweight,
"14:10:00","Hereford","4","Burrows Park (FR)","152","3","0","0","160","150","152","155","163","0","0","0","0","0","5","0","0","7","0","0","0","0","0","0","151","150","149","149","146",,,,,,"163","159","156","154","156",,,,,,"168","166","162","161","163",,,,,,"165","155","149","150","157",,,,,,"7","4","6","5","6","0","0","0","0","0","12","6","9","7","10","0","0","0","0","0","Handicap Novices Chase (N Hunt)","Handicap Novices Chase (N Hunt)","Handicap Novices Chase (N Hunt)","Handicap Novices Chase (N Hunt)","Handicap Novices Chase (N Hunt)","n/a","n/a","n/a","n/a","n/a","12358","8768","9803","7018","7018","0","0","0","0","0","0","0",
"14:10:00","Hereford","4","Innisfree Lad (IRE)","166","0","160","0","167","165","160","163","160","159","164","166","157","163","0","0","0","0","0","0","0","0","7","3","145","156","155","148","148","149","141","145","155","156","157","163","159","159","159","160","156","159","157","160","167","168","169","168","167","168","164","166","160","163","145","165","160","168","158","163","151","145","156","161","6","3","1","5","10","7","PU","5","3","2","6","5","7","7","19","7","13","20","4","5","Handicap Chase (N Hunt)","Handicap Chase (N Hunt)","Handicap Chase (N Hunt)","Handicap Chase (N Hunt)","Handicap Chase (N Hunt)","Handicap Chase (N Hunt)","Handicap Chase (N Hunt)","Handicap Chase (N Hunt)","Handicap Chase (N Hunt)","Handicap Chase (N Hunt)","4753","7922","4859","5809","9934","6889","15843","10562","12146","6865","170","170",
"14:10:00","Hereford","4","Southern Sam","168","0","168","0","168","168","170","153","168","165","168","168","153","0","0","0","0","0","0","0","0","0","0","0","147","153","141","153","145","156","164","149","150",,"159","162","156","158","159","161","166","161","156",,"168","168","170","165","168","165","168","168","162",,"155","168","167","159","157","163","166","166","150",,"3","1","3","PU","2","2","2","3","3","0","6","6","9","9","9","5","5","8","11","0","Handicap Chase (N Hunt)","Handicap Novices Chase (N Hunt)","Handicap Chase (N Hunt)","Handicap Chase (N Hunt)","Handicap Chase (N Hunt)","Handicap Chase (N Hunt)","Handicap Novices Chase (N Hunt)","Handicap Novices Chase (N Hunt)","Handicap Novices Chase (N Hunt)","n/a","4700","6337","4225","9242","7077","3867","5773","3594","16245","0","168","168",
"14:10:00","Hereford","4","Volcano (FR)","166","0","158","0","142","142","142","153","155","158","146","142","142","150","0","0","0","0","0","0","7","0","0","0","142","135","139","153","153","154","142","142","142","145","155","148","147","158","158","161","156","154","154","159","164","168","167","162","165","168","167","168","168","169","144","148","152","159","159","158","142","164","168","161","PU","12","5","2","PU","1","4","5","2","3","14","13","13","5","9","10","6","13","9","7","Handicap Chase (N Hunt)","Handicap Chase (N Hunt)","Handicap Chase (N Hunt)","Handicap Chase (N Hunt)","Handicap Chase (N Hunt)","Handicap Chase (N Hunt)","Handicap Chase (N Hunt)","Handicap Chase (N Hunt)","Handicap Chase (N Hunt)","Handicap Chase (N Hunt)","56950","20812","18210","8714","9242","7922","7450","56950","10674","10130","163","163",
"14:40:00","Hereford","10","Don Virginia (FR)","154","0","0","0","0","0","0","0","0","0","0","0","0","0","0","0","0","0","0","0","0","0","0","0",,,,,,,,,,,,,,,,,,,,,,,,,,,,,,,,,,,,,,,,,"0","0","0","0","0","0","0","0","0","0","0","0","0","0","0","0","0","0","0","0","n/a","n/a","n/a","n/a","n/a","n/a","n/a","n/a","n/a","n/a","0","0","0","0","0","0","0","0","0","0","0","0",
"14:40:00","Hereford","10","Gold For Alec (FR)","154","0","0","0","0","0","0","0","0","0","0","0","0","0","0","0","0","0","0","0","0","0","0","0",,,,,,,,,,,,,,,,,,,,,,,,,,,,,,,,,,,,,,,,,"0","0","0","0","0","0","0","0","0","0","0","0","0","0","0","0","0","0","0","0","n/a","n/a","n/a","n/a","n/a","n/a","n/a","n/a","n/a","n/a","0","0","0","0","0","0","0","0","0","0","0","0",
"14:40:00","Hereford","10","Jewel Eyed Judy","147","0","0","0","0","0","0","0","0","0","0","0","0","0","0","0","0","0","0","0","0","0","0","0",,,,,,,,,,,,,,,,,,,,,,,,,,,,,,,,,,,,,,,,,"0","0","0","0","0","0","0","0","0","0","0","0","0","0","0","0","0","0","0","0","n/a","n/a","n/a","n/a","n/a","n/a","n/a","n/a","n/a","n/a","0","0","0","0","0","0","0","0","0","0","0","0",
"14:40:00","Hereford","10","Kalif Dairy (FR)","154","0","0","0","154","0","0","0","0","0","0","0","0","0","0","0","0","0","0","0","0","0","0","0","147",,,,,,,,,,"154",,,,,,,,,,"161",,,,,,,,,,"161",,,,,,,,,,"3","0","0","0","0","0","0","0","0","0","8","0","0","0","0","0","0","0","0","0","Hurdle (N Hunt)","n/a","n/a","n/a","n/a","n/a","n/a","n/a","n/a","n/a","5446","0","0","0","0","0","0","0","0","0","0","0",
"14:40:00","Hereford","10","Kel Du Large (FR)","154","0","0","0","0","0","0","0","0","0","0","0","0","0","0","0","0","0","0","0","0","0","0","0",,,,,,,,,,,,,,,,,,,,,,,,,,,,,,,,,,,,,,,,,"0","0","0","0","0","0","0","0","0","0","0","0","0","0","0","0","0","0","0","0","n/a","n/a","n/a","n/a","n/a","n/a","n/a","n/a","n/a","n/a","0","0","0","0","0","0","0","0","0","0","0","0",
"14:40:00","Hereford","10","My Mate Polly","147","3","0","0","0","0","0","0","0","0","0","0","0","0","0","0","0","0","0","0","0","0","0","0",,,,,,,,,,,,,,,,,,,,,,,,,,,,,,,,,,,,,,,,,"0","0","0","0","0","0","0","0","0","0","0","0","0","0","0","0","0","0","0","0","n/a","n/a","n/a","n/a","n/a","n/a","n/a","n/a","n/a","n/a","0","0","0","0","0","0","0","0","0","0","0","0",
"14:40:00","Hereford","10","Raise Your Glass","147","0","0","0","149","0","0","0","0","0","0","0","0","0","5","0","0","0","0","0","0","0","0","0","149",,,,,,,,,,"153",,,,,,,,,,"161",,,,,,,,,,"154",,,,,,,,,,"6","0","0","0","0","0","0","0","0","0","7","0","0","0","0","0","0","0","0","0","Hurdle (N Hunt)","n/a","n/a","n/a","n/a","n/a","n/a","n/a","n/a","n/a","4753","0","0","0","0","0","0","0","0","0","0","0",
"14:40:00","Hereford","10","Simply Belle","147","0","0","0","0","0","0","0","0","0","0","0","0","0","0","0","0","0","0","0","0","0","0","0",,,,,,,,,,,,,,,,,,,,,,,,,,,,,,,,,,,,,,,,,"0","0","0","0","0","0","0","0","0","0","0","0","0","0","0","0","0","0","0","0","n/a","n/a","n/a","n/a","n/a","n/a","n/a","n/a","n/a","n/a","0","0","0","0","0","0","0","0","0","0","0","0",
"14:40:00","Hereford","10","Square Du Roule (FR)","154","0","0","0","0","0","0","0","0","0","0","0","0","0","0","0","0","0","0","0","0","0","0","0",,,,,,,,,,,,,,,,,,,,,,,,,,,,,,,,,,,,,,,,,"0","0","0","0","0","0","0","0","0","0","0","0","0","0","0","0","0","0","0","0","n/a","n/a","n/a","n/a","n/a","n/a","n/a","n/a","n/a","n/a","0","0","0","0","0","0","0","0","0","0","0","0",
"14:40:00","Hereford","10","Wonderful Delight (GER)","154","5","0","0","0","0","0","0","0","0","0","0","0","0","0","0","0","0","0","0","0","0","0","0",,,,,,,,,,,,,,,,,,,,,,,,,,,,,,,,,,,,,,,,,"0","0","0","0","0","0","0","0","0","0","0","0","0","0","0","0","0","0","0","0","n/a","n/a","n/a","n/a","n/a","n/a","n/a","n/a","n/a","n/a","0","0","0","0","0","0","0","0","0","0","0","0",
"15:10:00","Hereford","11","Coco Brave (IRE)","160","0","0","0","160","0","0","0","0","0","0","0","0","0","0","0","0","0","0","0","0","0","0","0","157",,,,,,,,,,"159",,,,,,,,,,"160",,,,,,,,,,"160",,,,,,,,,,"3","0","0","0","0","0","0","0","0","0","8","0","0","0","0","0","0","0","0","0","Maiden Hurdle (N Hunt)","n/a","n/a","n/a","n/a","n/a","n/a","n/a","n/a","n/a","4084","0","0","0","0","0","0","0","0","0","0","0",
"15:10:00","Hereford","11","Diva B","148","0","0","0","0","0","0","0","0","0","0","0","0","0","0","0","0","0","0","0","0","0","0","0",,,,,,,,,,,,,,,,,,,,,,,,,,,,,,,,,,,,,,,,,"0","0","0","0","0","0","0","0","0","0","0","0","0","0","0","0","0","0","0","0","n/a","n/a","n/a","n/a","n/a","n/a","n/a","n/a","n/a","n/a","0","0","0","0","0","0","0","0","0","0","0","0",
"15:10:00","Hereford","11","Dromlac Jury (IRE)","160","0","0","0","152","158","0","0","0","0","0","0","0","0","0","0","0","0","0","0","0","0","0","0","152","155",,,,,,,,,"159","158",,,,,,,,,"166","158",,,,,,,,,"166","158",,,,,,,,,"4","PU","0","0","0","0","0","0","0","0","12","12","0","0","0","0","0","0","0","0","Novices Hurdle (N Hunt)","Maiden Hurdle (N Hunt)","n/a","n/a","n/a","n/a","n/a","n/a","n/a","n/a","4084","4193","0","0","0","0","0","0","0","0","0","0",
"15:10:00","Hereford","11","I Didnt Cost Alot","160","3","0","0","0","0","0","0","0","0","0","0","0","0","0","0","0","0","0","0","0","0","0","0",,,,,,,,,,,,,,,,,,,,,,,,,,,,,,,,,,,,,,,,,"0","0","0","0","0","0","0","0","0","0","0","0","0","0","0","0","0","0","0","0","n/a","n/a","n/a","n/a","n/a","n/a","n/a","n/a","n/a","n/a","0","0","0","0","0","0","0","0","0","0","0","0",
"15:10:00","Hereford","11","Ici La Reine (IRE)","160","0","0","0","159","156","0","0","0","0","0","0","0","0","0","0","0","0","0","0","0","0","0","0","159","155",,,,,,,,,"160","156",,,,,,,,,"166","156",,,,,,,,,"166","156",,,,,,,,,"5","5","0","0","0","0","0","0","0","0","9","13","0","0","0","0","0","0","0","0","Novices Hurdle (N Hunt)","Maiden Hurdle (N Hunt)","n/a","n/a","n/a","n/a","n/a","n/a","n/a","n/a","4221","4357","0","0","0","0","0","0","0","0","0","0",
"15:10:00","Hereford","11","Janworth","160","0","0","0","156","0","0","0","0","0","0","0","0","0","0","0","0","0","0","0","0","0","0","0","149",,,,,,,,,,"155",,,,,,,,,,"156",,,,,,,,,,"156",,,,,,,,,,"7","0","0","0","0","0","0","0","0","0","12","0","0","0","0","0","0","0","0","0","Novices Hurdle (N Hunt)","n/a","n/a","n/a","n/a","n/a","n/a","n/a","n/a","n/a","4066","0","0","0","0","0","0","0","0","0","0","0",
"15:10:00","Hereford","11","Lady Pretender (FR)","160","0","0","0","0","0","0","0","0","0","0","0","0","0","0","0","0","0","0","0","0","0","0","0",,,,,,,,,,,,,,,,,,,,,,,,,,,,,,,,,,,,,,,,,"0","0","0","0","0","0","0","0","0","0","0","0","0","0","0","0","0","0","0","0","n/a","n/a","n/a","n/a","n/a","n/a","n/a","n/a","n/a","n/a","0","0","0","0","0","0","0","0","0","0","0","0",
"15:10:00","Hereford","11","Largy Force (IRE)","160","0","0","0","0","0","0","0","0","0","0","0","0","0","0","0","0","0","0","0","0","0","0","0",,,,,,,,,,,,,,,,,,,,,,,,,,,,,,,,,,,,,,,,,"0","0","0","0","0","0","0","0","0","0","0","0","0","0","0","0","0","0","0","0","n/a","n/a","n/a","n/a","n/a","n/a","n/a","n/a","n/a","n/a","0","0","0","0","0","0","0","0","0","0","0","0",
"15:10:00","Hereford","11","Mavis Pike","160","0","0","0","156","0","0","0","0","0","0","0","0","0","0","0","0","0","0","0","0","0","0","0","149",,,,,,,,,,"155",,,,,,,,,,"156",,,,,,,,,,"156",,,,,,,,,,"5","0","0","0","0","0","0","0","0","0","12","0","0","0","0","0","0","0","0","0","Novices Hurdle (N Hunt)","n/a","n/a","n/a","n/a","n/a","n/a","n/a","n/a","n/a","4066","0","0","0","0","0","0","0","0","0","0","0",
"15:10:00","Hereford","11","Mighty Moth (IRE)","160","0","0","0","154","147","0","0","0","0","0","0","0","0","0","0","0","0","0","0","0","0","0","0","154","147",,,,,,,,,"155","153",,,,,,,,,"157","160",,,,,,,,,"157","154",,,,,,,,,"5","3","0","0","0","0","0","0","0","0","6","12","0","0","0","0","0","0","0","0","Novices Hurdle (N Hunt)","Novices Hurdle (N Hunt)","n/a","n/a","n/a","n/a","n/a","n/a","n/a","n/a","20804","7624","0","0","0","0","0","0","0","0","0","0",
"15:10:00","Hereford","11","Nan Brady (IRE)","160","5","0","0","0","0","0","0","0","0","0","0","0","0","0","0","0","0","0","0","0","0","0","0",,,,,,,,,,,,,,,,,,,,,,,,,,,,,,,,,,,,,,,,,"0","0","0","0","0","0","0","0","0","0","0","0","0","0","0","0","0","0","0","0","n/a","n/a","n/a","n/a","n/a","n/a","n/a","n/a","n/a","n/a","0","0","0","0","0","0","0","0","0","0","0","0",
"15:40:00","Hereford","5","Abingworth","155","3","168","0","159","168","158","163","0","0","0","0","0","0","3","0","5","5","0","0","0","0","0","0","139","135","146","142",,,,,,,"157","151","162","158",,,,,,,"164","168","168","167",,,,,,,"164","168","168","166",,,,,,,"2","1","2","4","0","0","0","0","0","0","6","11","8","5","0","0","0","0","0","0","Handicap Chase (N Hunt)","Handicap Chase (N Hunt)","Handicap Novices Chase (N Hunt)","Handicap Chase (N Hunt)","n/a","n/a","n/a","n/a","n/a","n/a","5281","5624","4225","3406","0","0","0","0","0","0","168","168",
"15:40:00","Hereford","5","Chance A Tune (FR)","156","7","0","0","162","0","0","0","0","0","0","0","0","0","7","0","0","0","0","0","0","0","0","0","139",,,,,,,,,,"157",,,,,,,,,,"164",,,,,,,,,,"164",,,,,,,,,,"4","0","0","0","0","0","0","0","0","0","6","0","0","0","0","0","0","0","0","0","Handicap Chase (N Hunt)","n/a","n/a","n/a","n/a","n/a","n/a","n/a","n/a","n/a","5281","0","0","0","0","0","0","0","0","0","0","0",
"15:40:00","Hereford","5","Fire Dancer (FR)","164","0","162","0","145","166","146","162","0","0","0","0","0","0","0","0","0","0","0","0","0","0","0","0","142","156","146","152",,,,,,,"155","162","159","159",,,,,,,"166","168","168","164",,,,,,,"155","156","168","162",,,,,,,"6","F","PU","1","0","0","0","0","0","0","8","5","11","7","0","0","0","0","0","0","Handicap Chase (N Hunt)","Handicap Novices Chase (N Hunt)","Handicap Novices Chase (N Hunt)","Handicap Novices Chase (N Hunt)","n/a","n/a","n/a","n/a","n/a","n/a","18210","6337","15609","6073","0","0","0","0","0","0","162","162",
"15:40:00","Hereford","5","Keep Running (FR)","169","0","168","0","151","168","166","168","0","0","0","0","0","0","0","0","0","0","0","0","0","0","0","0","149","146","158","153",,,,,,,"157","159","163","159",,,,,,,"165","168","168","168",,,,,,,"149","168","158","157",,,,,,,"PU","1","2","F","0","0","0","0","0","0","6","4","5","8","0","0","0","0","0","0","Handicap Novices Chase (N Hunt)","Handicap Novices Chase (N Hunt)","Handicap Novices Chase (N Hunt)","Handicap Novices Chase (N Hunt)","n/a","n/a","n/a","n/a","n/a","n/a","9105","6575","5545","6680","0","0","0","0","0","0","168","168",
"15:40:00","Hereford","5","Samtara","150","0","0","0","166","160","163","0","0","0","0","0","0","0","0","0","3","0","0","0","0","0","0","0","142","153","156",,,,,,,,"161","161","161",,,,,,,,"170","169","164",,,,,,,,"170","162","164",,,,,,,,"F","5","3","0","0","0","0","0","0","0","12","6","5","0","0","0","0","0","0","0","Handicap Chase (N Hunt)","Handicap Novices Chase (N Hunt)","Handicap Novices Chase (N Hunt)","n/a","n/a","n/a","n/a","n/a","n/a","n/a","9928","8169","5010","0","0","0","0","0","0","0","0","0",
"16:10:00","Hereford","7","Believe Jack (FR)","167","0","163","0","155","163","156","147","152","152","162","0","0","0","10","0","0","6","7","0","0","0","0","0","155","137","156","147","145","152","148",,,,"160","146","160","157","151","152","157",,,,"166","163","166","166","164","152","168",,,,"159","163","166","159","164","152","152",,,,"5","1","4","PU","4","1","2","0","0","0","5","7","4","11","10","9","17","0","0","0","Claimer Hurdle (N Hunt)","Handicap Seller Hurdle (N Hunt)","Handicap Hurdle (N Hunt)","Handicap Hurdle (N Hunt)","Novices Hurdle (N Hunt)","Novices Hurdle (N Hunt)","Maiden Hurdle (N Hunt)","n/a","n/a","n/a","4068","4225","4225","7922","4901","4084","5310","0","0","0","163","163",
"16:10:00","Hereford","7","Glengolly","157","0","0","0","156","159","161","0","0","0","0","0","0","0","0","0","0","0","0","0","0","0","0","0","144","152","154",,,,,,,,"153","160","160",,,,,,,,"161","166","161",,,,,,,,"144","166","161",,,,,,,,"4","6","PU","0","0","0","0","0","0","0","7","12","6","0","0","0","0","0","0","0","Novices Hurdle (N Hunt)","Novices Hurdle (N Hunt)","Maiden Hurdle (N Hunt)","n/a","n/a","n/a","n/a","n/a","n/a","n/a","7804","3697","10562","0","0","0","0","0","0","0","0","0",
"16:10:00","Hereford","7","Hallwood (FR)","167","0","161","0","160","161","161","164","0","0","0","0","0","0","0","0","0","0","0","0","0","0","0","0","142","154","149","161",,,,,,,"160","160","160","163",,,,,,,"168","161","161","164",,,,,,,"163","161","161","164",,,,,,,"PU","PU","1","7","0","0","0","0","0","0","11","14","10","10","0","0","0","0","0","0","Handicap Hurdle (N Hunt)","Novices Hurdle (N Hunt)","Maiden Hurdle (N Hunt)","Maiden Hurdle (N Hunt)","n/a","n/a","n/a","n/a","n/a","n/a","4225","56270","4629","4901","0","0","0","0","0","0","161","161",
"16:10:00","Hereford","7","In Dor (FR)","168","3","0","0","155","161","0","0","0","0","0","0","0","0","3","3","0","0","0","0","0","0","0","0","155","157",,,,,,,,,"157","163",,,,,,,,,"158","164",,,,,,,,,"158","164",,,,,,,,,"5","3","0","0","0","0","0","0","0","0","13","11","0","0","0","0","0","0","0","0","Maiden Hurdle (N Hunt)","Maiden Hurdle (N Hunt)","n/a","n/a","n/a","n/a","n/a","n/a","n/a","n/a","4955","4901","0","0","0","0","0","0","0","0","0","0",
"16:10:00","Hereford","7","One Eye On Vegas","155","0","161","0","161","161","154","154","154","0","0","0","0","0","0","0","0","0","0","0","0","0","0","0","135","142","144","142","147",,,,,,"153","153","153","151","152",,,,,,"166","166","161","161","154",,,,,,"161","144","161","154","151",,,,,,"1","5","7","7","6","0","0","0","0","0","12","12","10","14","10","0","0","0","0","0","Handicap Novices Hurdle (N Hunt)","Handicap Hurdle (N Hunt)","Novices Hurdle (N Hunt)","Novices Hurdle (N Hunt)","Novices Hurdle (N Hunt)","n/a","n/a","n/a","n/a","n/a","3512","3169","4225","4084","4901","0","0","0","0","0","161","161",
"16:10:00","Hereford","7","Owl Of Athens (IRE)","148","3","0","0","154","156","151","0","0","0","0","0","0","0","3","3","3","0","0","0","0","0","0","0","144","152","140",,,,,,,,"153","159","151",,,,,,,,"157","166","154",,,,,,,,"157","152","154",,,,,,,,"5","8","7","0","0","0","0","0","0","0","11","11","14","0","0","0","0","0","0","0","Novices Hurdle (N Hunt)","Novices Hurdle (N Hunt)","Novices Hurdle (N Hunt)","n/a","n/a","n/a","n/a","n/a","n/a","n/a","3812","4955","4955","0","0","0","0","0","0","0","0","0",
"16:10:00","Hereford","7","Sammys Guarantee","169","0","151","0","151","151","149","152","0","0","0","0","0","0","0","0","0","0","0","0","0","0","0","0","148","151","142","147",,,,,,,"156","156","153","153",,,,,,,"165","158","163","154",,,,,,,"151","158","163","154",,,,,,,"1","9","6","7","0","0","0","0","0","0","14","15","11","16","0","0","0","0","0","0","Novices Hurdle (N Hunt)","Maiden Hurdle (N Hunt)","Novices Hurdle (N Hunt)","Novices Hurdle (N Hunt)","n/a","n/a","n/a","n/a","n/a","n/a","4193","3812","4955","4901","0","0","0","0","0","0","151","151",
"16:40:00","Hereford","12","Awesome Foursome","161","7","166","0","155","163","160","156","166","157","167","167","158","150","8","0","5","0","0","0","0","0","3","5","153","142","137","150","138","142","137","146","140","145","160","155","152","157","154","156","152","158","157","153","167","165","168","162","166","163","167","168","168","160","162","165","168","162","166","163","143","158","142","160","2","5","6","2","1","5","12","2","7","7","7","11","7","4","12","5","17","6","13","14","Handicap Novices Hurdle (N Hunt)","Handicap Novices Hurdle (N Hunt)","Handicap Hurdle (N Hunt)","Handicap Novices Hurdle (N Hunt)","Handicap Hurdle (N Hunt)","Handicap Hurdle (N Hunt)","Handicap Novices Hurdle (N Hunt)","Handicap Hurdle (N Hunt)","Handicap Hurdle (N Hunt)","Novices Hurdle (N Hunt)","3248","3169","3406","4753","4753","4225","3406","4225","4330","3961","166","166",
"16:40:00","Hereford","12","Ballynaheer (IRE)","155","0","0","0","168","164","158","158","0","0","0","0","0","0","0","0","0","0","0","0","0","0","0","0","146","164","151","148",,,,,,,"157","164","156","156",,,,,,,"168","164","158","158",,,,,,,"164","164","158","158",,,,,,,"3","5","13","7","0","0","0","0","0","0","9","7","15","12","0","0","0","0","0","0","Handicap Novices Hurdle (N Hunt)","Maiden Hurdle (N Hunt)","Maiden Hurdle (N Hunt)","Maiden Hurdle (N Hunt)","n/a","n/a","n/a","n/a","n/a","n/a","3248","4357","3812","4357","0","0","0","0","0","0","0","0",
"16:40:00","Hereford","12","Bertie B","166","0","0","0","165","161","163","167","156","159","150","0","0","0","3","3","0","3","3","3","3","0","0","0","142","151","148","139","149","152","147",,,,"156","162","159","156","158","160","153",,,,"167","168","165","168","166","162","161",,,,"167","160","155","168","166","162","152",,,,"3","7","PU","3","5","13","6","0","0","0","10","10","10","11","12","15","13","0","0","0","Handicap Novices Hurdle (N Hunt)","Handicap Hurdle (N Hunt)","Handicap Hurdle (N Hunt)","Handicap Hurdle (N Hunt)","Novices Hurdle (N Hunt)","Maiden Hurdle (N Hunt)","Novices Hurdle (N Hunt)","n/a","n/a","n/a","3406","5281","4225","3750","4753","4901","4901","0","0","0","0","0",
"16:40:00","Hereford","12","Captain Wallace (IRE)","149","0","0","0","154","154","158","0","0","0","0","0","0","0","0","0","0","0","0","0","0","0","0","0","144","154","154",,,,,,,,"154","155","157",,,,,,,,"161","160","158",,,,,,,,"161","154","158",,,,,,,,"8","9","6","0","0","0","0","0","0","0","13","12","9","0","0","0","0","0","0","0","Novices Hurdle (N Hunt)","Novices Hurdle (N Hunt)","Maiden Hurdle (N Hunt)","n/a","n/a","n/a","n/a","n/a","n/a","n/a","4520","6535","4357","0","0","0","0","0","0","0","0","0",
"16:40:00","Hereford","12","Iron Dex (FR)","162","0","0","0","158","166","158","158","158","153","156","0","0","0","0","0","0","0","0","0","0","0","0","0","148","132","156","151","151","153","151",,,,"161","152","157","156","156","154","156",,,,"168","167","158","158","158","159","158",,,,"164","163","158","158","158","153","156",,,,"2","6","11","2","7","2","3","0","0","0","7","13","11","8","14","13","10","0","0","0","Handicap Hurdle (N Hunt)","Handicap Hurdle (N Hunt)","Maiden Hurdle (N Hunt)","Maiden Hurdle (N Hunt)","Maiden Hurdle (N Hunt)","Novices Hurdle (N Hunt)","Maiden Hurdle (N Hunt)","n/a","n/a","n/a","4066","3406","6535","4805","4901","6535","3812","0","0","0","0","0",
"16:40:00","Hereford","12","Jack Sprat (IRE)","165","0","156","0","160","168","167","156","155","158","160","162","0","0","0","0","0","0","0","0","0","0","0","0","157","139","137","147","142","143","143","159",,,"164","153","151","154","155","154","156","161",,,"170","168","167","160","170","158","160","162",,,"165","167","162","156","170","158","160","162",,,"4","2","5","1","5","2","3","7","0","0","15","13","13","7","7","10","9","7","0","0","Handicap Hurdle (N Hunt)","Handicap Hurdle (N Hunt)","Handicap Hurdle (N Hunt)","Handicap Hurdle (N Hunt)","Handicap Novices Hurdle (N Hunt)","Maiden Hurdle (N Hunt)","Maiden Hurdle (N Hunt)","Maiden Hurdle (N Hunt)","n/a","n/a","3961","3406","4225","4357","4832","3961","4357","4901","0","0","156","156",
"16:40:00","Hereford","12","Just In A Bit","163","0","0","0","159","154","0","0","0","0","0","0","0","0","0","0","0","0","0","0","0","0","0","0","152","154",,,,,,,,,"160","157",,,,,,,,,"166","164",,,,,,,,,"166","160",,,,,,,,,"3","4","0","0","0","0","0","0","0","0","12","6","0","0","0","0","0","0","0","0","Novices Hurdle (N Hunt)","Novices Hurdle (N Hunt)","n/a","n/a","n/a","n/a","n/a","n/a","n/a","n/a","3697","4357","0","0","0","0","0","0","0","0","0","0",
"16:40:00","Hereford","12","Kooky (FR)","152","0","0","0","161","165","153","154","0","0","0","0","0","0","0","0","0","0","0","0","0","0","0","0","135","145","153","144",,,,,,,"153","154","154","149",,,,,,,"168","166","154","154",,,,,,,"166","161","154","144",,,,,,,"7","11","4","3","0","0","0","0","0","0","13","14","6","6","0","0","0","0","0","0","Handicap Hurdle (N Hunt)","Handicap Novices Hurdle (N Hunt)","Novices Hurdle (N Hunt)","Hurdle (N Hunt)","n/a","n/a","n/a","n/a","n/a","n/a","3248","4093","5991","4383","0","0","0","0","0","0","0","0",
"16:40:00","Hereford","12","Macs Legacy (IRE)","156","0","0","0","161","158","154","158","0","0","0","0","0","0","0","0","0","0","0","0","0","0","0","0","140","144","144","154",,,,,,,"153","156","152","157",,,,,,,"166","158","161","158",,,,,,,"153","158","161","158",,,,,,,"2","7","6","7","0","0","0","0","0","0","11","14","8","9","0","0","0","0","0","0","Handicap Novices Hurdle (N Hunt)","Maiden Hurdle (N Hunt)","Novices Hurdle (N Hunt)","Maiden Hurdle (N Hunt)","n/a","n/a","n/a","n/a","n/a","n/a","3248","4520","4357","4357","0","0","0","0","0","0","0","0",
"16:40:00","Hereford","12","Mako Of The Glade (FR)","168","0","0","0","159","0","0","0","0","0","0","0","0","0","0","0","0","0","0","0","0","0","0","0","146",,,,,,,,,,"156",,,,,,,,,,"166",,,,,,,,,,"156",,,,,,,,,,"6","0","0","0","0","0","0","0","0","0","6","0","0","0","0","0","0","0","0","0","Novices Hurdle (N Hunt)","n/a","n/a","n/a","n/a","n/a","n/a","n/a","n/a","n/a","4357","0","0","0","0","0","0","0","0","0","0","0",
"16:40:00","Hereford","12","Mister Barclay","156","0","0","0","159","148","155","153","161","156","154","0","0","0","0","0","0","0","0","0","0","0","0","0","135","144","139","135","151","146","142",,,,"154","157","155","150","159","155","151",,,,"168","167","168","168","161","162","154",,,,"135","161","168","138","161","162","154",,,,"3","2","7","3","6","6","PU","0","0","0","9","12","15","9","13","12","14","0","0","0","Handicap Hurdle (N Hunt)","Handicap Novices Hurdle (N Hunt)","Handicap Hurdle (N Hunt)","Handicap Novices Hurdle (N Hunt)","Maiden Hurdle (N Hunt)","Novices Hurdle (N Hunt)","Novices Hurdle (N Hunt)","n/a","n/a","n/a","3169","4225","3406","3406","4753","5203","3540","0","0","0","0","0",
"16:40:00","Hereford","12","Myfanwys Magic","167","0","0","0","154","144","144","156","0","0","0","0","0","0","10","10","10","0","0","0","0","0","0","0","139","142","142","144",,,,,,,"157","150","151","153",,,,,,,"170","154","161","156",,,,,,,"165","154","154","155",,,,,,,"4","5","2","6","0","0","0","0","0","0","9","15","14","16","0","0","0","0","0","0","Handicap Hurdle (N Hunt)","Novices Hurdle (N Hunt)","Novices Hurdle (N Hunt)","Novices Hurdle (N Hunt)","n/a","n/a","n/a","n/a","n/a","n/a","4066","4901","4084","4901","0","0","0","0","0","0","0","0",
"17:10:00","Hereford","6","Celtic Sea (IRE)","156","3","0","0","153","0","0","0","0","0","0","0","0","0","3","0","0","0","0","0","0","0","0","0","146",,,,,,,,,,"154",,,,,,,,,,"160",,,,,,,,,,"149",,,,,,,,,,"2","0","0","0","0","0","0","0","0","0","12","0","0","0","0","0","0","0","0","0","NH Flat (N Hunt)","n/a","n/a","n/a","n/a","n/a","n/a","n/a","n/a","n/a","3268","0","0","0","0","0","0","0","0","0","0","0",
"17:10:00","Hereford","6","Kally Des Bruyeres (FR)","144","0","0","0","0","0","0","0","0","0","0","0","0","0","0","0","0","0","0","0","0","0","0","0",,,,,,,,,,,,,,,,,,,,,,,,,,,,,,,,,,,,,,,,,"0","0","0","0","0","0","0","0","0","0","0","0","0","0","0","0","0","0","0","0","n/a","n/a","n/a","n/a","n/a","n/a","n/a","n/a","n/a","n/a","0","0","0","0","0","0","0","0","0","0","0","0",
"17:10:00","Hereford","6","Laddie Cooper Mia (IRE)","142","0","0","0","0","0","0","0","0","0","0","0","0","0","0","0","0","0","0","0","0","0","0","0",,,,,,,,,,,,,,,,,,,,,,,,,,,,,,,,,,,,,,,,,"0","0","0","0","0","0","0","0","0","0","0","0","0","0","0","0","0","0","0","0","n/a","n/a","n/a","n/a","n/a","n/a","n/a","n/a","n/a","n/a","0","0","0","0","0","0","0","0","0","0","0","0",
"17:10:00","Hereford","6","Ocean Walz (FR)","144","0","0","0","0","0","0","0","0","0","0","0","0","0","0","0","0","0","0","0","0","0","0","0",,,,,,,,,,,,,,,,,,,,,,,,,,,,,,,,,,,,,,,,,"0","0","0","0","0","0","0","0","0","0","0","0","0","0","0","0","0","0","0","0","n/a","n/a","n/a","n/a","n/a","n/a","n/a","n/a","n/a","n/a","0","0","0","0","0","0","0","0","0","0","0","0",
"17:10:00","Hereford","6","Twin Earth (IRE)","144","0","0","0","0","0","0","0","0","0","0","0","0","0","0","0","0","0","0","0","0","0","0","0",,,,,,,,,,,,,,,,,,,,,,,,,,,,,,,,,,,,,,,,,"0","0","0","0","0","0","0","0","0","0","0","0","0","0","0","0","0","0","0","0","n/a","n/a","n/a","n/a","n/a","n/a","n/a","n/a","n/a","n/a","0","0","0","0","0","0","0","0","0","0","0","0",
"17:10:00","Hereford","6","Were Red And Blue","144","0","0","0","0","0","0","0","0","0","0","0","0","0","0","0","0","0","0","0","0","0","0","0",,,,,,,,,,,,,,,,,,,,,,,,,,,,,,,,,,,,,,,,,"0","0","0","0","0","0","0","0","0","0","0","0","0","0","0","0","0","0","0","0","n/a","n/a","n/a","n/a","n/a","n/a","n/a","n/a","n/a","n/a","0","0","0","0","0","0","0","0","0","0","0","0",
"13:25:00","Naas","5","Bottlersecret (IRE)","154","0","0","0","0","0","0","0","0","0","0","0","0","0","0","0","0","0","0","0","0","0","0","0",,,,,,,,,,,,,,,,,,,,,,,,,,,,,,,,,,,,,,,,,"0","0","0","0","0","0","0","0","0","0","0","0","0","0","0","0","0","0","0","0","n/a","n/a","n/a","n/a","n/a","n/a","n/a","n/a","n/a","n/a","0","0","0","0","0","0","0","0","0","0","0","0",
"13:25:00","Naas","5","Churchwarden (IRE)","154","0","0","0","154","147","0","0","0","0","0","0","0","0","0","7","0","0","0","0","0","0","0","0","154","147",,,,,,,,,"155","154",,,,,,,,,"159","161",,,,,,,,,"159","161",,,,,,,,,"5","2","0","0","0","0","0","0","0","0","8","6","0","0","0","0","0","0","0","0","Hurdle (N Hunt)","Hurdle (N Hunt)","n/a","n/a","n/a","n/a","n/a","n/a","n/a","n/a","22780","4357","0","0","0","0","0","0","0","0","0","0",
"13:25:00","Naas","5","Pacini","154","0","154","0","158","154","154","154","0","0","0","0","0","0","0","0","0","0","0","0","0","0","0","0","151","144","144","142",,,,,,,"156","151","150","150",,,,,,,"161","154","154","154",,,,,,,"154","154","154","154",,,,,,,"3","1","4","5","0","0","0","0","0","0","5","10","12","13","0","0","0","0","0","0","Hurdle (N Hunt)","Maiden Hurdle (N Hunt)","Maiden Hurdle (N Hunt)","Maiden Hurdle (N Hunt)","n/a","n/a","n/a","n/a","n/a","n/a","8761","5575","6637","6637","0","0","0","0","0","0","154","154",
"13:25:00","Naas","5","Trustyourinstinct (IRE)","154","0","0","0","154","0","0","0","0","0","0","0","0","0","0","0","0","0","0","0","0","0","0","0","147",,,,,,,,,,"152",,,,,,,,,,"154",,,,,,,,,,"152",,,,,,,,,,"4","0","0","0","0","0","0","0","0","0","7","0","0","0","0","0","0","0","0","0","Hurdle (N Hunt)","n/a","n/a","n/a","n/a","n/a","n/a","n/a","n/a","n/a","9027","0","0","0","0","0","0","0","0","0","0","0",
"13:25:00","Naas","5","Wodhooh (FR)","154","0","159","0","159","154","153","147","141","0","0","0","0","0","0","0","0","0","0","0","0","0","0","0","154","154","143","134","136",,,,,,"155","154","149","143","147",,,,,,"159","157","156","154","154",,,,,,"159","154","153","147","141",,,,,,"1","1","1","1","1","0","0","0","0","0","10","9","7","6","6","0","0","0","0","0","Hurdle (N Hunt)","Hurdle (N Hunt)","Hurdle (N Hunt)","Hurdle (N Hunt)","Hurdle (N Hunt)","n/a","n/a","n/a","n/a","n/a","22780","25628","6106","7434","7965","0","0","0","0","0","159","159",
"13:55:00","Naas","25","Alpine Swift (IRE)","159","5","0","0","0","0","0","0","0","0","0","0","0","0","0","0","0","0","0","0","0","0","0","0",,,,,,,,,,,,,,,,,,,,,,,,,,,,,,,,,,,,,,,,,"0","0","0","0","0","0","0","0","0","0","0","0","0","0","0","0","0","0","0","0","n/a","n/a","n/a","n/a","n/a","n/a","n/a","n/a","n/a","n/a","0","0","0","0","0","0","0","0","0","0","0","0",
"13:55:00","Naas","25","Annamaymurt (IRE)","166","7","0","0","0","0","0","0","0","0","0","0","0","0","0","0","0","0","0","0","0","0","0","0",,,,,,,,,,,,,,,,,,,,,,,,,,,,,,,,,,,,,,,,,"0","0","0","0","0","0","0","0","0","0","0","0","0","0","0","0","0","0","0","0","n/a","n/a","n/a","n/a","n/a","n/a","n/a","n/a","n/a","n/a","0","0","0","0","0","0","0","0","0","0","0","0",
"13:55:00","Naas","25","Ballerina Boxer (IRE)","159","0","0","0","150","150","156","0","0","0","0","0","0","0","3","3","3","0","0","0","0","0","0","0","144","146","156",,,,,,,,"151","152","163",,,,,,,,"161","160","166",,,,,,,,"146","160","166",,,,,,,,"F","UR","7","0","0","0","0","0","0","0","15","15","18","0","0","0","0","0","0","0","Maiden Hurdle (N Hunt)","Maiden Hurdle (N Hunt)","Maiden Hurdle (N Hunt)","n/a","n/a","n/a","n/a","n/a","n/a","n/a","6903","6372","7168","0","0","0","0","0","0","0","0","0",
"13:55:00","Naas","25","Bossofthebus (IRE)","166","0","0","0","166","166","161","0","0","0","0","0","0","0","0","0","0","0","0","0","0","0","0","0","154","152","147",,,,,,,,"162","160","157",,,,,,,,"166","166","161",,,,,,,,"166","166","161",,,,,,,,"9","18","13","0","0","0","0","0","0","0","13","22","16","0","0","0","0","0","0","0","Maiden Hurdle (N Hunt)","Maiden Hurdle (N Hunt)","Maiden Hurdle (N Hunt)","n/a","n/a","n/a","n/a","n/a","n/a","n/a","6637","6637","6637","0","0","0","0","0","0","0","0","0",
"13:55:00","Naas","25","Camino Mission (IRE)","166","7","0","0","151","151","0","0","0","0","0","0","0","0","7","7","0","0","0","0","0","0","0","0","151","151",,,,,,,,,"159","155",,,,,,,,,"165","166",,,,,,,,,"165","166",,,,,,,,,"6","8","0","0","0","0","0","0","0","0","7","15","0","0","0","0","0","0","0","0","Novices Hurdle (N Hunt)","Maiden Hurdle (N Hunt)","n/a","n/a","n/a","n/a","n/a","n/a","n/a","n/a","7699","5310","0","0","0","0","0","0","0","0","0","0",
"13:55:00","Naas","25","Diamond Nora (IRE)","159","0","0","0","0","0","0","0","0","0","0","0","0","0","0","0","0","0","0","0","0","0","0","0",,,,,,,,,,,,,,,,,,,,,,,,,,,,,,,,,,,,,,,,,"0","0","0","0","0","0","0","0","0","0","0","0","0","0","0","0","0","0","0","0","n/a","n/a","n/a","n/a","n/a","n/a","n/a","n/a","n/a","n/a","0","0","0","0","0","0","0","0","0","0","0","0",
"13:55:00","Naas","25","Diamondfranticsoup (IRE)","166","3","0","0","0","0","0","0","0","0","0","0","0","0","0","0","0","0","0","0","0","0","0","0",,,,,,,,,,,,,,,,,,,,,,,,,,,,,,,,,,,,,,,,,"0","0","0","0","0","0","0","0","0","0","0","0","0","0","0","0","0","0","0","0","n/a","n/a","n/a","n/a","n/a","n/a","n/a","n/a","n/a","n/a","0","0","0","0","0","0","0","0","0","0","0","0",
"13:55:00","Naas","25","Fairyland Opera (IRE)","159","0","0","0","0","0","0","0","0","0","0","0","0","0","0","0","0","0","0","0","0","0","0","0",,,,,,,,,,,,,,,,,,,,,,,,,,,,,,,,,,,,,,,,,"0","0","0","0","0","0","0","0","0","0","0","0","0","0","0","0","0","0","0","0","n/a","n/a","n/a","n/a","n/a","n/a","n/a","n/a","n/a","n/a","0","0","0","0","0","0","0","0","0","0","0","0",
"13:55:00","Naas","25","Farrokh (FR)","166","0","0","0","151","158","0","0","0","0","0","0","0","0","3","3","0","0","0","0","0","0","0","0","149","147",,,,,,,,,"156","158",,,,,,,,,"161","166",,,,,,,,,"158","159",,,,,,,,,"10","10","0","0","0","0","0","0","0","0","14","17","0","0","0","0","0","0","0","0","Maiden Hurdle (N Hunt)","Maiden Hurdle (N Hunt)","n/a","n/a","n/a","n/a","n/a","n/a","n/a","n/a","5310","6372","0","0","0","0","0","0","0","0","0","0",
"13:55:00","Naas","25","Heidis Frontiere (IRE)","159","0","0","0","0","0","0","0","0","0","0","0","0","0","0","0","0","0","0","0","0","0","0","0",,,,,,,,,,,,,,,,,,,,,,,,,,,,,,,,,,,,,,,,,"0","0","0","0","0","0","0","0","0","0","0","0","0","0","0","0","0","0","0","0","n/a","n/a","n/a","n/a","n/a","n/a","n/a","n/a","n/a","n/a","0","0","0","0","0","0","0","0","0","0","0","0",
"13:55:00","Naas","25","Its Never Simple (IRE)","166","0","0","0","153","166","166","0","0","0","0","0","0","0","5","0","0","0","0","0","0","0","0","0","144","152","159",,,,,,,,"155","163","164",,,,,,,,"166","166","166",,,,,,,,"158","166","166",,,,,,,,"9","14","13","0","0","0","0","0","0","0","14","22","18","0","0","0","0","0","0","0","Maiden Hurdle (N Hunt)","Maiden Hurdle (N Hunt)","Maiden Hurdle (N Hunt)","n/a","n/a","n/a","n/a","n/a","n/a","n/a","5310","6638","6372","0","0","0","0","0","0","0","0","0",
"13:55:00","Naas","25","Manatee Du Brizais (FR)","166","0","0","0","0","0","0","0","0","0","0","0","0","0","0","0","0","0","0","0","0","0","0","0",,,,,,,,,,,,,,,,,,,,,,,,,,,,,,,,,,,,,,,,,"0","0","0","0","0","0","0","0","0","0","0","0","0","0","0","0","0","0","0","0","n/a","n/a","n/a","n/a","n/a","n/a","n/a","n/a","n/a","n/a","0","0","0","0","0","0","0","0","0","0","0","0",
"13:55:00","Naas","25","Minella Buddy (IRE)","166","7","0","0","0","0","0","0","0","0","0","0","0","0","0","0","0","0","0","0","0","0","0","0",,,,,,,,,,,,,,,,,,,,,,,,,,,,,,,,,,,,,,,,,"0","0","0","0","0","0","0","0","0","0","0","0","0","0","0","0","0","0","0","0","n/a","n/a","n/a","n/a","n/a","n/a","n/a","n/a","n/a","n/a","0","0","0","0","0","0","0","0","0","0","0","0",
"13:55:00","Naas","25","Mon Euil (FR)","166","0","0","0","158","166","0","0","0","0","0","0","0","0","0","0","0","0","0","0","0","0","0","0","144","159",,,,,,,,,"153","165",,,,,,,,,"158","166",,,,,,,,,"158","166",,,,,,,,,"9","6","0","0","0","0","0","0","0","0","14","10","0","0","0","0","0","0","0","0","Maiden Hurdle (N Hunt)","Maiden Hurdle (N Hunt)","n/a","n/a","n/a","n/a","n/a","n/a","n/a","n/a","5310","6637","0","0","0","0","0","0","0","0","0","0",
"13:55:00","Naas","25","Pen To Paper","166","0","0","0","0","0","0","0","0","0","0","0","0","0","0","0","0","0","0","0","0","0","0","0",,,,,,,,,,,,,,,,,,,,,,,,,,,,,,,,,,,,,,,,,"0","0","0","0","0","0","0","0","0","0","0","0","0","0","0","0","0","0","0","0","n/a","n/a","n/a","n/a","n/a","n/a","n/a","n/a","n/a","n/a","0","0","0","0","0","0","0","0","0","0","0","0",
"13:55:00","Naas","25","Pinky (IRE)","159","0","0","0","159","154","0","0","0","0","0","0","0","0","0","7","0","0","0","0","0","0","0","0","154","154",,,,,,,,,"164","158",,,,,,,,,"166","161",,,,,,,,,"166","154",,,,,,,,,"6","9","0","0","0","0","0","0","0","0","12","14","0","0","0","0","0","0","0","0","Maiden Hurdle (N Hunt)","Maiden Hurdle (N Hunt)","n/a","n/a","n/a","n/a","n/a","n/a","n/a","n/a","6637","6372","0","0","0","0","0","0","0","0","0","0",
"13:55:00","Naas","25","Rainbow Trail (FR)","166","0","0","0","166","0","0","0","0","0","0","0","0","0","0","0","0","0","0","0","0","0","0","0","159",,,,,,,,,,"164",,,,,,,,,,"166",,,,,,,,,,"166",,,,,,,,,,"7","0","0","0","0","0","0","0","0","0","9","0","0","0","0","0","0","0","0","0","Maiden Hurdle (N Hunt)","n/a","n/a","n/a","n/a","n/a","n/a","n/a","n/a","n/a","6637","0","0","0","0","0","0","0","0","0","0","0",
"13:55:00","Naas","25","Reve Inoui (IRE)","166","0","0","0","158","158","0","0","0","0","0","0","0","0","0","0","0","0","0","0","0","0","0","0","144","151",,,,,,,,,"156","156",,,,,,,,,"166","158",,,,,,,,,"166","158",,,,,,,,,"4","PU","0","0","0","0","0","0","0","0","11","8","0","0","0","0","0","0","0","0","Maiden Hurdle (N Hunt)","Maiden Hurdle (N Hunt)","n/a","n/a","n/a","n/a","n/a","n/a","n/a","n/a","5310","5575","0","0","0","0","0","0","0","0","0","0",
"13:55:00","Naas","25","San Aer (IRE)","166","0","0","0","166","166","151","0","0","0","0","0","0","0","0","0","5","0","0","0","0","0","0","0","152","152","149",,,,,,,,"163","163","152",,,,,,,,"166","166","156",,,,,,,,"166","166","156",,,,,,,,"19","15","16","0","0","0","0","0","0","0","22","23","18","0","0","0","0","0","0","0","Maiden Hurdle (N Hunt)","Maiden Hurdle (N Hunt)","Maiden Hurdle (N Hunt)","n/a","n/a","n/a","n/a","n/a","n/a","n/a","6637","7965","7965","0","0","0","0","0","0","0","0","0",
"13:55:00","Naas","25","Shoot The Blues","166","0","0","0","166","0","0","0","0","0","0","0","0","0","0","0","0","0","0","0","0","0","0","0","153",,,,,,,,,,"163",,,,,,,,,,"166",,,,,,,,,,"166",,,,,,,,,,"2","0","0","0","0","0","0","0","0","0","11","0","0","0","0","0","0","0","0","0","Maiden Hurdle (N Hunt)","n/a","n/a","n/a","n/a","n/a","n/a","n/a","n/a","n/a","6637","0","0","0","0","0","0","0","0","0","0","0",
"13:55:00","Naas","25","Shraheen (IRE)","166","0","0","0","161","0","0","0","0","0","0","0","0","0","5","0","0","0","0","0","0","0","0","0","159",,,,,,,,,,"164",,,,,,,,,,"166",,,,,,,,,,"159",,,,,,,,,,"5","0","0","0","0","0","0","0","0","0","9","0","0","0","0","0","0","0","0","0","Maiden Hurdle (N Hunt)","n/a","n/a","n/a","n/a","n/a","n/a","n/a","n/a","n/a","6637","0","0","0","0","0","0","0","0","0","0","0",
"13:55:00","Naas","25","Snegurochka (IRE)","159","0","0","0","161","159","0","0","0","0","0","0","0","0","0","0","0","0","0","0","0","0","0","0","154","144",,,,,,,,,"158","158",,,,,,,,,"161","166",,,,,,,,,"154","151",,,,,,,,,"7","9","0","0","0","0","0","0","0","0","14","16","0","0","0","0","0","0","0","0","Maiden Hurdle (N Hunt)","Maiden Hurdle (N Hunt)","n/a","n/a","n/a","n/a","n/a","n/a","n/a","n/a","6372","5575","0","0","0","0","0","0","0","0","0","0",
"13:55:00","Naas","25","Tounsivator (FR)","166","0","0","0","0","0","0","0","0","0","0","0","0","0","0","0","0","0","0","0","0","0","0","0",,,,,,,,,,,,,,,,,,,,,,,,,,,,,,,,,,,,,,,,,"0","0","0","0","0","0","0","0","0","0","0","0","0","0","0","0","0","0","0","0","n/a","n/a","n/a","n/a","n/a","n/a","n/a","n/a","n/a","n/a","0","0","0","0","0","0","0","0","0","0","0","0",
"13:55:00","Naas","25","Well Dressed (IRE)","159","0","0","0","161","0","0","0","0","0","0","0","0","0","0","0","0","0","0","0","0","0","0","0","154",,,,,,,,,,"159",,,,,,,,,,"161",,,,,,,,,,"161",,,,,,,,,,"4","0","0","0","0","0","0","0","0","0","11","0","0","0","0","0","0","0","0","0","Maiden Hurdle (N Hunt)","n/a","n/a","n/a","n/a","n/a","n/a","n/a","n/a","n/a","6637","0","0","0","0","0","0","0","0","0","0","0",
"13:55:00","Naas","25","Zhivotov (IRE)","166","0","0","0","0","0","0","0","0","0","0","0","0","0","0","0","0","0","0","0","0","0","0","0",,,,,,,,,,,,,,,,,,,,,,,,,,,,,,,,,,,,,,,,,"0","0","0","0","0","0","0","0","0","0","0","0","0","0","0","0","0","0","0","0","n/a","n/a","n/a","n/a","n/a","n/a","n/a","n/a","n/a","n/a","0","0","0","0","0","0","0","0","0","0","0","0",
"14:25:00","Naas","10","Battle It Out (IRE)","149","5","0","0","161","161","154","154","0","0","0","0","0","0","5","5","5","5","0","0","0","0","0","0","139","156","152","152",,,,,,,"157","163","158","157",,,,,,,"162","166","163","163",,,,,,,"162","166","159","163",,,,,,,"4","3","F","9","0","0","0","0","0","0","10","12","8","9","0","0","0","0","0","0","Handicap Chase (N Hunt)","Beginners Chase (N Hunt)","Novices Chase (N Hunt)","Novices Chase (N Hunt)","n/a","n/a","n/a","n/a","n/a","n/a","7965","7434","7965","8761","0","0","0","0","0","0","0","0",
"14:25:00","Naas","10","Coqolino (FR)","161","0","0","0","166","159","147","155","166","166","168","0","0","0","0","0","0","0","0","0","0","0","0","0","143","138","147","147","154","157","163",,,,"161","152","156","154","162","164","167",,,,"167","166","166","164","166","166","168",,,,"143","138","160","154","166","166","168",,,,"4","PU","3","F","6","5","4","0","0","0","7","12","8","6","7","12","18","0","0","0","Handicap Novices Chase (N Hunt)","Handicap Chase (N Hunt)","Handicap Chase (N Hunt)","Handicap Chase (N Hunt)","Beginners Chase (N Hunt)","Beginners Chase (N Hunt)","Beginners Chase (N Hunt)","n/a","n/a","n/a","8761","23894","23894","11150","6903","5841","8230","0","0","0","0","0",
"14:25:00","Naas","10","Evies Vladimir (IRE)","153","5","161","0","161","158","164","158","161","166","166","166","0","0","0","0","3","0","5","0","0","0","0","0","151","155","142","145","159","163","159","159",,,"158","159","155","157","163","166","163","164",,,"168","168","168","168","166","166","166","166",,,"161","158","156","158","159","166","161","166",,,"1","2","2","1","6","BD","9","6","0","0","6","9","13","10","9","6","12","13","0","0","Handicap Chase (N Hunt)","Handicap Chase (N Hunt)","Handicap Chase (N Hunt)","Handicap Chase (N Hunt)","Beginners Chase (N Hunt)","Beginners Chase (N Hunt)","Beginners Chase (N Hunt)","Beginners Chase (N Hunt)","n/a","n/a","5841","5841","5310","5575","6106","6106","7168","6106","0","0","161","161",
"14:25:00","Naas","10","Galon De Vauzelle (FR)","150","3","156","0","142","156","140","166","155","159","151","135","165","146","3","0","3","0","7","7","5","5","0","0","142","147","137","159","153","142","133","135","143","146","148","156","149","165","157","154","150","152","158","157","156","164","165","166","166","165","161","166","168","166","146","156","146","166","153","164","137","140","155","150","5","1","PU","PU","3","2","3","2","2","2","7","12","16","10","8","8","12","12","9","17","Handicap Novices Chase (N Hunt)","Handicap Chase (N Hunt)","Handicap Chase (N Hunt)","Beginners Chase (N Hunt)","Handicap Chase (N Hunt)","Handicap Chase (N Hunt)","Handicap Chase (N Hunt)","Handicap Novices Chase (N Hunt)","Handicap Chase (N Hunt)","Handicap Chase (N Hunt)","13202","10619","12418","7434","8230","6637","7699","31858","6106","8230","156","156",
"14:25:00","Naas","10","Hands Of Gold (IRE)","151","0","0","0","164","166","159","0","0","0","0","0","0","0","0","0","0","0","0","0","0","0","0","0","158","159","152",,,,,,,,"163","165","157",,,,,,,,"168","166","163",,,,,,,,"160","166","163",,,,,,,,"6","9","5","0","0","0","0","0","0","0","6","12","9","0","0","0","0","0","0","0","Novices Chase (N Hunt)","Beginners Chase (N Hunt)","Novices Chase (N Hunt)","n/a","n/a","n/a","n/a","n/a","n/a","n/a","9823","8230","8761","0","0","0","0","0","0","0","0","0",
"14:25:00","Naas","10","Kings Halo (IRE)","151","0","143","0","143","145","166","160","164","155","163","0","0","0","0","0","0","0","0","0","0","0","0","0","143","145","143","145","138","133","139",,,,"161","154","156","157","151","151","156",,,,"167","166","166","168","168","167","168",,,,"143","158","166","158","140","163","158",,,,"1","2","1","2","PU","2","9","0","0","0","7","7","12","10","12","13","11","0","0","0","Handicap Novices Chase (N Hunt)","Handicap Chase (N Hunt)","Handicap Chase (N Hunt)","Handicap Chase (N Hunt)","Handicap Chase (N Hunt)","Handicap Chase (N Hunt)","Handicap Chase (N Hunt)","n/a","n/a","n/a","8761","7965","5310","5575","5310","5575","5310","0","0","0","166","166",
"14:25:00","Naas","10","La Malmason (IRE)","165","0","169","0","166","169","159","159","159","0","0","0","0","0","0","0","0","0","0","0","0","0","0","0","133","148","159","159","152",,,,,,"153","159","163","164","163",,,,,,"166","169","166","166","166",,,,,,"133","169","166","166","166",,,,,,"4","1","3","UR","7","0","0","0","0","0","6","12","9","10","8","0","0","0","0","0","Handicap Chase (N Hunt)","Handicap Chase (N Hunt)","Beginners Chase (N Hunt)","Beginners Chase (N Hunt)","Beginners Chase (N Hunt)","n/a","n/a","n/a","n/a","n/a","15929","11618","5841","8230","7434","0","0","0","0","0","169","169",
"14:25:00","Naas","10","Percy Warner (IRE)","166","3","151","3","137","151","166","163","164","166","166","0","0","0","3","3","0","0","0","0","0","0","0","0","135","135","154","135","133","161","153",,,,"145","150","164","152","155","165","164",,,,"166","166","166","166","166","166","166",,,,"141","151","166","140","159","166","158",,,,"6","1","3","6","2","4","5","0","0","0","25","11","11","12","8","5","15","0","0","0","Handicap Chase (N Hunt)","Handicap Chase (N Hunt)","Beginners Chase (N Hunt)","Handicap Novices Chase (N Hunt)","Handicap Novices Chase (N Hunt)","Beginners Chase (N Hunt)","Beginners Chase (N Hunt)","n/a","n/a","n/a","79646","12212","6372","31858","8496","6903","8761","0","0","0","151","151",
"14:25:00","Naas","10","Shantreusse (IRE)","166","0","0","0","146","148","166","166","166","166","0","0","0","0","0","0","0","0","0","0","0","0","0","0","138","138","135","158","159","157",,,,,"154","149","152","163","165","164",,,,,"166","166","166","166","166","166",,,,,"157","146","140","161","159","166",,,,,"7","2","9","5","2","4","0","0","0","0","18","11","12","7","8","12","0","0","0","0","Handicap Chase (N Hunt)","Handicap Chase (N Hunt)","Handicap Novices Chase (N Hunt)","Beginners Chase (N Hunt)","Beginners Chase (N Hunt)","Beginners Chase (N Hunt)","n/a","n/a","n/a","n/a","53097","21239","31858","6903","6903","5841","0","0","0","0","0","0",
"14:25:00","Naas","10","Slip Of The Tongue (IRE)","161","0","0","0","161","150","158","166","166","166","166","0","0","0","5","0","7","0","0","0","0","0","0","0","143","143","135","159","159","166","153",,,,"161","154","152","165","164","166","164",,,,"167","166","166","166","166","166","166",,,,"143","166","140","166","166","166","158",,,,"5","7","8","3","3","F","4","0","0","0","7","14","12","16","5","4","15","0","0","0","Handicap Novices Chase (N Hunt)","Handicap Novices Chase (N Hunt)","Handicap Novices Chase (N Hunt)","Beginners Chase (N Hunt)","Beginners Chase (N Hunt)","Beginners Chase (N Hunt)","Beginners Chase (N Hunt)","n/a","n/a","n/a","8761","53097","31858","6637","8230","9293","8761","0","0","0","0","0",
"14:55:00","Naas","6","Ash Tree Meadow (FR)","164","0","158","0","158","137","166","159","150","166","161","154","160","0","0","7","0","0","0","0","0","0","0","0","158","135","158","156","147","142","145","154","153",,"160","146","163","158","154","153","155","157","158",,"161","166","166","159","163","166","164","160","160",,"158","137","163","159","161","166","161","154","160",,"1","1","2","2","4","1","1","1","3","0","2","22","7","5","21","5","6","5","4","0","Chase (N Hunt)","Handicap Chase (N Hunt)","Novices Chase (N Hunt)","Novices Chase (N Hunt)","Handicap Chase (N Hunt)","Novices Chase (N Hunt)","Handicap Novices Chase (N Hunt)","Novices Chase (N Hunt)","Novices Chase (N Hunt)","n/a","26549","143363","13008","15929","143362","8496","6317","7624","6903","0","166","166",
"14:55:00","Naas","6","Epson Du Houx (FR)","155","0","159","5","152","164","153","160","155","158","159","155","163","157","0","0","3","0","0","0","5","0","0","0","139","135","142","152","140","158","138","134","140","150","151","149","151","158","152","163","150","148","154","157","160","166","168","168","163","168","166","163","164","161","159","135","144","155","144","168","159","149","153","150","PU","8","18","6","3","2","1","6","3","F","20","10","29","19","11","4","8","19","15","8","Handicap Chase (N Hunt)","Handicap Chase (N Hunt)","Handicap Chase (N Hunt)","Handicap Chase (N Hunt)","Handicap Chase (N Hunt)","Chase (N Hunt)","Handicap Chase (N Hunt)","Handicap Chase (N Hunt)","Handicap Novices Chase (N Hunt)","Novices Chase (N Hunt)","53097","23894","84195","70338","42478","53097","11150","26549","21239","18584","168","159",
"14:55:00","Naas","6","Espanito Bello (FR)","155","0","158","5","163","152","158","150","163","158","159","168","168","168","0","5","5","5","0","0","0","0","0","0","138","133","140","140","138","143","152","161","161","161","154","145","152","152","150","153","158","167","167","167","166","166","166","166","164","164","159","168","168","168","157","155","158","162","156","148","159","168","168","168","UR","PU","1","5","PU","18","2","1","4","7","18","27","13","18","14","28","5","10","11","10","Handicap Chase (N Hunt)","Handicap Chase (N Hunt)","Handicap Chase (N Hunt)","Handicap Chase (N Hunt)","Handicap Chase (N Hunt)","Handicap Chase (N Hunt)","Novices Chase (N Hunt)","Beginners Chase (N Hunt)","Beginners Chase (N Hunt)","Beginners Chase (N Hunt)","53097","243363","53097","53097","21239","194690","18584","6637","6637","6637","168","158",
"14:55:00","Naas","6","Ferny Hollow (IRE)","155","0","168","0","168","168","0","0","0","0","0","0","0","0","0","0","0","0","0","0","0","0","0","0","155","155",,,,,,,,,"165","166",,,,,,,,,"168","168",,,,,,,,,"168","168",,,,,,,,,"1","1","0","0","0","0","0","0","0","0","6","15","0","0","0","0","0","0","0","0","Novices Chase (N Hunt)","Beginners Chase (N Hunt)","n/a","n/a","n/a","n/a","n/a","n/a","n/a","n/a","53097","6637","0","0","0","0","0","0","0","0","168","168",
"14:55:00","Naas","6","Ivar The Boneless (IRE)","155","0","0","0","157","157","0","0","0","0","0","0","0","0","0","0","0","0","0","0","0","0","0","0","153","152",,,,,,,,,"157","159",,,,,,,,,"160","166",,,,,,,,,"160","158",,,,,,,,,"5","7","0","0","0","0","0","0","0","0","5","8","0","0","0","0","0","0","0","0","Chase (N Hunt)","Novices Chase (N Hunt)","n/a","n/a","n/a","n/a","n/a","n/a","n/a","n/a","19912","9823","0","0","0","0","0","0","0","0","0","0",
"14:55:00","Naas","6","Rebel Gold (IRE)","162","0","155","0","158","161","155","166","144","151","151","145","153","147","5","0","0","0","0","3","0","0","7","0","137","151","155","144","140","133","140","133","134","133","151","159","155","155","152","149","152","146","146","149","166","168","155","166","163","159","166","166","166","166","150","168","155","162","144","153","140","166","148","133","5","6","1","5","1","2","5","8","3","6","11","6","6","12","11","13","11","13","10","17","Handicap Chase (N Hunt)","Chase (N Hunt)","Chase (N Hunt)","Handicap Chase (N Hunt)","Handicap Chase (N Hunt)","Handicap Chase (N Hunt)","Handicap Chase (N Hunt)","Handicap Chase (N Hunt)","Handicap Chase (N Hunt)","Handicap Chase (N Hunt)","53097","53097","14602","53097","42478","23894","23894","53097","23894","66372","168","155",
"15:25:00","Naas","17","American Money (IRE)","151","0","161","2","154","161","153","164","158","161","158","163","161","161","0","2","3","3","3","0","3","5","5","5","140","144","143","143","149","144","148","139","154","152","152","154","158","155","159","156","158","157","163","163","160","168","168","165","168","168","168","168","166","166","152","161","157","154","161","157","152","163","166","161","7","1","5","2","10","PU","5","1","6","7","14","18","17","18","19","20","15","22","22","12","Handicap Hurdle (N Hunt)","Handicap Hurdle (N Hunt)","Handicap Hurdle (N Hunt)","Handicap Hurdle (N Hunt)","Handicap Hurdle (N Hunt)","Handicap Hurdle (N Hunt)","Handicap Hurdle (N Hunt)","Handicap Hurdle (N Hunt)","Maiden Hurdle (N Hunt)","Maiden Hurdle (N Hunt)","9823","6903","7965","5575","6106","6106","5841","5575","6638","7965","163","163",
"15:25:00","Naas","17","Any Road (IRE)","165","3","163","3","159","165","163","0","0","0","0","0","0","0","3","3","3","0","0","0","0","0","0","0","157","153","150",,,,,,,,"159","162","159",,,,,,,,"160","168","164",,,,,,,,"157","158","163",,,,,,,,"4","9","1","0","0","0","0","0","0","0","6","11","12","0","0","0","0","0","0","0","Novices Hurdle (N Hunt)","Novices Hurdle (N Hunt)","Maiden Hurdle (N Hunt)","n/a","n/a","n/a","n/a","n/a","n/a","n/a","10619","7965","10619","0","0","0","0","0","0","0","163","163",
"15:25:00","Naas","17","Big Island (IRE)","149","0","159","0","142","143","166","167","165","152","147","160","149","159","5","5","0","0","0","7","5","0","0","0","142","143","139","158","154","141","146","150","145","145","153","155","154","164","160","152","153","159","153","157","166","166","166","168","165","164","163","164","166","168","147","159","152","159","158","141","149","161","159","159","2","PU","2","5","2","4","7","5","9","1","16","20","14","19","16","10","14","6","13","20","Handicap Hurdle (N Hunt)","Handicap Hurdle (N Hunt)","Handicap Hurdle (N Hunt)","Handicap Hurdle (N Hunt)","Handicap Hurdle (N Hunt)","Handicap Hurdle (N Hunt)","Handicap Hurdle (N Hunt)","Novices Hurdle (N Hunt)","Handicap Hurdle (N Hunt)","Handicap Hurdle (N Hunt)","8496","8761","6106","9027","5841","6106","7965","6106","8761","6372","159","159",
"15:25:00","Naas","17","Champagne Mahler (IRE)","153","0","168","0","168","168","166","166","162","158","0","0","0","0","0","0","0","0","0","0","0","0","0","0","151","139","152","159","144","154",,,,,"159","154","160","164","154","157",,,,,"168","168","166","166","162","166",,,,,"168","164","159","159","153","154",,,,,"1","12","3","5","PU","8","0","0","0","0","18","20","12","18","18","18","0","0","0","0","Handicap Hurdle (N Hunt)","Handicap Novices Hurdle (N Hunt)","Maiden Hurdle (N Hunt)","Maiden Hurdle (N Hunt)","Maiden Hurdle (N Hunt)","Maiden Hurdle (N Hunt)","n/a","n/a","n/a","n/a","5575","5575","5310","6637","10619","5310","0","0","0","0","168","168",
"15:25:00","Naas","17","El Champo (IRE)","159","7","151","3","165","160","161","151","155","145","152","158","166","158","3","3","3","3","5","5","5","0","0","0","151","155","150","145","140","140","139","147","155","151","159","160","157","156","155","153","154","154","161","156","165","165","166","165","168","162","166","158","166","166","165","165","166","151","155","162","152","154","157","158","7","4","9","1","1","6","1","5","2","5","7","7","10","15","8","13","14","12","14","13","Novices Hurdle (N Hunt)","Novices Hurdle (N Hunt)","Handicap Novices Hurdle (N Hunt)","Handicap Hurdle (N Hunt)","Handicap Hurdle (N Hunt)","Handicap Hurdle (N Hunt)","Handicap Hurdle (N Hunt)","Maiden Hurdle (N Hunt)","Maiden Hurdle (N Hunt)","Maiden Hurdle (N Hunt)","7699","7965","8761","8761","6372","8230","6106","6372","6372","5310","155","155",
"15:25:00","Naas","17","Frontline Worker (IRE)","145","0","159","0","165","159","167","157","166","159","156","156","0","0","0","0","0","2","0","0","0","0","0","0","154","139","143","147","153","152","149","154",,,"160","157","158","155","159","162","159","159",,,"165","168","168","162","166","166","163","166",,,"158","167","161","147","155","159","163","161",,,"11","3","8","UR","4","1","8","8","0","0","16","11","18","7","6","20","21","13","0","0","Handicap Hurdle (N Hunt)","Handicap Hurdle (N Hunt)","Handicap Hurdle (N Hunt)","Handicap Hurdle (N Hunt)","Novices Hurdle (N Hunt)","Maiden Hurdle (N Hunt)","Maiden Hurdle (N Hunt)","Maiden Hurdle (N Hunt)","n/a","n/a","5841","6106","7434","9823","5841","6638","6372","6637","0","0","159","159",
"15:25:00","Naas","17","Grey Diamond (FR)","166","5","166","0","164","166","160","160","154","158","156","152","152","152","0","0","0","0","0","0","0","0","0","0","144","141","147","149","144","150","147","140","145","145","157","156","153","154","150","156","154","150","151","152","169","166","160","160","154","161","156","159","158","158","164","166","154","150","154","158","147","159","152","158","2","1","3","F","1","F","4","5","5","4","12","8","8","7","11","9","12","18","9","13","Handicap Hurdle (N Hunt)","Handicap Hurdle (N Hunt)","Novices Hurdle (N Hunt)","Novices Hurdle (N Hunt)","Maiden Hurdle (N Hunt)","Handicap Hurdle (N Hunt)","Maiden Hurdle (N Hunt)","Novices Hurdle (N Hunt)","Novices Hurdle (N Hunt)","Novices Hurdle (N Hunt)","11696","5588","4094","8122","3119","4159","4094","4094","4094","3769","166","0",
"15:25:00","Naas","17","Harveys Point (IRE)","142","0","0","0","166","166","158","0","0","0","0","0","0","0","0","0","0","0","0","0","0","0","0","0","152","152","151",,,,,,,,"163","163","156",,,,,,,,"166","166","166",,,,,,,,"166","166","166",,,,,,,,"7","9","8","0","0","0","0","0","0","0","14","22","17","0","0","0","0","0","0","0","Maiden Hurdle (N Hunt)","Maiden Hurdle (N Hunt)","Maiden Hurdle (N Hunt)","n/a","n/a","n/a","n/a","n/a","n/a","n/a","6755","6637","6903","0","0","0","0","0","0","0","0","0",
"15:25:00","Naas","17","Hereditary Rule (IRE)","154","0","157","7","153","157","164","159","158","148","149","165","166","161","0","7","0","0","0","0","0","3","0","7","137","136","143","152","141","139","131","155","155","134","151","156","156","160","156","152","150","160","162","153","166","168","168","168","166","163","170","168","168","167","147","157","156","162","155","152","143","163","164","152","17","1","4","5","10","8","PU","PU","4","8","17","15","14","13","16","11","16","12","13","20","Handicap Hurdle (N Hunt)","Handicap Hurdle (N Hunt)","Handicap Hurdle (N Hunt)","Handicap Hurdle (N Hunt)","Handicap Hurdle (N Hunt)","Handicap Hurdle (N Hunt)","Handicap Hurdle (N Hunt)","Maiden Hurdle (N Hunt)","Maiden Hurdle (N Hunt)","Handicap Hurdle (N Hunt)","8761","5841","6106","6106","5841","7699","7699","10619","10619","5841","157","157",
"15:25:00","Naas","17","Hey Johnny (IRE)","156","0","146","0","140","148","160","141","149","157","143","146","158","156","0","3","0","0","0","0","0","0","0","0","135","143","145","138","135","133","134","146","151","133","146","158","156","151","151","151","150","153","154","149","161","168","165","163","166","160","166","162","158","166","152","154","151","151","147","147","166","146","158","147","12","PU","6","16","10","3","5","1","4","PU","19","15","15","18","16","18","17","6","5","11","Handicap Hurdle (N Hunt)","Handicap Hurdle (N Hunt)","Handicap Hurdle (N Hunt)","Handicap Hurdle (N Hunt)","Handicap Hurdle (N Hunt)","Handicap Hurdle (N Hunt)","Handicap Hurdle (N Hunt)","Handicap Hurdle (N Hunt)","Novices Hurdle (N Hunt)","Handicap Novices Hurdle (N Hunt)","53097","56270","8761","26549","53097","8496","79646","8496","19381","7965","165","165",
"15:25:00","Naas","17","Intent Approach (IRE)","148","0","0","0","145","147","166","166","161","0","0","0","0","0","0","0","0","0","0","0","0","0","0","0","140","147","152","159","147",,,,,,"151","153","161","163","157",,,,,,"161","166","166","166","161",,,,,,"140","153","159","166","161",,,,,,"6","F","5","10","5","0","0","0","0","0","8","8","15","24","18","0","0","0","0","0","Handicap Novices Hurdle (N Hunt)","Handicap Hurdle (N Hunt)","Maiden Hurdle (N Hunt)","Maiden Hurdle (N Hunt)","Maiden Hurdle (N Hunt)","n/a","n/a","n/a","n/a","n/a","8761","8496","5310","6372","6372","0","0","0","0","0","0","0",
"15:25:00","Naas","17","Lazer Wolf (IRE)","153","0","0","0","160","152","164","163","155","158","166","0","0","0","0","5","0","0","3","0","0","0","0","0","151","134","143","144","151","145","152",,,,"159","150","158","158","158","151","160",,,,"165","166","168","168","166","158","166",,,,"165","156","157","163","158","153","159",,,,"2","12","4","2","3","4","4","0","0","0","7","23","17","16","12","16","12","0","0","0","Novices Hurdle (N Hunt)","Handicap Novices Hurdle (N Hunt)","Handicap Hurdle (N Hunt)","Handicap Hurdle (N Hunt)","Maiden Hurdle (N Hunt)","Maiden Hurdle (N Hunt)","Maiden Hurdle (N Hunt)","n/a","n/a","n/a","7699","10619","7965","6106","5575","5575","5310","0","0","0","0","0",
"15:25:00","Naas","17","Maidenstreetprince (IRE)","164","5","153","5","161","158","153","161","159","0","0","0","0","0","5","5","5","5","7","0","0","0","0","0","145","157","144","152","159",,,,,,"156","162","155","162","162",,,,,,"165","166","166","166","166",,,,,,"151","163","153","166","166",,,,,,"13","3","1","3","UR","0","0","0","0","0","15","6","15","21","9","0","0","0","0","0","Handicap Hurdle (N Hunt)","Hurdle (N Hunt)","Maiden Hurdle (N Hunt)","Maiden Hurdle (N Hunt)","Maiden Hurdle (N Hunt)","n/a","n/a","n/a","n/a","n/a","8761","6106","6638","6638","6638","0","0","0","0","0","153","153",
"15:25:00","Naas","17","Optional Mix (IRE)","158","5","149","7","163","161","148","161","164","149","165","159","139","161","5","5","7","5","2","7","0","7","7","5","143","138","139","133","138","135","140","137","132","150","153","151","151","149","156","155","152","158","147","159","166","162","161","161","164","164","165","167","161","168","155","141","139","154","146","149","148","167","148","158","3","8","2","8","2","1","4","6","2","7","8","12","16","9","15","10","16","20","16","9","Claimer Hurdle (N Hunt)","Handicap Hurdle (N Hunt)","Handicap Hurdle (N Hunt)","Handicap Hurdle (N Hunt)","Handicap Hurdle (N Hunt)","Handicap Hurdle (N Hunt)","Handicap Hurdle (N Hunt)","Handicap Novices Hurdle (N Hunt)","Handicap Hurdle (N Hunt)","Handicap Hurdle (N Hunt)","5310","7965","8761","7965","8230","6106","5841","6106","7699","5841","160","160",
"15:25:00","Naas","17","Tempo Chapter Two (IRE)","150","0","166","0","162","160","153","146","157","159","147","160","148","166","2","0","0","0","0","0","0","0","0","0","144","152","139","135","133","140","133","138","143","156","158","159","151","149","151","153","147","152","153","163","168","166","161","166","160","166","158","163","159","166","165","162","139","142","147","154","158","151","155","166","9","PU","14","11","5","PU","12","10","12","1","10","15","16","11","18","16","17","16","26","7","Handicap Hurdle (N Hunt)","Handicap Hurdle (N Hunt)","Handicap Hurdle (N Hunt)","Handicap Hurdle (N Hunt)","Handicap Hurdle (N Hunt)","Handicap Hurdle (N Hunt)","Handicap Hurdle (N Hunt)","Handicap Novices Hurdle (N Hunt)","Handicap Hurdle (N Hunt)","Novices Hurdle (N Hunt)","6372","7965","8761","11681","8496","42478","26549","26549","56270","7699","166","166",
"15:25:00","Naas","17","Whacker Clan (IRE)","160","3","158","0","158","157","168","0","0","0","0","0","0","0","0","3","0","0","0","0","0","0","0","0","151","148","154",,,,,,,,"156","157","165",,,,,,,,"158","168","168",,,,,,,,"158","160","168",,,,,,,,"1","PU","3","0","0","0","0","0","0","0","15","8","17","0","0","0","0","0","0","0","Maiden Hurdle (N Hunt)","Maiden Hurdle (N Hunt)","Maiden Hurdle (N Hunt)","n/a","n/a","n/a","n/a","n/a","n/a","n/a","5575","5575","6372","0","0","0","0","0","0","0","158","158",
"15:25:00","Naas","17","Zoffanien (IRE)","163","3","166","0","158","148","164","165","167","162","153","163","163","156","3","0","0","5","5","5","5","5","5","5","147","142","142","139","135","146","134","140","145","137","153","151","153","154","150","153","148","152","158","151","166","164","166","165","167","162","166","164","167","168","153","146","147","158","140","146","150","140","152","159","3","11","5","F","10","5","11","6","5","5","8","13","16","19","18","6","19","13","9","12","Handicap Hurdle (N Hunt)","Handicap Hurdle (N Hunt)","Handicap Hurdle (N Hunt)","Handicap Hurdle (N Hunt)","Handicap Hurdle (N Hunt)","Handicap Hurdle (N Hunt)","Handicap Hurdle (N Hunt)","Handicap Hurdle (N Hunt)","Handicap Hurdle (N Hunt)","Handicap Hurdle (N Hunt)","8496","15929","8496","7965","7699","8496","21239","8761","11110","15609","166","166",
"15:55:00","Naas","16","Capilano Bridge (IRE)","150","5","149","7","159","152","149","159","162","153","157","161","151","156","5","7","7","7","0","0","0","5","0","0","148","138","148","139","133","142","143","142","144","135","158","151","156","153","148","152","152","155","154","150","166","164","165","164","162","167","161","166","164","159","166","149","149","155","140","152","143","164","155","149","7","6","1","5","3","11","8","11","2","4","11","25","17","12","7","16","9","11","25","12","Handicap Hurdle (N Hunt)","Handicap Hurdle (N Hunt)","Handicap Hurdle (N Hunt)","Handicap Hurdle (N Hunt)","Handicap Hurdle (N Hunt)","Handicap Hurdle (N Hunt)","Handicap Hurdle (N Hunt)","Handicap Hurdle (N Hunt)","Handicap Hurdle (N Hunt)","Handicap Hurdle (N Hunt)","23894","26549","13274","8761","8496","11150","13008","13070","26549","11150","168","149",
"15:55:00","Naas","16","Catos Revenge (IRE)","144","7","157","4","149","157","159","163","155","0","0","0","0","0","3","4","7","3","3","0","0","0","0","0","137","133","159","152","151",,,,,,"150","154","164","162","157",,,,,,"159","167","166","166","166",,,,,,"159","157","166","166","158",,,,,,"3","1","5","7","6","0","0","0","0","0","8","13","25","17","9","0","0","0","0","0","Handicap Hurdle (N Hunt)","Handicap Hurdle (N Hunt)","Maiden Hurdle (N Hunt)","Maiden Hurdle (N Hunt)","Maiden Hurdle (N Hunt)","n/a","n/a","n/a","n/a","n/a","11681","6106","6637","7434","6903","0","0","0","0","0","157","157",
"15:55:00","Naas","16","Cleatus Poolaw","153","5","166","0","166","166","166","0","0","0","0","0","0","0","0","0","0","0","0","0","0","0","0","0","154","152","156",,,,,,,,"164","162","164",,,,,,,,"166","166","166",,,,,,,,"166","166","166",,,,,,,,"1","2","2","0","0","0","0","0","0","0","11","8","15","0","0","0","0","0","0","0","Maiden Hurdle (N Hunt)","Maiden Hurdle (N Hunt)","Maiden Hurdle (N Hunt)","n/a","n/a","n/a","n/a","n/a","n/a","n/a","7965","7965","5310","0","0","0","0","0","0","0","166","166",
"15:55:00","Naas","16","Desertmore House (IRE)","148","0","168","0","146","149","147","158","168","158","0","0","0","0","0","0","0","0","0","0","0","0","0","0","133","133","135","138","148","147",,,,,"147","146","149","157","158","156",,,,,"166","159","166","166","168","166",,,,,"141","142","142","138","168","158",,,,,"2","4","8","11","1","1","0","0","0","0","16","12","11","16","9","10","0","0","0","0","Handicap Hurdle (N Hunt)","Handicap Novices Hurdle (N Hunt)","Handicap Hurdle (N Hunt)","Handicap Hurdle (N Hunt)","Novices Hurdle (N Hunt)","Maiden Hurdle (N Hunt)","n/a","n/a","n/a","n/a","15929","26549","11681","11681","5841","5310","0","0","0","0","168","168",
"15:55:00","Naas","16","Emancipator (IRE)","140","7","156","7","156","152","158","159","159","161","162","146","165","166","7","2","5","3","3","0","0","0","0","0","140","138","146","146","146","146","150","133","154","157","154","156","157","157","157","157","158","150","160","161","168","164","168","167","165","169","168","166","166","168","156","146","158","163","163","169","154","149","164","168","1","PU","1","4","5","2","3","2","4","4","9","15","15","16","18","15","21","19","14","9","Handicap Hurdle (N Hunt)","Handicap Hurdle (N Hunt)","Handicap Hurdle (N Hunt)","Handicap Hurdle (N Hunt)","Handicap Hurdle (N Hunt)","Handicap Hurdle (N Hunt)","Handicap Hurdle (N Hunt)","Handicap Hurdle (N Hunt)","Handicap Hurdle (N Hunt)","Handicap Hurdle (N Hunt)","5841","8230","5310","5575","5841","5310","5310","6637","5310","5310","158","158",
"15:55:00","Naas","16","Good Time Jonny (IRE)","164","7","158","5","163","158","157","156","164","162","153","158","156","147","5","5","5","7","0","0","0","0","0","0","146","137","134","133","164","162","140","136","142","134","155","155","150","149","164","162","151","150","155","152","163","166","166","166","164","162","166","161","166","164","156","158","166","145","164","162","153","158","164","147","4","1","12","3","PU","9","1","1","6","1","22","23","17","27","11","16","24","15","11","11","Handicap Hurdle (N Hunt)","Handicap Hurdle (N Hunt)","Handicap Hurdle (N Hunt)","Handicap Hurdle (N Hunt)","Novices Hurdle (N Hunt)","Novices Hurdle (N Hunt)","Handicap Hurdle (N Hunt)","Handicap Novices Hurdle (N Hunt)","Handicap Hurdle (N Hunt)","Handicap Hurdle (N Hunt)","42202","56270","79646","26549","66372","78680","53097","13274","13070","8496","158","158",
"15:55:00","Naas","16","Lady Rita (IRE)","143","0","149","0","149","141","140","163","142","157","154","153","152","146","0","0","0","2","0","0","0","0","7","7","139","133","133","138","134","133","154","153","152","146","149","147","147","156","148","154","154","153","161","152","159","166","166","164","166","168","154","156","166","161","149","149","141","146","150","166","154","153","152","153","1","10","4","6","8","7","2","4","1","BD","11","16","16","15","19","23","5","12","9","16","Handicap Hurdle (N Hunt)","Handicap Hurdle (N Hunt)","Handicap Hurdle (N Hunt)","Handicap Hurdle (N Hunt)","Handicap Hurdle (N Hunt)","Handicap Hurdle (N Hunt)","Novices Hurdle (N Hunt)","Novices Hurdle (N Hunt)","Maiden Hurdle (N Hunt)","Maiden Hurdle (N Hunt)","11681","15929","15929","8230","21239","8761","14238","16195","6638","5575","152","152",
"15:55:00","Naas","16","Ladybank","143","0","161","0","163","158","156","161","149","0","0","0","0","0","0","0","0","0","5","0","0","0","0","0","145","154","146","161","147",,,,,,"156","158","156","161","158",,,,,,"165","161","161","161","161",,,,,,"151","158","161","161","161",,,,,,"12","9","13","1","8","0","0","0","0","0","15","14","21","9","20","0","0","0","0","0","Handicap Hurdle (N Hunt)","Novices Hurdle (N Hunt)","Novices Hurdle (N Hunt)","Maiden Hurdle (N Hunt)","Maiden Hurdle (N Hunt)","n/a","n/a","n/a","n/a","n/a","8761","15929","59084","4425","7965","0","0","0","0","0","161","161",
"15:55:00","Naas","16","Maxxum (IRE)","166","7","159","7","159","159","162","166","158","145","155","166","168","151","7","0","0","0","7","0","0","0","0","7","137","139","140","137","133","133","133","141","146","147","153","147","151","155","152","149","155","155","157","156","166","159","164","166","166","166","168","167","168","163","159","139","148","158","152","145","155","161","163","158","1","PU","5","14","12","1","1","2","4","5","22","11","16","23","17","27","22","21","11","12","Handicap Hurdle (N Hunt)","Handicap Hurdle (N Hunt)","Handicap Hurdle (N Hunt)","Handicap Hurdle (N Hunt)","Handicap Hurdle (N Hunt)","Handicap Hurdle (N Hunt)","Handicap Hurdle (N Hunt)","Handicap Hurdle (N Hunt)","Handicap Hurdle (N Hunt)","Novices Hurdle (N Hunt)","53097","15929","53097","56270","53097","26549","6106","5575","5310","6372","159","159",
"15:55:00","Naas","16","Meyo","140","0","159","0","159","159","159","0","0","0","0","0","0","0","0","0","0","0","0","0","0","0","0","0","154","156","149",,,,,,,,"161","163","160",,,,,,,,"166","166","166",,,,,,,,"159","166","166",,,,,,,,"1","6","5","0","0","0","0","0","0","0","12","16","15","0","0","0","0","0","0","0","Maiden Hurdle (N Hunt)","Maiden Hurdle (N Hunt)","Maiden Hurdle (N Hunt)","n/a","n/a","n/a","n/a","n/a","n/a","n/a","7168","9027","6372","0","0","0","0","0","0","0","159","159",
"15:55:00","Naas","16","Ms Agartha Yeats (IRE)","140","7","146","0","160","150","153","146","0","0","0","0","0","0","0","0","0","0","0","0","0","0","0","0","138","139","137","141",,,,,,,"151","152","151","150",,,,,,,"162","163","166","156",,,,,,,"141","153","147","146",,,,,,,"PU","2","11","1","0","0","0","0","0","0","12","11","17","14","0","0","0","0","0","0","Handicap Hurdle (N Hunt)","Handicap Hurdle (N Hunt)","Handicap Hurdle (N Hunt)","Maiden Hurdle (N Hunt)","n/a","n/a","n/a","n/a","n/a","n/a","7965","8761","8761","5841","0","0","0","0","0","0","146","146",
"15:55:00","Naas","16","Noble Birth","140","3","159","0","146","142","143","142","164","138","149","151","159","156","0","0","3","0","4","7","0","5","0","0","142","135","143","135","138","133","142","142","137","149","155","151","156","144","156","149","150","153","154","157","168","168","169","161","164","166","163","159","166","166","142","161","159","141","146","145","145","159","159","160","9","4","2","PU","9","10","9","5","1","3","14","15","9","8","15","27","10","12","9","17","Handicap Hurdle (N Hunt)","Handicap Hurdle (N Hunt)","Handicap Hurdle (N Hunt)","Handicap Hurdle (N Hunt)","Handicap Hurdle (N Hunt)","Handicap Hurdle (N Hunt)","Handicap Hurdle (N Hunt)","Handicap Hurdle (N Hunt)","Handicap Hurdle (N Hunt)","Handicap Hurdle (N Hunt)","15609","15609","7922","11681","8230","26549","11150","9293","7965","9026","159","159",
"15:55:00","Naas","16","Stuzzikini (IRE)","157","0","161","0","160","161","164","167","158","157","162","151","158","158","0","0","0","0","0","7","5","7","0","0","137","142","151","135","154","143","149","138","134","151","150","154","159","152","156","155","158","151","154","158","166","162","164","167","158","164","165","166","159","166","137","161","157","145","156","164","160","151","153","166","8","1","2","2","3","2","2","1","PU","2","12","11","8","19","6","5","5","12","19","16","Handicap Hurdle (N Hunt)","Handicap Hurdle (N Hunt)","Novices Hurdle (N Hunt)","Handicap Hurdle (N Hunt)","Novices Hurdle (N Hunt)","Novices Hurdle (N Hunt)","Novices Hurdle (N Hunt)","Maiden Hurdle (N Hunt)","Maiden Hurdle (N Hunt)","Maiden Hurdle (N Hunt)","11681","11150","7434","7965","9292","6106","8230","5310","5310","5310","161","161",
"15:55:00","Naas","16","The Tide Turns","150","5","163","0","154","159","153","163","150","163","147","156","163","0","0","0","0","0","0","0","0","0","0","0","134","140","148","140","150","148","147","149","149",,"150","151","159","153","158","153","159","154","160",,"166","166","166","163","164","163","166","156","163",,"166","155","151","163","164","163","164","156","163",,"F","13","15","12","3","15","4","4","1","0","17","14","20","16","8","21","7","9","20","0","Handicap Hurdle (N Hunt)","Handicap Hurdle (N Hunt)","Handicap Hurdle (N Hunt)","Handicap Hurdle (N Hunt)","Novices Hurdle (N Hunt)","Handicap Hurdle (N Hunt)","Hurdle (N Hunt)","Hurdle (N Hunt)","Maiden Hurdle (N Hunt)","n/a","79646","15929","143362","23894","21239","45016","15929","66372","6637","0","163","163",
"15:55:00","Naas","16","Waittillitellyou (IRE)","140","0","145","0","154","143","145","150","161","154","143","168","165","166","0","0","0","4","7","0","0","0","3","0","145","140","145","139","150","135","134","160","154","152","156","151","153","152","157","155","151","165","164","164","165","163","163","163","168","168","164","168","168","166","165","141","145","157","150","154","159","167","165","166","4","5","1","2","5","1","6","8","15","15","10","19","12","9","16","20","14","13","20","24","Handicap Hurdle (N Hunt)","Handicap Hurdle (N Hunt)","Handicap Hurdle (N Hunt)","Handicap Hurdle (N Hunt)","Handicap Hurdle (N Hunt)","Handicap Hurdle (N Hunt)","Handicap Hurdle (N Hunt)","Maiden Hurdle (N Hunt)","Maiden Hurdle (N Hunt)","Maiden Hurdle (N Hunt)","8496","13274","9027","6372","5575","5575","6903","5310","7434","7087","154","154",
"15:55:00","Naas","16","Will Do (IRE)","150","0","164","0","157","152","164","166","166","0","0","0","0","0","0","0","0","0","0","0","0","0","0","0","137","140","154","146","159",,,,,,"153","151","160","155","165",,,,,,"166","164","164","166","166",,,,,,"159","148","164","166","166",,,,,,"9","6","1","1","2","0","0","0","0","0","22","16","6","7","13","0","0","0","0","0","Handicap Hurdle (N Hunt)","Handicap Hurdle (N Hunt)","Novices Hurdle (N Hunt)","Maiden Hurdle (N Hunt)","Maiden Hurdle (N Hunt)","n/a","n/a","n/a","n/a","n/a","53097","53097","7699","6903","7434","0","0","0","0","0","166","166",
"16:25:00","Naas","5","Big Dispute (IRE)","165","0","164","0","164","0","0","0","0","0","0","0","0","0","0","0","0","0","0","0","0","0","0","0","150",,,,,,,,,,"158",,,,,,,,,,"164",,,,,,,,,,"164",,,,,,,,,,"1","0","0","0","0","0","0","0","0","0","15","0","0","0","0","0","0","0","0","0","NH Flat (N Hunt)","n/a","n/a","n/a","n/a","n/a","n/a","n/a","n/a","n/a","5575","0","0","0","0","0","0","0","0","0","0","0",
"16:25:00","Naas","5","Fleur In The Park (IRE)","165","7","157","7","165","157","157","0","0","0","0","0","0","0","0","7","7","0","0","0","0","0","0","0","154","145","150",,,,,,,,"162","152","157",,,,,,,,"165","164","164",,,,,,,,"165","164","157",,,,,,,,"2","2","1","0","0","0","0","0","0","0","6","11","8","0","0","0","0","0","0","0","NH Flat (N Hunt)","NH Flat (N Hunt)","NH Flat (N Hunt)","n/a","n/a","n/a","n/a","n/a","n/a","n/a","13274","6106","5575","0","0","0","0","0","0","0","0","0",
"16:25:00","Naas","5","Scamall Bawn (IRE)","165","7","154","7","165","154","0","0","0","0","0","0","0","0","0","7","0","0","0","0","0","0","0","0","154","146",,,,,,,,,"162","157",,,,,,,,,"165","168",,,,,,,,,"165","154",,,,,,,,,"6","1","0","0","0","0","0","0","0","0","6","9","0","0","0","0","0","0","0","0","NH Flat (N Hunt)","NH Flat (N Hunt)","n/a","n/a","n/a","n/a","n/a","n/a","n/a","n/a","13274","5841","0","0","0","0","0","0","0","0","0","0",
"16:25:00","Naas","5","William Munny (IRE)","165","0","168","0","168","0","0","0","0","0","0","0","0","0","0","0","0","0","0","0","0","0","0","0","158",,,,,,,,,,"163",,,,,,,,,,"168",,,,,,,,,,"168",,,,,,,,,,"1","0","0","0","0","0","0","0","0","0","6","0","0","0","0","0","0","0","0","0","NH Flat (N Hunt)","n/a","n/a","n/a","n/a","n/a","n/a","n/a","n/a","n/a","5310","0","0","0","0","0","0","0","0","0","0","0",
"16:25:00","Naas","5","Wingmen (IRE)","165","5","163","5","163","0","0","0","0","0","0","0","0","0","5","0","0","0","0","0","0","0","0","0","156",,,,,,,,,,"161",,,,,,,,,,"165",,,,,,,,,,"163",,,,,,,,,,"1","0","0","0","0","0","0","0","0","0","6","0","0","0","0","0","0","0","0","0","NH Flat (N Hunt)","n/a","n/a","n/a","n/a","n/a","n/a","n/a","n/a","n/a","5575","0","0","0","0","0","0","0","0","0","0","0",
 