time,track,number_of_runners,CardNo,horse_name,todayor,lastwinoffrat,offratlr,offrat2,offrat3,offrat4,offrat5,offrat6,offrat7,offrat8,offrat9,offrat10,ormove10,minlr,min2,min3,min4,min5,min6,min7,min8,min9,min10,avglr,avg2,avg3,avg4,avg5,avg6,avg7,avg8,avg9,avg10,maxlr,max2,max3,max4,max5,max6,max7,max8,max9,max10,winlr,win2,win3,win4,win5,win6,win7,win8,win9,win10,placing1,placing2,placing3,placing4,placing5,placing6,placing7,placing8,placing9,placing10,runnerslr,runners2,runners3,runners4,runners5,runners6,runners7,runners8,runners9,runners10,racetypelr,racetype2,racetype3,racetype4,racetype5,racetype6,racetype7,racetype8,racetype9,racetype10,highor,highwinor,highflator,highflatwinor,highawor,highawwinor,highhurdleor,highhurdlewinor,highchaseor,highchasewinor,
"13:30:00","Hamilton","6","1","Colnago (IRE)","0",,"0","0","0","0","0","0","0","0","0","0","0","0","0",,,,,,,,,"0","7",,,,,,,,,"0","76",,,,,,,,,"0","0",,,,,,,,,"6","3","0","0","0","0","0","0","0","0","10","11","0","0","0","0","0","0","0","0","Maiden (Flat - AW)","Maiden (Flat - Turf)","n/a","n/a","n/a","n/a","n/a","n/a","n/a","n/a","0",,"0",,"0",,,,,,
"13:30:00","Hamilton","6","2","Concert Boy (IRE)","0",,,"0","0","0","0","0","0","0","0","0","0",,,,,,,,,,,,,,,,,,,,,,,,,,,,,,,,,,,,,,,,,"0","0","0","0","0","0","0","0","0","0","0","0","0","0","0","0","0","0","0","0","n/a","n/a","n/a","n/a","n/a","n/a","n/a","n/a","n/a","n/a",,,,,,,,,,,
"13:30:00","Hamilton","6","3","Erazmus","0",,"0","0","0","0","0","0","0","0","0","0","0","0","0",,,,,,,,,"0","0",,,,,,,,,"0","0",,,,,,,,,"0","0",,,,,,,,,"10","5","0","0","0","0","0","0","0","0","15","7","0","0","0","0","0","0","0","0","Novices (Flat - Turf)","Maiden (Flat - Turf)","n/a","n/a","n/a","n/a","n/a","n/a","n/a","n/a","0",,"0",,,,,,,,
"13:30:00","Hamilton","6","4","Installation","0",,"0","0","0","0","0","0","0","0","0","0","0","0","0",,,,,,,,,"0","0",,,,,,,,,"0","0",,,,,,,,,"0","0",,,,,,,,,"4","3","0","0","0","0","0","0","0","0","12","10","0","0","0","0","0","0","0","0","Novices (Flat - Turf)","Maiden (Flat - Turf)","n/a","n/a","n/a","n/a","n/a","n/a","n/a","n/a","0",,"0",,,,,,,,
"13:30:00","Hamilton","6","6","Queenie Rooney","0",,"0","0","0","0","0","0","0","0","0","0","0","0","0",,,,,,,,,"0","0",,,,,,,,,"0","0",,,,,,,,,"0","0",,,,,,,,,"2","3","0","0","0","0","0","0","0","0","6","5","0","0","0","0","0","0","0","0","Novices (Flat - Turf)","Novices (Flat - AW)","n/a","n/a","n/a","n/a","n/a","n/a","n/a","n/a","0",,"0",,"0",,,,,,
"13:30:00","Hamilton","6","5","Smooth Red","0",,"0","0","0","0","0","0","0","0","0","0","0","0",,,,,,,,,,"0",,,,,,,,,,"0",,,,,,,,,,"0",,,,,,,,,,"8","0","0","0","0","0","0","0","0","0","9","0","0","0","0","0","0","0","0","0","Novices (Flat - Turf)","n/a","n/a","n/a","n/a","n/a","n/a","n/a","n/a","n/a","0",,"0",,,,,,,,
"14:00:00","Hamilton","11","3","Fox Hill","74","69","74","75","75","77","78","74","69","72","75","77","-4","67","65","74","66","74","61","51","64","69","77","74","74","78","77","78","74","61","71","79","84","81","80","85","85","80","82","72","79","84","95","76","71","77","82","80","76","69","68","84","78","4","5","2","9","5","2","1","11","9","8","14","11","6","10","6","11","10","13","9","13","Handicap (Flat - Turf)","Handicap (Flat - Turf)","Handicap (Flat - Turf)","Handicap (Flat - Turf)","Handicap (Flat - Turf)","Handicap (Flat - Turf)","Handicap (Flat - Turf)","Handicap (Flat - Turf)","Handicap (Flat - Turf)","Handicap (Flat - Turf)","78","72","78","72","70",,,,,,
"14:00:00","Hamilton","11","5","Guest List (IRE)","74","0","76","77","77","78","0","0","0","0","0","0","-4","66","72","76","77","0","0","0",,,,"76","77","78","85","20","32","0",,,,"87","81","81","98","75","80","0",,,,"83","75","77","95","0","0","0",,,,"6","5","2","16","2","1","4","0","0","0","12","7","5","20","7","9","9","0","0","0","Handicap (Flat - Turf)","Handicap (Flat - Turf)","Handicap (Flat - Turf)","Handicap Nursery (Flat - Turf)","Novices (Flat - Turf)","Maiden (Flat - Turf)","Maiden (Flat - Turf)","n/a","n/a","n/a","78","0","78","0",,,,,,,
"14:00:00","Hamilton","11","9","Iris Dancer","63","62","65","65","65","66","67","66","65","65","62","62","-4","65","59","63","51","66","66","65","61","62","56","72","69","71","63","70","77","69","67","73","63","81","76","81","70","75","85","75","77","82","67","77","69","67","63","75","82","68","62","62","62","5","5","2","5","5","2","4","3","1","4","6","8","9","11","7","10","8","6","13","9","Handicap (Flat - Turf)","Handicap (Flat - Turf)","Handicap (Flat - Turf)","Handicap (Flat - Turf)","Handicap (Flat - Turf)","Handicap (Flat - Turf)","Handicap (Flat - Turf)","Handicap (Flat - Turf)","Handicap (Flat - Turf)","Handicap (Flat - Turf)","67","62","67","62",,,,,,,
"14:00:00","Hamilton","11","8","Kentucky Rose","67","0","69","70","71","73","74","74","0","0","0","0","-7","65","63","71","64","70","66","0","0","0",,"72","75","74","76","76","71","0","0","0",,"81","82","75","82","81","76","0","0","0",,"77","63","75","78","79","70","0","0","0",,"4","5","3","8","3","2","1","5","7","0","6","14","5","9","7","5","4","9","12","0","Handicap (Flat - Turf)","Handicap (Flat - AW)","Non-Handicap (Flat - Turf)","Handicap (Flat - Turf)","Handicap (Flat - Turf)","Handicap Nursery (Flat - Turf)","Maiden (Flat - Turf)","Maiden (Flat - Turf)","Maiden (Flat - Turf)","n/a","74","0","74","0","70",,,,,,
"14:00:00","Hamilton","11","2","Little Miss Dynamo (IRE)","76","0","76","77","80","82","84","85","0","0","0","0","-9","65","74","73","82","73","0","0","0","0",,"72","78","77","87","81","67","29","26","0",,"81","85","80","96","89","85","79","80","0",,"77","77","80","83","76","84","0","0","0",,"2","3","7","7","5","2","1","1","5","0","6","6","7","7","7","6","10","8","10","0","Handicap (Flat - Turf)","Handicap (Flat - Turf)","Handicap (Flat - Turf)","Handicap (Flat - Turf)","Handicap Nursery (Flat - Turf)","Non-Handicap (Flat - Turf)","Novices (Flat - Turf)","Novices (Flat - Turf)","Maiden (Flat - Turf)","n/a","85","0","85","0",,,,,,,
"14:00:00","Hamilton","11","7","Miss Bella Brand","69","64","69","69","69","64","63","63","64","65","66","62","0","62","54","65","52","55","51","51","61","66","57","71","64","68","60","66","65","61","73","76","63","77","71","74","65","76","72","72","82","85","69","77","71","70","64","69","69","69","74","85","62","2","3","3","1","3","2","3","10","11","1","11","7","6","9","12","12","10","19","12","8","Handicap (Flat - Turf)","Handicap (Flat - AW)","Handicap (Flat - AW)","Handicap (Flat - AW)","Handicap (Flat - Turf)","Handicap (Flat - AW)","Handicap (Flat - Turf)","Handicap (Flat - Turf)","Handicap (Flat - AW)","Handicap (Flat - AW)","69","64","69","60","69","64",,,,,
"14:00:00","Hamilton","11","4","Pearl Of Qatar","72","75","74","76","77","77","75","75","77","77","78","78","-6","71","74","60","62","62","70","74","65","68","68","75","77","72","73","71","79","82","75","77","75","80","80","77","82","75","87","87","78","82","82","75","76","71","62","75","87","83","75","80","82","7","16","7","8","1","3","12","6","4","3","7","20","15","13","7","12","22","11","5","7","Handicap (Flat - Turf)","Handicap (Flat - Turf)","Handicap (Flat - Turf)","Handicap (Flat - Turf)","Handicap (Flat - Turf)","Handicap (Flat - Turf)","Handicap (Flat - Turf)","Handicap (Flat - Turf)","Handicap (Flat - Turf)","Handicap (Flat - AW)","80","77","80","77","78","62",,,,,
"14:00:00","Hamilton","11","10","Rose Bandit (IRE)","61","63","63","65","65","66","66","66","66","63","63","63","-5","54","65","46","51","66","64","59","62","58","55","61","69","58","64","76","72","65","70","66","61","65","75","67","70","85","80","69","78","72","67","55","68","58","64","85","75","67","63","72","57","9","8","8","8","3","3","4","1","3","3","9","8","9","12","8","6","6","12","12","6","Handicap (Flat - Turf)","Handicap (Flat - Turf)","Handicap (Flat - Turf)","Handicap (Flat - Turf)","Handicap (Flat - Turf)","Handicap (Flat - Turf)","Handicap (Flat - Turf)","Handicap (Flat - Turf)","Handicap (Flat - AW)","Handicap (Flat - Turf)","74","63","74","63","63",,,,,,
"14:00:00","Hamilton","11","6","Roshambo","71","68","68","0","0","0","0","0","0","0","0","0","3","60","0","0","0",,,,,,,"66","22","21","21",,,,,,,"70","74","85","82",,,,,,,"68","74","0","0",,,,,,,"1","2","2","5","0","0","0","0","0","0","8","10","7","11","0","0","0","0","0","0","Handicap (Flat - AW)","Maiden (Flat - Turf)","Novices (Flat - AW)","Novices (Flat - AW)","n/a","n/a","n/a","n/a","n/a","n/a","68","68","0",,"68","68",,,,,
"14:00:00","Hamilton","11","1","Selbys Pride","80","77","77","80","82","83","83","84","82","82","79","75","-4","65","76","66","79","78","76","68","71","0","0","72","86","77","88","83","87","75","82","23","22","81","97","85","99","86","97","82","92","94","76","77","87","82","97","78","97","78","85","0","75","1","13","7","12","2","6","3","3","2","1","6","17","10","19","5","9","9","9","11","7","Handicap (Flat - Turf)","Handicap (Flat - Turf)","Handicap (Flat - Turf)","Handicap (Flat - Turf)","Handicap (Flat - Turf)","Handicap (Flat - Turf)","Handicap (Flat - Turf)","Handicap (Flat - Turf)","Novices (Flat - Turf)","Novices (Flat - Turf)","84","77","84","77",,,,,,,
"14:00:00","Hamilton","11","11","Soller Bay (IRE)","61","63","59","61","64","66","66","66","63","63","64","62","-5","55","60","63","51","66","56","63","62","64","45","61","66","72","61","81","63","72","75","67","59","65","70","81","72","91","72","80","80","72","66","64","68","63","69","91","63","63","78","69","45","11","6","5","6","9","7","1","8","8","2","11","8","6","10","11","9","10","12","12","9","Handicap (Flat - Turf)","Handicap (Flat - AW)","Handicap (Flat - Turf)","Handicap (Flat - Turf)","Handicap (Flat - Turf)","Handicap (Flat - Turf)","Handicap (Flat - Turf)","Handicap (Flat - Turf)","Handicap (Flat - Turf)","Handicap (Flat - Turf)","66","63","66","63","61",,,,,,
"14:30:00","Hamilton","5","5","Barneys Gift (FR)","74","0","75","78","78","0","0","0","0","0","0","0","-4","64","75","72","0","0",,,,,,"76","80","77","0","6",,,,,,"82","84","80","0","75",,,,,,"78","83","80","0","0",,,,,,"5","10","7","1","3","0","0","0","0","0","9","10","7","13","12","0","0","0","0","0","Handicap (Flat - Turf)","Handicap (Flat - Turf)","Handicap (Flat - Turf)","Novices (Flat - Turf)","Novices (Flat - Turf)","n/a","n/a","n/a","n/a","n/a","78","0","78","0",,,"0",,,,
"14:30:00","Hamilton","5","1","Gifted Ruler","82","0","84","87","89","90","91","92","92","92","90","92","-10","77","80","71","71","75","85","92","86","89","86","87","86","85","80","85","93","98","92","92","90","95","92","95","90","92","100","108","96","96","105","95","92","84","83","87","99","95","92","96","86","7","4","15","11","3","7","14","2","2","10","13","4","20","22","18","7","18","11","9","11","Handicap (Flat - Turf)","Handicap (Flat - Turf)","Handicap (Flat - Turf)","Handicap (Flat - Turf)","Handicap (Flat - Turf)","Handicap (Flat - Turf)","Handicap (Flat - Turf)","Handicap (Flat - Turf)","Handicap (Flat - Turf)","Handicap (Flat - Turf)","93","0","93","0","93",,,,,,
"14:30:00","Hamilton","5","2","Gordonstoun (IRE)","70","74","72","75","75","78","81","82","82","74","70","67","-12","52","65","64","70","75","74","69","56","49","54","66","73","73","78","79","81","76","70","66","64","72","82","77","82","82","87","82","75","72","69","68","76","64","79","79","82","78","74","70","66","7","8","5","15","6","9","4","1","1","2","10","8","7","15","11","10","11","8","14","8","Handicap (Flat - Turf)","Handicap (Flat - Turf)","Handicap (Flat - Turf)","Handicap (Flat - Turf)","Handicap (Flat - AW)","Handicap (Flat - Turf)","Handicap (Flat - Turf)","Handicap Nursery (Flat - Turf)","Handicap Nursery (Flat - Turf)","Handicap Nursery (Flat - AW)","82","74","82","74","81",,,,,,
"14:30:00","Hamilton","5","3","Grifter","73","73","73","74","75","75","73","74","73","74","75","75","-2","61","68","63","73","63","58","71","63","54","71","70","74","74","75","71","71","76","75","68","80","78","80","81","78","77","77","80","80","75","91","68","80","63","77","73","74","73","76","71","80","5","11","5","5","1","5","2","7","9","4","12","11","9","6","9","11","6","14","16","14","Handicap (Flat - Turf)","Handicap (Flat - Turf)","Handicap (Flat - Turf)","Handicap (Flat - Turf)","Handicap (Flat - Turf)","Handicap (Flat - Turf)","Handicap (Flat - Turf)","Handicap (Flat - Turf)","Handicap Nursery (Flat - Turf)","Handicap Nursery (Flat - Turf)","75","73","75","73",,,,,,,
"14:30:00","Hamilton","5","4","Zuraig","72","0","74","75","78","80","80","82","83","82","83","0","-11","70","61","64","78","62","66","78","67","78","0","78","69","74","88","73","80","82","77","87","0","88","75","80","95","81","85","86","82","94","0","83","75","77","91","79","79","86","78","92","0","10","3","9","4","6","8","4","2","4","6","14","7","11","6","10","14","6","7","7","8","Handicap (Flat - AW)","Handicap (Flat - Turf)","Handicap (Flat - Turf)","Handicap (Flat - Turf)","Handicap (Flat - Turf)","Handicap (Flat - Turf)","Handicap (Flat - Turf)","Handicap (Flat - Turf)","Handicap (Flat - Turf)","Novices (Flat - AW)","83","0","83","0","74",,"0",,,,
"15:00:00","Hamilton","10","5","Baileys Liberty","66","62","67","67","65","65","62","64","66","67","70","72","-6","58","67","58","64","47","64","54","52","54","58","66","73","69","69","59","69","61","62","63","65","73","77","77","77","67","72","66","67","70","72","66","75","64","68","62","71","63","67","63","58","6","5","2","2","1","5","4","3","6","6","8","5","6","6","10","6","11","9","10","8","Handicap (Flat - Turf)","Handicap (Flat - Turf)","Handicap (Flat - Turf)","Handicap (Flat - Turf)","Handicap Maiden (Flat - Turf)","Handicap (Flat - Turf)","Handicap (Flat - Turf)","Handicap (Flat - AW)","Handicap Maiden (Flat - Turf)","Handicap (Flat - AW)","76","62","76","62","72",,,,,,
"15:00:00","Hamilton","10","9","Bonito Cavalo","55",,"55","55","0","0","0","0","0","0","0","0","0","51","46","0","0","0",,,,,,"63","52","16","0","22",,,,,,"71","57","70","0","68",,,,,,"67","56","70","0","0",,,,,,"20","4","4","7","6","0","0","0","0","0","21","8","11","10","6","0","0","0","0","0","Handicap (Flat - Turf)","Handicap (Flat - Turf)","Maiden (Flat - Turf)","Novices (Flat - Turf)","Novices (Flat - Turf)","n/a","n/a","n/a","n/a","n/a","55",,"55",,,,,,,,
"15:00:00","Hamilton","10","6","Caleta Sunrise (IRE)","66",,"66","67","67","69","70","72","73","0","0","0","-7","0","46","46","55","58","54","73","0","0","0","25","59","60","66","66","68","80","0","0","0","66","67","67","76","70","73","91","0","0","0","0","65","67","69","66","71","73","0","0","0","2","6","2","11","4","9","3","2","3","8","7","7","12","12","10","12","7","8","8","11","Novices (Flat - Turf)","Handicap (Flat - AW)","Handicap (Flat - Turf)","Handicap (Flat - Turf)","Handicap (Flat - Turf)","Handicap Nursery (Flat - Turf)","Handicap Nursery (Flat - Turf)","Maiden (Flat - Turf)","Maiden (Flat - Turf)","Maiden (Flat - Turf)","73",,"73",,"67",,,,,,
"15:00:00","Hamilton","10","2","Clarets Glory (IRE)","70","0","72","74","74","77","79","80","0","0","0","0","-10","66","70","71","69","71","0","0","0","0",,"71","75","74","75","76","58","0","13","0",,"75","80","75","82","80","104","0","83","0",,"69","78","75","77","73","88","0","0","0",,"4","9","2","18","6","22","2","1","11","0","4","10","5","21","6","28","9","12","16","0","Handicap (Flat - AW)","Handicap (Flat - Turf)","Non-Handicap (Flat - Turf)","Handicap (Flat - Turf)","Handicap (Flat - Turf)","Non-Handicap (Flat - Turf)","Novices (Flat - Turf)","Novices (Flat - Turf)","Novices (Flat - Turf)","n/a","80","0","80","0","72",,,,,,
"15:00:00","Hamilton","10","3","Gentle Ellen (IRE)","69","70","70","72","0","0","0","0","0","0","0","0","-3","0","62","0","0","0",,,,,,"16","70","23","0","0",,,,,,"70","77","90","0","0",,,,,,"70","67","0","0","0",,,,,,"1","12","4","4","2","0","0","0","0","0","11","14","10","8","10","0","0","0","0","0","Maiden (Flat - Turf)","Handicap (Flat - Turf)","Novices (Flat - Turf)","Novices (Flat - Turf)","Maiden (Flat - Turf)","n/a","n/a","n/a","n/a","n/a","72","70","72","70",,,,,,,
"15:00:00","Hamilton","10","7","Golden Rainbow","65","0","66","66","67","70","75","78","80","80","0","0","-15","60","60","46","64","56","74","71","0","0","0","66","68","58","67","70","81","78","20","0","0","71","77","67","70","77","87","82","80","0","0","70","74","58","65","67","85","82","76","0","0","10","2","4","5","10","9","5","2","2","1","10","8","16","6","10","10","5","8","10","6","Handicap (Flat - Turf)","Handicap (Flat - Turf)","Handicap (Flat - Turf)","Handicap (Flat - Turf)","Handicap (Flat - Turf)","Handicap Nursery (Flat - AW)","Handicap Nursery (Flat - Turf)","Novices (Flat - AW)","Novices (Flat - AW)","Novices (Flat - AW)","80","0","80",,"80","0",,,,,
"15:00:00","Hamilton","10","1","Matty Too","70","68","71","72","72","68","70","72","73","75","75","69","-5","69","66","61","61","70","72","73","61","75","62","75","76","66","66","74","81","78","75","82","69","82","87","72","70","81","88","85","86","90","76","81","72","61","68","77","88","78","82","90","69","6","7","5","1","4","7","4","5","4","1","10","11","5","6","8","11","5","8","7","8","Handicap (Flat - Turf)","Handicap (Flat - AW)","Handicap (Flat - Turf)","Handicap (Flat - Turf)","Handicap (Flat - Turf)","Handicap (Flat - Turf)","Handicap (Flat - Turf)","Handicap Nursery (Flat - Turf)","Handicap Nursery (Flat - Turf)","Handicap Nursery (Flat - Turf)","75","69","75","69","72",,,,,,
"15:00:00","Hamilton","10","8","Miss Calculation (IRE)","62","0","65","68","70","70","74","74","75","75","72","74","-13","59","68","67","65","56","74","60","0","0","0","63","76","71","74","70","80","69","6","31","11","65","81","75","81","77","89","76","75","100","74","64","81","75","73","67","79","72","0","0","0","11","4","7","4","6","4","5","4","3","4","14","4","9","10","10","7","8","12","8","14","Handicap (Flat - AW)","Handicap (Flat - Turf)","Handicap (Flat - Turf)","Handicap (Flat - Turf)","Handicap (Flat - Turf)","Handicap (Flat - Turf)","Handicap (Flat - AW)","Novices (Flat - Turf)","Novices (Flat - Turf)","Novices (Flat - AW)","76","0","76","0","75",,,,,,
"15:00:00","Hamilton","10","4","Raydoun (IRE)","68","68","71","71","72","72","72","68","68","69","70","69","-4","64","63","62","68","70","59","68","56","65","53","71","68","72","73","72","67","72","67","68","63","75","71","78","80","75","72","77","76","71","72","71","68","78","80","70","68","77","76","71","70","6","4","5","6","3","1","4","5","6","2","7","8","6","7","5","10","8","15","7","11","Handicap (Flat - Turf)","Handicap (Flat - Turf)","Handicap (Flat - Turf)","Handicap (Flat - Turf)","Handicap (Flat - Turf)","Handicap (Flat - Turf)","Handicap (Flat - Turf)","Handicap (Flat - Turf)","Handicap (Flat - Turf)","Handicap (Flat - AW)","74","68","74","68","72","66",,,,,
"15:00:00","Hamilton","10","10","The Gay Blade","51",,"49","50","50","50","50","52","55","57","0","0","-6","45","46","45","45","20","47","47","45","0","0","53","59","52","48","44","55","55","52","39","21","59","67","56","50","50","61","60","57","83","75","50","63","54","50","47","58","53","51","83","0","10","5","3","4","3","6","6","5","8","8","15","9","5","8","7","7","7","8","8","10","Handicap (Flat - Turf)","Handicap (Flat - Turf)","Handicap (Flat - Turf)","Non-Handicap (Flat - Turf)","Non-Handicap (Flat - Turf)","Handicap (Flat - Turf)","Handicap (Flat - Turf)","Handicap (Flat - Turf)","Novices (Flat - AW)","Novices (Flat - Turf)","57",,"57",,"0",,,,,,
"15:30:00","Hamilton","13","1","Basholo (IRE)","61","58","60","61","58","58","60","61","60","0","0","0","0","59","46","46","45","54","46","57","0","0","0","63","57","57","53","62","61","59","10","0","0","65","71","66","59","66","67","65","78","0","0","64","47","58","45","62","64","57","78","0","0","3","8","1","3","8","8","3","5","6","7","14","11","9","11","10","9","12","8","8","8","Handicap (Flat - AW)","Handicap (Flat - Turf)","Handicap (Flat - Turf)","Handicap (Flat - Turf)","Handicap (Flat - AW)","Handicap Nursery (Flat - AW)","Handicap Nursery (Flat - AW)","Maiden (Flat - Turf)","Novices (Flat - Turf)","Maiden (Flat - Turf)","61","58","61","58","61",,,,,,
"15:30:00","Hamilton","13","5","Birdie Bowers (IRE)","56","51","51","51","46","47","48","49","49","49","50","51","5","46","46","45","46","46","47","45","45","47","46","54","50","52","51","51","59","52","51","51","52","62","55","59","56","55","69","61","62","55","60","51","55","46","53","51","63","59","46","55","60","1","2","1","6","13","10","2","5","10","3","8","10","11","12","20","11","11","11","14","14","Handicap (Flat - Turf)","Handicap (Flat - Turf)","Handicap (Flat - AW)","Handicap (Flat - AW)","Handicap (Flat - Turf)","Handicap (Flat - AW)","Handicap (Flat - AW)","Handicap (Flat - AW)","Handicap (Flat - AW)","Handicap (Flat - AW)","74","51","74","51","64","46",,,,,
"15:30:00","Hamilton","13","11","Burtonlodge Beauty (IRE)","52","47","52","47","50","50","50","53","56","59","61","63","-11","51","46","46","46","46","48","46","46","0","55","63","57","51","60","56","53","57","55","34","62","71","71","55","67","65","57","66","62","65","65","67","47","50","67","65","57","58","59","0","59","15","1","11","10","3","5","5","12","8","10","21","11","12","12","7","11","9","13","9","12","Handicap (Flat - Turf)","Handicap (Flat - Turf)","Handicap (Flat - Turf)","Handicap (Flat - Turf)","Handicap (Flat - Turf)","Handicap (Flat - AW)","Handicap (Flat - Turf)","Handicap (Flat - Turf)","Maiden (Flat - AW)","Handicap Nursery (Flat - Turf)","63","47","63","47","61",,,,,,
"15:30:00","Hamilton","13","10","Captain Corcoran (IRE)","51","60","50","53","56","53","56","55","55","57","57","61","-10","46","46","46","46","56","45","45","49","57","48","51","50","55","53","68","56","52","59","66","57","57","55","67","60","75","64","59","65","70","61","57","51","60","50","70","59","51","65","69","59","3","11","9","9","8","3","3","3","8","7","8","16","9","14","13","17","15","14","11","8","Handicap (Flat - Turf)","Handicap (Flat - Turf)","Handicap (Flat - Turf)","Handicap (Flat - AW)","Handicap (Flat - AW)","Handicap (Flat - Turf)","Handicap (Flat - Turf)","Handicap (Flat - Turf)","Handicap (Flat - AW)","Handicap (Flat - Turf)","73","70","73","70","73",,,,,,
"15:30:00","Hamilton","13","7","Eruption (IRE)","56","57","56","57","59","59","59","60","60","57","57","0","-4","56","54","46","59","57","47","58","50","45","0","63","64","54","67","62","55","65","55","51","0","70","72","61","72","67","60","71","62","57","0","65","65","52","68","63","53","71","57","45","0","2","6","6","4","3","3","8","1","6","6","6","7","10","10","12","7","11","7","16","9","Handicap (Flat - Turf)","Handicap (Flat - Turf)","Handicap (Flat - Turf)","Handicap (Flat - Turf)","Handicap (Flat - Turf)","Handicap (Flat - Turf)","Handicap (Flat - Turf)","Handicap (Flat - Turf)","Handicap (Flat - Turf)","Novices (Flat - Turf)","60","57","60","57",,,,,,,
"15:30:00","Hamilton","13","8","Kraken Power (IRE)","54","0","54","57","60","64","67","69","70","72","75","77","-23","51","46","49","55","46","62","62","62","72","77","63","57","56","63","58","73","71","70","83","83","71","71","62","70","67","82","75","77","90","87","67","47","62","70","46","62","75","74","80","83","UR","9","5","9","6","11","4","10","11","6","21","11","8","11","8","13","7","14","12","6","Handicap (Flat - Turf)","Handicap (Flat - Turf)","Handicap (Flat - Turf)","Handicap (Flat - AW)","Handicap (Flat - Turf)","Handicap (Flat - Turf)","Handicap (Flat - Turf)","Handicap (Flat - Turf)","Handicap (Flat - AW)","Handicap (Flat - Turf)","86","0","86","0","75",,,,,,
"15:30:00","Hamilton","13","12","Nodsasgoodasawink","48","54","51","51","51","54","54","57","59","60","60","61","-13","51","46","46","46","46","46","46","58","59","46","63","57","53","60","59","58","57","65","65","55","71","71","64","67","67","67","65","71","69","62","67","47","51","67","50","46","58","71","67","52","7","7","9","8","9","8","6","9","2","8","21","11","10","12","12","8","10","11","6","8","Handicap (Flat - Turf)","Handicap (Flat - Turf)","Handicap (Flat - Turf)","Handicap (Flat - Turf)","Handicap (Flat - Turf)","Handicap (Flat - Turf)","Handicap (Flat - Turf)","Handicap (Flat - Turf)","Handicap (Flat - Turf)","Handicap (Flat - Turf)","61","54","61","54","52",,,,,,
"15:30:00","Hamilton","13","6","Red Allure","55","51","56","56","51","51","44","46","45","46","47","48","-1","46","46","46","46","44","46","45","46","47","46","57","55","53","51","48","55","49","51","54","53","71","62","64","55","50","67","53","55","64","60","47","54","51","50","44","60","48","51","48","59","5","4","1","5","1","2","6","3","6","5","11","10","10","12","7","9","8","14","13","9","Handicap (Flat - Turf)","Handicap (Flat - Turf)","Handicap (Flat - Turf)","Handicap (Flat - Turf)","Non-Handicap (Flat - Turf)","Handicap (Flat - Turf)","Handicap (Flat - Turf)","Handicap (Flat - AW)","Handicap (Flat - AW)","Handicap (Flat - AW)","56","51","56","51","54","51",,,,,
"15:30:00","Hamilton","13","3","Shesadabber","58","54","54","54","53","54","54","49","49","52","52","49","4","45","50","46","46","46","46","46","45","46","46","49","55","51","53","53","49","51","51","55","53","54","62","57","58","60","53","57","58","67","60","54","52","57","52","60","49","51","53","63","50","1","2","2","4","4","1","4","7","3","14","10","9","8","8","9","12","8","9","7","14","Handicap (Flat - Turf)","Handicap (Flat - Turf)","Handicap (Flat - Turf)","Handicap (Flat - Turf)","Handicap (Flat - Turf)","Handicap (Flat - Turf)","Handicap (Flat - Turf)","Handicap (Flat - Turf)","Handicap (Flat - Turf)","Handicap (Flat - AW)","60","54","60","54","53",,,,,,
"15:30:00","Hamilton","13","13","Stroxx (IRE)","46",,"46","47","48","48","48","47","48","48","49","51","-5","45","37","48","44","44","46","48","46","46","45","48","44","56","48","48","50","55","50","49","49","54","47","66","50","50","55","59","56","56","53","54","41","66","44","49","51","53","56","48","48","8","5","8","3","3","7","3","4","6","7","11","12","9","7","9","16","5","13","9","8","Handicap (Flat - AW)","Non-Handicap (Flat - Turf)","Handicap (Flat - Turf)","Non-Handicap (Flat - Turf)","Non-Handicap (Flat - Turf)","Handicap (Flat - Turf)","Handicap (Flat - Turf)","Handicap (Flat - Turf)","Handicap (Flat - Turf)","Handicap (Flat - Turf)","75",,"75",,"75",,,,,,
"15:30:00","Hamilton","13","9","Sunset Glow (IRE)","53",,"55","56","55","58","0","0","0","0","0","0","-5","46","49","46","48","0","0","0",,,,"51","56","52","58","0","33","0",,,,"55","62","57","66","0","79","0",,,,"50","62","55","63","0","79","0",,,,"9","7","2","13","10","4","7","0","0","0","12","8","10","13","11","7","7","0","0","0","Handicap (Flat - Turf)","Handicap (Flat - Turf)","Handicap (Flat - Turf)","Handicap (Flat - Turf)","Maiden (Flat - AW)","Novices (Flat - Turf)","Novices (Flat - Turf)","n/a","n/a","n/a","58",,"58",,"0",,,,,,
"15:30:00","Hamilton","13","4","Tanasoq (IRE)","57","62","57","57","60","60","58","59","59","58","60","61","-4","51","46","60","46","55","46","48","52","52","45","63","52","72","58","63","56","55","59","59","52","71","57","79","63","70","65","59","65","65","61","67","56","72","63","70","54","53","65","52","50","8","3","4","5","8","2","4","2","5","3","21","8","4","6","11","7","5","6","11","9","Handicap (Flat - Turf)","Handicap (Flat - Turf)","Handicap (Flat - Turf)","Handicap (Flat - Turf)","Handicap (Flat - AW)","Handicap (Flat - Turf)","Handicap (Flat - Turf)","Handicap (Flat - Turf)","Handicap (Flat - AW)","Handicap (Flat - AW)","98","94","96","94","98","62",,,,,
"15:30:00","Hamilton","13","2","Zig Zag Zyggy (IRE)","59","80","60","62","62","66","68","73","75","78","81","82","-23","54","46","62","66","68","71","66","67","68","69","61","57","69","76","73","73","71","77","73","80","65","71","75","86","80","75","75","90","81","91","55","47","66","75","80","73","74","67","70","83","3","6","4","9","5","12","12","10","10","17","9","11","7","9","7","14","13","13","10","17","Handicap (Flat - Turf)","Handicap (Flat - Turf)","Handicap (Flat - Turf)","Handicap (Flat - Turf)","Handicap (Flat - Turf)","Handicap (Flat - AW)","Handicap (Flat - AW)","Handicap (Flat - Turf)","Handicap (Flat - Turf)","Handicap (Flat - Turf)","85","82","85","82","82","69",,,,,
"16:00:00","Hamilton","9","1","Clan Jock (IRE)","62","58","60","60","58","55","55","55","53","52","53","53","2","46","46","45","46","46","46","53","46","53","45","55","54","56","57","55","53","60","51","64","52","60","60","59","62","63","58","67","61","72","65","60","46","58","55","46","46","53","61","66","64","2","2","1","1","2","3","1","2","4","8","11","6","9","6","6","9","6","8","7","12","Handicap (Flat - Turf)","Handicap (Flat - Turf)","Handicap (Flat - Turf)","Handicap (Flat - Turf)","Handicap (Flat - Turf)","Handicap (Flat - Turf)","Handicap (Flat - Turf)","Handicap (Flat - Turf)","Handicap (Flat - Turf)","Handicap (Flat - AW)","63","58","63","58","54",,,,,,
"16:00:00","Hamilton","9","4","Cuban Cigar","57","67","59","61","59","61","63","69","70","65","67","67","-13","47","51","46","46","56","68","58","57","52","48","59","62","56","52","63","71","66","64","63","61","65","70","67","67","68","74","71","68","68","67","65","70","46","67","68","72","64","62","64","65","5","3","5","3","5","4","8","4","3","7","8","9","8","7","5","6","14","8","6","14","Handicap (Flat - Turf)","Handicap (Flat - Turf)","Handicap (Flat - Turf)","Handicap (Flat - Turf)","Handicap (Flat - Turf)","Handicap (Flat - AW)","Handicap (Flat - AW)","Handicap (Flat - Turf)","Handicap (Flat - Turf)","Handicap (Flat - Turf)","73","67","73",,"72","67","108","108",,,
"16:00:00","Hamilton","9","8","Lochnaver","50","46","50","51","51","46","47","50","52","53","55","55","-5","46","51","46","46","46","47","52","46","45","47","54","62","52","55","50","51","66","61","56","52","60","70","57","63","57","55","72","66","67","55","46","70","56","46","46","52","72","61","63","53","3","6","6","1","6","7","11","6","5","6","6","9","11","6","8","12","12","9","13","12","Handicap (Flat - Turf)","Handicap (Flat - Turf)","Handicap (Flat - Turf)","Handicap (Flat - Turf)","Handicap (Flat - Turf)","Handicap (Flat - Turf)","Handicap (Flat - Turf)","Handicap (Flat - AW)","Handicap (Flat - AW)","Handicap (Flat - AW)","73","46","70","46","73",,,,,,
"16:00:00","Hamilton","9","6","Lucky Draw","53","50","54","55","56","55","52","53","54","57","58","58","-5","46","46","56","51","46","46","54","47","53","58","52","54","67","55","51","52","67","56","65","70","57","62","74","59","55","61","77","62","70","76","55","55","74","52","50","53","77","62","69","73","9","7","3","4","2","4","4","8","8","UR","10","9","6","10","13","11","9","8","16","7","Handicap (Flat - Turf)","Handicap (Flat - AW)","Handicap (Flat - Turf)","Handicap (Flat - AW)","Handicap (Flat - AW)","Handicap (Flat - AW)","Handicap (Flat - Turf)","Handicap (Flat - AW)","Handicap (Flat - Turf)","Handicap (Flat - Turf)","58","50","58","50","57",,,,,,
"16:00:00","Hamilton","9","9","Millie The Minx (IRE)","47","49","49","52","54","56","57","54","54","55","55","49","-10","46","46","50","53","46","46","46","46","49","45","53","50","56","64","54","49","50","50","56","50","57","57","61","72","60","55","55","55","60","56","54","55","57","66","50","55","53","53","60","49","5","5","11","5","9","2","2","5","5","1","8","6","13","7","9","11","11","10","7","10","Handicap (Flat - Turf)","Handicap (Flat - Turf)","Handicap (Flat - Turf)","Handicap (Flat - Turf)","Handicap (Flat - Turf)","Handicap (Flat - Turf)","Handicap (Flat - Turf)","Handicap (Flat - Turf)","Handicap (Flat - Turf)","Handicap (Flat - Turf)","57","49","57","49","0",,"106","100","91",,
"16:00:00","Hamilton","9","7","Proton (IRE)","53","0","55","60","64","69","72","75","78","79","81","82","-29","46","50","60","67","61","75","74","71","75","70","52","56","67","72","71","83","82","77","84","79","57","61","74","77","75","89","89","83","90","83","56","57","62","70","65","81","87","72","90","81","7","10","9","13","9","13","4","3","4","2","11","13","11","13","9","14","4","8","5","5","Handicap (Flat - Turf)","Handicap (Flat - Turf)","Handicap (Flat - Turf)","Handicap (Flat - AW)","Handicap (Flat - Turf)","Handicap (Flat - Turf)","Handicap (Flat - Turf)","Handicap (Flat - Turf)","Handicap (Flat - AW)","Handicap (Flat - Turf)","82","0","82","0","81",,"0","0",,,
"16:00:00","Hamilton","9","5","Ralphy Boy Two (IRE)","56","54","59","54","53","55","57","54","54","56","60","60","-4","46","46","45","46","46","37","44","54","46","47","54","53","56","57","52","51","53","57","61","58","60","57","59","66","57","63","78","60","67","64","46","54","58","62","52","62","62","58","57","59","4","1","2","6","7","2","2","9","12","5","6","8","9","11","10","6","13","14","13","6","Handicap (Flat - Turf)","Handicap (Flat - Turf)","Handicap (Flat - Turf)","Handicap (Flat - AW)","Handicap (Flat - Turf)","Claimer (Flat - Turf)","Seller (Flat - Turf)","Handicap (Flat - Turf)","Handicap (Flat - AW)","Handicap (Flat - Turf)","72","69","72","69","63",,"0",,,,
"16:00:00","Hamilton","9","2","Simple Star (IRE)","62","68","65","67","68","68","70","71","72","73","68","0","-11","50","53","63","53","61","56","69","64","67","0","58","60","72","64","68","68","77","71","72","0","65","67","79","72","70","77","84","77","75","0","57","53","71","66","70","68","84","71","68","0","7","5","7","3","9","4","4","6","1","6","8","6","9","7","10","9","4","12","7","7","Handicap (Flat - Turf)","Handicap (Flat - Turf)","Handicap (Flat - Turf)","Handicap (Flat - Turf)","Handicap (Flat - AW)","Handicap (Flat - AW)","Handicap (Flat - AW)","Handicap (Flat - Turf)","Handicap (Flat - AW)","Novices (Flat - AW)","73","68","73",,"72","68","0",,,,
"16:00:00","Hamilton","9","10","Starlyte (IRE)","46",,"46","47","49","51","0","0","0","0","0","0","-5","45","47","46","51","0","0","0",,,,"51","59","53","61","18","8","0",,,,"59","65","62","72","82","83","0",,,,"47","65","58","54","82","83","0",,,,"7","4","4","5","4","7","7","0","0","0","9","8","9","6","9","11","13","0","0","0","Handicap (Flat - Turf)","Handicap (Flat - Turf)","Handicap (Flat - Turf)","Handicap (Flat - Turf)","Maiden (Flat - Turf)","Maiden (Flat - Turf)","Maiden (Flat - Turf)","n/a","n/a","n/a","51",,"51",,,,"105","98",,,
"16:30:00","Hamilton","11","3","A La Francaise","65",,"65","63","66","69","70","69","70","0","0","0","-5","65","61","66","66","61","53","0","0","0","0","77","73","76","71","67","65","4","8","0","13","92","80","87","77","73","72","70","82","0","77","89","80","72","71","73","70","0","0","0","77","3","4","6","4","8","3","15","3","4","11","11","9","11","6","10","11","16","10","11","12","Handicap (Flat - AW)","Handicap (Flat - Turf)","Handicap (Flat - AW)","Handicap (Flat - Turf)","Handicap (Flat - Turf)","Handicap Nursery (Flat - AW)","Novices (Flat - Turf)","Novices (Flat - Turf)","Maiden (Flat - Turf)","Novices (Flat - Turf)","70",,"70",,"69",,,,,,
"16:30:00","Hamilton","11","1","Kanzino (IRE)","70","0","0","0","0","0","0","0","0","0","0","0","70","0","0","0",,,,,,,,"44","0","5",,,,,,,,"71","0","65",,,,,,,,"0","0","0",,,,,,,,"1","5","9","0","0","0","0","0","0","0","5","7","13","0","0","0","0","0","0","0","Seller (Flat - Turf)","Novices (Flat - Turf)","Novices (Flat - Turf)","n/a","n/a","n/a","n/a","n/a","n/a","n/a","0","0","0","0",,,,,,,
"16:30:00","Hamilton","11","8","Lady Hamilton (IRE)","57",,"0","0","0","0","0","0","0","0","0","0","57","0","0","0",,,,,,,,"0","0","0",,,,,,,,"0","0","0",,,,,,,,"0","0","0",,,,,,,,"7","9","7","0","0","0","0","0","0","0","8","11","13","0","0","0","0","0","0","0","Novices (Flat - AW)","Novices (Flat - AW)","Novices (Flat - Turf)","n/a","n/a","n/a","n/a","n/a","n/a","n/a","0",,"0",,"0",,,,,,
"16:30:00","Hamilton","11","5","Lechro (IRE)","64",,"67","69","0","0","0","0","0","0","0","0","-5","48","65","0","0","0",,,,,,"62","69","0","9","0",,,,,,"69","71","0","76","0",,,,,,"67","70","0","0","0",,,,,,"7","7","11","3","7","0","0","0","0","0","12","16","13","15","13","0","0","0","0","0","Handicap (Flat - Turf)","Handicap (Flat - Turf)","Maiden (Flat - AW)","Non-Handicap (Flat - Turf)","Maiden (Flat - Turf)","n/a","n/a","n/a","n/a","n/a","69",,"69",,"0",,,,,,
"16:30:00","Hamilton","11","9","Monroe Gold","57",,"0","0","0","0","0","0","0","0","0","0","57","0","0","0",,,,,,,,"29","16","8",,,,,,,,"72","76","83",,,,,,,,"71","0","83",,,,,,,,"3","8","5","0","0","0","0","0","0","0","5","9","11","0","0","0","0","0","0","0","Maiden (Flat - Turf)","Maiden (Flat - Turf)","Maiden (Flat - Turf)","n/a","n/a","n/a","n/a","n/a","n/a","n/a","0",,"0",,,,,,,,
"16:30:00","Hamilton","11","11","Pasha Bay","51",,"46","45","25","46","46","46","46","0","0","0","5","46","45","25","46","46","46","46","0","0","0","49","51","45","56","54","56","58","0","0","0","52","59","50","62","60","65","67","0","0","0","51","47","50","57","60","65","58","0","0","0","10","8","5","7","8","7","9","4","8","5","16","9","8","8","8","7","9","4","9","6","Handicap (Flat - Turf)","Handicap (Flat - Turf)","Non-Handicap (Flat - Turf)","Handicap (Flat - Turf)","Handicap (Flat - Turf)","Handicap (Flat - Turf)","Handicap (Flat - Turf)","Maiden (Flat - Turf)","Maiden (Flat - Turf)","Maiden (Flat - Turf)","46",,"46",,,,,,,,
"16:30:00","Hamilton","11","7","Salve Japan","61",,"0","0","0","0","0","0","0","0","0","0","61","0","0","0",,,,,,,,"0","7","16",,,,,,,,"0","66","69",,,,,,,,"0","0","69",,,,,,,,"2","3","5","0","0","0","0","0","0","0","3","10","8","0","0","0","0","0","0","0","Novices (Flat - Turf)","Novices (Flat - AW)","Novices (Flat - Turf)","n/a","n/a","n/a","n/a","n/a","n/a","n/a","0",,"0",,"0",,,,,,
"16:30:00","Hamilton","11","2","Super Stars (IRE)","67",,"67","70","72","74","77","77","0","0","0","0","-10","62","65","72","74","76","75","0","0","0",,"68","68","74","76","82","84","0","0","0",,"72","70","75","77","89","96","0","0","0",,"72","68","74","77","89","90","0","0","0",,"3","6","4","3","8","5","2","2","4","0","8","6","5","3","8","6","7","6","7","0","Handicap (Flat - Turf)","Handicap Maiden (Flat - Turf)","Non-Handicap (Flat - Turf)","Handicap (Flat - Turf)","Handicap (Flat - Turf)","Handicap (Flat - Turf)","Maiden (Flat - Turf)","Maiden (Flat - Turf)","Maiden (Flat - Turf)","n/a","77",,"77",,,,,,,,
"16:30:00","Hamilton","11","4","Sylvia Beach","65",,"67","67","66","0","0","0","0","0","0","0","-2","63","63","63","0","0","0",,,,,"65","66","68","0","0","0",,,,,"67","70","72","0","0","0",,,,,"67","67","63","0","0","0",,,,,"3","8","2","5","5","6","0","0","0","0","6","8","10","7","7","12","0","0","0","0","Handicap (Flat - Turf)","Handicap (Flat - Turf)","Handicap (Flat - Turf)","Novices (Flat - AW)","Novices (Flat - AW)","Novices (Flat - AW)","n/a","n/a","n/a","n/a","67",,"67",,"0",,,,,,
"16:30:00","Hamilton","11","10","Tafsir (USA)","51",,"46","46","0","0","0","0","0","0","0","0","5","46","46","0","0","0",,,,,,"50","59","16","9","35",,,,,,"55","67","70","64","76",,,,,,"54","63","70","0","67",,,,,,"2","6","7","5","5","0","0","0","0","0","9","9","11","7","6","0","0","0","0","0","Handicap (Flat - Turf)","Handicap (Flat - Turf)","Maiden (Flat - Turf)","Novices (Flat - Turf)","Maiden (Flat - Turf)","n/a","n/a","n/a","n/a","n/a","46",,"46",,,,,,,,
"16:30:00","Hamilton","11","6","Zephlyn (IRE)","63",,"0","0","0","0","0","0","0","0","0","0","63","0","0","0",,,,,,,,"12","18","0",,,,,,,,"83","82","0",,,,,,,,"0","82","0",,,,,,,,"5","5","11","0","0","0","0","0","0","0","7","9","13","0","0","0","0","0","0","0","Novices (Flat - Turf)","Maiden (Flat - Turf)","Maiden (Flat - Turf)","n/a","n/a","n/a","n/a","n/a","n/a","n/a","0",,"0",,,,,,,,
"14:10:00","Listowel","13","2","Aghaboy (GER)","0","0","0","0","0","0","0","0","0","0","0","0","0","0","0",,,,,,,,,"0","0",,,,,,,,,"0","0",,,,,,,,,"0","0",,,,,,,,,"1","2","0","0","0","0","0","0","0","0","12","13","0","0","0","0","0","0","0","0","Maiden Hurdle (N Hunt)","Maiden Hurdle (N Hunt)","n/a","n/a","n/a","n/a","n/a","n/a","n/a","n/a","0","0","72",,"0",,"0","0",,,
"14:10:00","Listowel","13","11","Arch Enemy (IRE)","0",,"0","0","0","0","0","0","0","0","0","0","0","0","0",,,,,,,,,"0","0",,,,,,,,,"0","0",,,,,,,,,"0","0",,,,,,,,,"3","7","0","0","0","0","0","0","0","0","12","13","0","0","0","0","0","0","0","0","Maiden Hurdle (N Hunt)","Maiden Hurdle (N Hunt)","n/a","n/a","n/a","n/a","n/a","n/a","n/a","n/a","0",,"73","66",,,"0",,,,
"14:10:00","Listowel","13","5","Bright Blue (IRE)","0",,"0","0","0","0","0","0","0","0","0","0","0","0","0",,,,,,,,,"0","0",,,,,,,,,"0","0",,,,,,,,,"0","0",,,,,,,,,"4","4","0","0","0","0","0","0","0","0","12","13","0","0","0","0","0","0","0","0","Maiden Hurdle (N Hunt)","Maiden Hurdle (N Hunt)","n/a","n/a","n/a","n/a","n/a","n/a","n/a","n/a","0",,"67",,"72",,"0",,,,
"14:10:00","Listowel","13","12","Circus Act (IRE)","0",,"0","0","0","0","0","0","0","0","0","0","0","0",,,,,,,,,,"0",,,,,,,,,,"0",,,,,,,,,,"0",,,,,,,,,,"UR","0","0","0","0","0","0","0","0","0","12","0","0","0","0","0","0","0","0","0","Maiden Hurdle (N Hunt)","n/a","n/a","n/a","n/a","n/a","n/a","n/a","n/a","n/a","0",,"0",,,,"0",,,,
"14:10:00","Listowel","13","6","Common Practice (IRE)","0",,,"0","0","0","0","0","0","0","0","0","0",,,,,,,,,,,,,,,,,,,,,,,,,,,,,,,,,,,,,,,,,"0","0","0","0","0","0","0","0","0","0","0","0","0","0","0","0","0","0","0","0","n/a","n/a","n/a","n/a","n/a","n/a","n/a","n/a","n/a","n/a",,,"82","74","77",,,,,,
"14:10:00","Listowel","13","13","Easky Maid (IRE)","0",,"0","0","0","0","0","0","0","0","0","0","0","0",,,,,,,,,,"0",,,,,,,,,,"0",,,,,,,,,,"0",,,,,,,,,,"10","0","0","0","0","0","0","0","0","0","13","0","0","0","0","0","0","0","0","0","Maiden Hurdle (N Hunt)","n/a","n/a","n/a","n/a","n/a","n/a","n/a","n/a","n/a","0",,"54",,,,"0",,,,
"14:10:00","Listowel","13","7","Papa Carlo (IRE)","0",,,"0","0","0","0","0","0","0","0","0","0",,,,,,,,,,,,,,,,,,,,,,,,,,,,,,,,,,,,,,,,,"0","0","0","0","0","0","0","0","0","0","0","0","0","0","0","0","0","0","0","0","n/a","n/a","n/a","n/a","n/a","n/a","n/a","n/a","n/a","n/a",,,,,,,,,,,
"14:10:00","Listowel","13","10","Pepsiwithacap (IRE)","0","0","0","0","0","0","0","0","0","0","0","0","0","0","0","0","0",,,,,,,"0","0","0","0",,,,,,,"0","0","0","0",,,,,,,"0","0","0","0",,,,,,,"9","1","2","6","0","0","0","0","0","0","11","13","5","11","0","0","0","0","0","0","Hurdle (N Hunt)","Maiden Hurdle (N Hunt)","Hurdle (N Hunt)","Maiden Hurdle (N Hunt)","n/a","n/a","n/a","n/a","n/a","n/a","0","0","69",,"68","60","0","0",,,
"14:10:00","Listowel","13","8","Pont Audemer (FR)","0",,,"0","0","0","0","0","0","0","0","0","0",,,,,,,,,,,,,,,,,,,,,,,,,,,,,,,,,,,,,,,,,"0","0","0","0","0","0","0","0","0","0","0","0","0","0","0","0","0","0","0","0","n/a","n/a","n/a","n/a","n/a","n/a","n/a","n/a","n/a","n/a",,,,,,,,,,,
"14:10:00","Listowel","13","3","Surac (IRE)","0","0","0","0","0","0","0","0","0","0","0","0","0","0","0",,,,,,,,,"0","0",,,,,,,,,"0","0",,,,,,,,,"0","0",,,,,,,,,"3","1","0","0","0","0","0","0","0","0","11","11","0","0","0","0","0","0","0","0","Hurdle (N Hunt)","Maiden Hurdle (N Hunt)","n/a","n/a","n/a","n/a","n/a","n/a","n/a","n/a","0","0","62",,,,"0","0",,,
"14:10:00","Listowel","13","1","The Insider (IRE)","0","0","0","0","0","0","0","0","0","0","0","0","0","0","0",,,,,,,,,"0","0",,,,,,,,,"0","0",,,,,,,,,"0","0",,,,,,,,,"1","1","0","0","0","0","0","0","0","0","11","11","0","0","0","0","0","0","0","0","Hurdle (N Hunt)","Maiden Hurdle (N Hunt)","n/a","n/a","n/a","n/a","n/a","n/a","n/a","n/a","0","0","50",,,,"0","0",,,
"14:10:00","Listowel","13","9","Too Sharp (IRE)","0",,,"0","0","0","0","0","0","0","0","0","0",,,,,,,,,,,,,,,,,,,,,,,,,,,,,,,,,,,,,,,,,"0","0","0","0","0","0","0","0","0","0","0","0","0","0","0","0","0","0","0","0","n/a","n/a","n/a","n/a","n/a","n/a","n/a","n/a","n/a","n/a",,,,,,,,,,,
"14:10:00","Listowel","13","4","Tory Reel (IRE)","0","0","0","0","0","0","0","0","0","0","0","0","0","0",,,,,,,,,,"0",,,,,,,,,,"0",,,,,,,,,,"0",,,,,,,,,,"1","0","0","0","0","0","0","0","0","0","12","0","0","0","0","0","0","0","0","0","Maiden Hurdle (N Hunt)","n/a","n/a","n/a","n/a","n/a","n/a","n/a","n/a","n/a","0","0","50",,,,"0","0",,,
"14:40:00","Listowel","7","6","Athagabhain (IRE)","80",,"81","83","0","0","0","0","0","0","0","0","-3","80","80","0","0","0",,,,,,"87","84","9","6","7",,,,,,"95","91","102","100","104",,,,,,"92","91","0","100","0",,,,,,"12","6","11","11","11","0","0","0","0","0","14","11","12","16","15","0","0","0","0","0","Handicap Hurdle (N Hunt)","Handicap Hurdle (N Hunt)","Maiden Hurdle (N Hunt)","Maiden Hurdle (N Hunt)","Maiden Hurdle (N Hunt)","n/a","n/a","n/a","n/a","n/a","83",,,,,,"83",,"0",,
"14:40:00","Listowel","7","1","Blanketontheground (IRE)","118","110","118","118","119","110","107","98","101","102","102","97","-1","110","110","117","110","0","0","80","81","95","0","118","124","122","118","93","88","97","98","99","13","122","136","130","123","109","106","109","109","102","116","110","127","128","110","107","98","99","107","95","0","3","4","RR","1","2","1","8","7","PU","5","7","16","7","10","8","11","15","18","8","16","Handicap Hurdle (N Hunt)","Handicap Hurdle (N Hunt)","Handicap Hurdle (N Hunt)","Handicap Hurdle (N Hunt)","Novices Hurdle (N Hunt)","Novices Hurdle (N Hunt)","Handicap Hurdle (N Hunt)","Handicap Hurdle (N Hunt)","Handicap Hurdle (N Hunt)","Maiden Hurdle (N Hunt)","119","110",,,,,"119","110",,,
"14:40:00","Listowel","7","2","Delante (IRE)","0",,"0","0","0","0","0","0","0","0","0","0","0","0",,,,,,,,,,"20",,,,,,,,,,"119",,,,,,,,,,"119",,,,,,,,,,"PU","0","0","0","0","0","0","0","0","0","6","0","0","0","0","0","0","0","0","0","Novices Hurdle (N Hunt)","n/a","n/a","n/a","n/a","n/a","n/a","n/a","n/a","n/a","0",,,,,,"0",,,,
"14:40:00","Listowel","7","7","Finsceal Na Mara (IRE)","0",,"0","0","0","0","0","0","0","0","0","0","0","0",,,,,,,,,,"19",,,,,,,,,,"107",,,,,,,,,,"0",,,,,,,,,,"PU","0","0","0","0","0","0","0","0","0","15","0","0","0","0","0","0","0","0","0","Maiden Hurdle (N Hunt)","n/a","n/a","n/a","n/a","n/a","n/a","n/a","n/a","n/a","0",,,,,,"0",,,,
"14:40:00","Listowel","7","3","Hollymount (IRE)","117","0","0","0","0","0","0","0","0","0","0","0","117","0","0","0","0","0","0",,,,,"76","33","7","8","6","12",,,,,"127","100","104","95","105","103",,,,,"127","0","0","0","0","95",,,,,"2","1","1","2","4","3","0","0","0","0","6","6","15","12","17","16","0","0","0","0","Hurdle (N Hunt)","Novices Hurdle (N Hunt)","Maiden Hurdle (N Hunt)","Maiden Hurdle (N Hunt)","Maiden Hurdle (N Hunt)","Maiden Hurdle (N Hunt)","n/a","n/a","n/a","n/a","0","0",,,,,"0","0","0",,
"14:40:00","Listowel","7","5","Nikini (IRE)","0","0","0","0","0","0","0","0","0","0","0","0","0","0",,,,,,,,,,"15",,,,,,,,,,"106",,,,,,,,,,"0",,,,,,,,,,"1","0","0","0","0","0","0","0","0","0","14","0","0","0","0","0","0","0","0","0","Maiden Hurdle (N Hunt)","n/a","n/a","n/a","n/a","n/a","n/a","n/a","n/a","n/a","0","0",,,,,"0","0",,,
"14:40:00","Listowel","7","4","Shannon Glory (IRE)","0","0","0","0","0","0","0","0","0","0","0","0","0","0","0","0","0",,,,,,,"44","0","20","7",,,,,,,"116","0","99","98",,,,,,,"0","0","98","0",,,,,,,"1","1","2","3","0","0","0","0","0","0","5","15","15","15","0","0","0","0","0","0","Hurdle (N Hunt)","Maiden Hurdle (N Hunt)","Maiden Hurdle (N Hunt)","Maiden Hurdle (N Hunt)","n/a","n/a","n/a","n/a","n/a","n/a","0","0",,,,,"0","0",,,
"15:10:00","Listowel","18","4","Aprils Joy (IRE)","106","105","106","105","106","107","109","110","111","105","109","0","-5","102","92","90","96","96","93","103","97","0","0","114","104","100","100","107","106","113","105","38","0","123","116","109","108","118","119","125","111","109","0","119","108","97","96","102","93","125","105","109","0","3","2","7","4","10","7","13","1","1","6","8","8","14","20","11","14","15","8","14","22","Handicap Hurdle (N Hunt)","Handicap Hurdle (N Hunt)","Handicap Hurdle (N Hunt)","Handicap Hurdle (N Hunt)","Handicap Hurdle (N Hunt)","Handicap Hurdle (N Hunt)","Handicap Hurdle (N Hunt)","Handicap Hurdle (N Hunt)","Maiden Hurdle (N Hunt)","Maiden Hurdle (N Hunt)","111","109","53","50",,,"111","109","0",,
"15:10:00","Listowel","18","17","Ellens Angel (IRE)","93",,"95","0","0","0","0","0","0","0","0","0","-2","89","0","0","0",,,,,,,"100","7","0","12",,,,,,,"109","102","0","102",,,,,,,"98","0","0","0",,,,,,,"8","5","6","10","0","0","0","0","0","0","16","14","15","17","0","0","0","0","0","0","Handicap Hurdle (N Hunt)","Maiden Hurdle (N Hunt)","Maiden Hurdle (N Hunt)","Maiden Hurdle (N Hunt)","n/a","n/a","n/a","n/a","n/a","n/a","95",,,,,,"95",,,,
"15:10:00","Listowel","18","12","Female Approach (IRE)","102",,"0","0","0","0","0","0","0","0","0","0","102","0","0","0","0","0",,,,,,"13","17","0","59","5",,,,,,"105","112","0","130","110",,,,,,"99","102","0","130","0",,,,,,"3","3","4","3","5","0","0","0","0","0","16","19","15","8","22","0","0","0","0","0","Maiden Hurdle (N Hunt)","Maiden Hurdle (N Hunt)","Maiden Hurdle (N Hunt)","Novices Hurdle (N Hunt)","Maiden Hurdle (N Hunt)","n/a","n/a","n/a","n/a","n/a","0",,"68","60","65",,"0",,,,
"15:10:00","Listowel","18","3","Frontline Worker (IRE)","108","0","108","108","0","0","0","0","0","0","0","0","0","96","0","0","0","0",,,,,,"106","86","14","0","27",,,,,,"115","108","105","0","116",,,,,,"96","104","0","0","0",,,,,,"UR","4","1","8","8","0","0","0","0","0","7","6","20","21","13","0","0","0","0","0","Handicap Hurdle (N Hunt)","Novices Hurdle (N Hunt)","Maiden Hurdle (N Hunt)","Maiden Hurdle (N Hunt)","Maiden Hurdle (N Hunt)","n/a","n/a","n/a","n/a","n/a","108","0",,,,,"108","0",,,
"15:10:00","Listowel","18","21","Good Bye Milan (IRE)","91","81","91","91","88","81","84","87","0","0","0","0","0","91","91","80","81","84","80","0","0","0","0","101","101","87","87","94","87","0","12","0","23","108","109","95","94","108","93","0","109","0","110","108","92","95","81","95","89","0","102","0","0","7","4","2","1","15","PU","6","7","11","10","7","19","17","11","16","15","16","18","18","14","Novices Hurdle (N Hunt)","Handicap Hurdle (N Hunt)","Handicap Hurdle (N Hunt)","Handicap Hurdle (N Hunt)","Handicap Hurdle (N Hunt)","Handicap Hurdle (N Hunt)","Maiden Hurdle (N Hunt)","Maiden Hurdle (N Hunt)","Maiden Hurdle (N Hunt)","Maiden Hurdle (N Hunt)","91","81",,,,,"91","81","91",,
"15:10:00","Listowel","18","14","Greenhill Damsel (IRE)","96","89","96","97","94","89","90","0","0","0","0","0","-1","88","88","89","80","88","0","0","0","0",,"95","98","95","86","94","0","10","26","27",,"102","120","102","92","102","0","93","136","121",,"101","106","99","89","97","0","0","136","0",,"4","11","PU","1","5","12","11","F","9","0","13","13","22","15","12","19","19","9","18","0","Handicap Hurdle (N Hunt)","Handicap Hurdle (N Hunt)","Handicap Hurdle (N Hunt)","Handicap Hurdle (N Hunt)","Handicap Hurdle (N Hunt)","Maiden Hurdle (N Hunt)","Maiden Hurdle (N Hunt)","Maiden Hurdle (N Hunt)","Maiden Hurdle (N Hunt)","n/a","97","89",,,,,"97","89","96",,
"15:10:00","Listowel","18","5","Highland Penny (IRE)","105","98","98","98","97","97","94","0","0","0","0","0","7","0","96","96","0","90","0","0","0",,,"20","98","100","17","98","7","27","5",,,"99","102","108","111","109","86","119","111",,,"98","102","96","0","101","0","0","0",,,"1","6","3","6","2","5","11","15","0","0","15","14","20","17","14","12","16","22","0","0","Maiden Hurdle (N Hunt)","Handicap Hurdle (N Hunt)","Handicap Hurdle (N Hunt)","Maiden Hurdle (N Hunt)","Handicap Hurdle (N Hunt)","Maiden Hurdle (N Hunt)","Maiden Hurdle (N Hunt)","Maiden Hurdle (N Hunt)","n/a","n/a","98","98",,,,,"98","98",,,
"15:10:00","Listowel","18","9","Killoughteen (IRE)","102","0","0","0","0","0","0","0","0","0","0","0","102","0","0","0","0",,,,,,,"8","9","8","17",,,,,,,"92","97","116","106",,,,,,,"0","0","116","0",,,,,,,"1","3","2","8","0","0","0","0","0","0","12","11","15","18","0","0","0","0","0","0","Maiden Hurdle (N Hunt)","Maiden Hurdle (N Hunt)","Maiden Hurdle (N Hunt)","Maiden Hurdle (N Hunt)","n/a","n/a","n/a","n/a","n/a","n/a","0","0",,,,,"0","0",,,
"15:10:00","Listowel","18","15","Lonesome Day (IRE)","95",,"95","97","0","0","0","0","0","0","0","0","-2","80","0","0","0","0",,,,,,"85","22","13","17","8",,,,,,"95","102","111","101","108",,,,,,"86","0","0","0","0",,,,,,"4","4","2","11","9","0","0","0","0","0","16","9","16","17","14","0","0","0","0","0","Handicap Hurdle (N Hunt)","Maiden Hurdle (N Hunt)","Maiden Hurdle (N Hunt)","Maiden Hurdle (N Hunt)","Maiden Hurdle (N Hunt)","n/a","n/a","n/a","n/a","n/a","97",,,,,,"97",,,,
"15:10:00","Listowel","18","20","Monnie Shanahan (IRE)","91",,"93","0","0","0","0","0","0","0","0","0","-2","83","0","0","0",,,,,,,"95","20","22","12",,,,,,,"109","99","104","111",,,,,,,"83","98","104","0",,,,,,,"15","12","3","16","0","0","0","0","0","0","16","15","12","18","0","0","0","0","0","0","Handicap Hurdle (N Hunt)","Maiden Hurdle (N Hunt)","Maiden Hurdle (N Hunt)","Maiden Hurdle (N Hunt)","n/a","n/a","n/a","n/a","n/a","n/a","93",,,,,,"93",,,,
"15:10:00","Listowel","18","6","Mullaghmore Wave (IRE)","105","98","116","98","84","85","87","0","0","0","0","0","-11","114","88","80","80","86","0","0","0",,,"126","101","86","89","90","12","0","16",,,"140","117","93","102","95","124","0","115",,,"140","98","84","84","90","0","0","115",,,"5","1","1","8","9","14","8","13","0","0","12","8","14","15","10","20","16","14","0","0","Handicap Hurdle (N Hunt)","Handicap Hurdle (N Hunt)","Handicap Hurdle (N Hunt)","Handicap Hurdle (N Hunt)","Handicap Hurdle (N Hunt)","Maiden Hurdle (N Hunt)","Maiden Hurdle (N Hunt)","Maiden Hurdle (N Hunt)","n/a","n/a","116","98",,,,,"116","98",,,
"15:10:00","Listowel","18","11","Must Be Dreaming (IRE)","101","89","102","98","97","96","89","92","0","0","0","0","-1","88","0","83","83","80","81","0","0","0","0","95","78","95","92","87","94","0","7","5","8","102","134","109","102","92","109","0","104","113","109","101","122","83","92","89","103","0","0","0","0","6","5","3","3","1","8","7","5","8","11","13","9","16","12","9","11","13","15","24","14","Handicap Hurdle (N Hunt)","Novices Hurdle (N Hunt)","Handicap Hurdle (N Hunt)","Handicap Hurdle (N Hunt)","Handicap Hurdle (N Hunt)","Handicap Hurdle (N Hunt)","Maiden Hurdle (N Hunt)","Maiden Hurdle (N Hunt)","Maiden Hurdle (N Hunt)","Maiden Hurdle (N Hunt)","102","89","54",,"48",,"102","89",,,
"15:10:00","Listowel","18","1","Robyndeglory (IRE)","109","103","103","106","108","110","112","113","112","112","108","102","-4","88","105","84","93","0","113","84","0","91","94","106","110","94","103","77","119","102","47","102","98","118","118","108","114","123","136","112","127","108","102","103","106","95","95","0","120","106","0","105","102","1","12","6","7","PU","8","2","7","2","1","12","17","16","11","12","9","13","10","9","14","Handicap Hurdle (N Hunt)","Handicap Hurdle (N Hunt)","Handicap Hurdle (N Hunt)","Handicap Hurdle (N Hunt)","Novices Hurdle (N Hunt)","Handicap Hurdle (N Hunt)","Handicap Hurdle (N Hunt)","Novices Hurdle (N Hunt)","Handicap Hurdle (N Hunt)","Handicap Hurdle (N Hunt)","113","103",,,,,"113","103",,,
"15:10:00","Listowel","18","7","Royal Eagle (IRE)","106","0","0","0","0","0","0","0","0","0","0","0","106","0","0","0",,,,,,,,"15","6","8",,,,,,,,"132","102","123",,,,,,,,"0","102","123",,,,,,,,"1","BD","6","0","0","0","0","0","0","0","9","16","16","0","0","0","0","0","0","0","Novices Hurdle (N Hunt)","Maiden Hurdle (N Hunt)","Maiden Hurdle (N Hunt)","n/a","n/a","n/a","n/a","n/a","n/a","n/a","0","0","70","70","66",,"0","0",,,
"15:10:00","Listowel","18","8","Sean Says (IRE)","103","98","98","98","102","106","108","109","111","113","114","115","-12","96","91","96","92","91","88","101","98","107","102","99","100","100","100","102","98","109","108","112","111","102","109","108","107","108","109","116","116","123","123","98","94","96","94","105","88","110","116","108","119","1","3","PU","15","6","7","12","11","PU","10","13","19","20","16","9","8","18","20","14","16","Handicap Hurdle (N Hunt)","Handicap Hurdle (N Hunt)","Handicap Hurdle (N Hunt)","Handicap Hurdle (N Hunt)","Handicap Hurdle (N Hunt)","Handicap Hurdle (N Hunt)","Handicap Hurdle (N Hunt)","Handicap Hurdle (N Hunt)","Handicap Hurdle (N Hunt)","Handicap Hurdle (N Hunt)","116","108","70","0",,,"116","108","109","103",
"15:10:00","Listowel","18","18","Shannon Gray (IRE)","93","87","87","85","85","89","91","92","92","92","92","0","1","80","80","80","85","80","80","80","80","0","0","84","86","85","94","87","98","91","93","28","21","93","90","96","102","95","109","102","108","98","99","87","86","83","98","95","100","100","94","0","0","1","3","4","PU","10","12","F","4","3","6","16","15","16","15","15","15","16","16","13","14","Handicap Hurdle (N Hunt)","Handicap Hurdle (N Hunt)","Handicap Hurdle (N Hunt)","Handicap Hurdle (N Hunt)","Handicap Hurdle (N Hunt)","Handicap Hurdle (N Hunt)","Handicap Hurdle (N Hunt)","Handicap Hurdle (N Hunt)","Maiden Hurdle (N Hunt)","Maiden Hurdle (N Hunt)","92","87",,,,,"92","87",,,
"15:10:00","Listowel","18","13","What An Ocean (IRE)","97",,"99","0","0","0","0","0","0","0","0","0","-2","86","0","0","0","0",,,,,,"95","20","7","22","6",,,,,,"102","99","98","104","81",,,,,,"93","98","0","104","0",,,,,,"11","7","2","2","6","0","0","0","0","0","13","15","15","12","13","0","0","0","0","0","Handicap Hurdle (N Hunt)","Maiden Hurdle (N Hunt)","Maiden Hurdle (N Hunt)","Maiden Hurdle (N Hunt)","Maiden Hurdle (N Hunt)","n/a","n/a","n/a","n/a","n/a","99",,,,,,"99",,,,
"15:10:00","Listowel","18","2","Wicklow Flyer (IRE)","109","106","106","107","107","108","108","109","0","0","0","0","0","0","91","86","80","83","103","0","0",,,"82","100","100","96","96","110","50","0",,,"116","109","109","108","110","121","124","0",,,"106","94","98","106","95","106","0","0",,,"1","PU","5","7","PU","7","7","1","0","0","15","19","13","12","12","9","7","10","0","0","Claimer Hurdle (N Hunt)","Handicap Hurdle (N Hunt)","Handicap Hurdle (N Hunt)","Handicap Hurdle (N Hunt)","Handicap Hurdle (N Hunt)","Handicap Hurdle (N Hunt)","Novices Hurdle (N Hunt)","Maiden Hurdle (N Hunt)","n/a","n/a","109","106",,,,,"109","106",,,
"15:40:00","Listowel","12","1","Alpesh Amin (IRE)","0",,"0","0","0","0","0","0","0","0","0","0","0","0","0","0",,,,,,,,"16","21","12",,,,,,,,"103","120","111",,,,,,,,"0","112","0",,,,,,,,"6","PU","PU","0","0","0","0","0","0","0","12","16","18","0","0","0","0","0","0","0","Maiden Hurdle (N Hunt)","Maiden Hurdle (N Hunt)","Maiden Hurdle (N Hunt)","n/a","n/a","n/a","n/a","n/a","n/a","n/a","0",,,,,,"0",,,,
"15:40:00","Listowel","12","2","Battle Of Mirbat (IRE)","0",,,"0","0","0","0","0","0","0","0","0","0",,,,,,,,,,,,,,,,,,,,,,,,,,,,,,,,,,,,,,,,,"0","0","0","0","0","0","0","0","0","0","0","0","0","0","0","0","0","0","0","0","n/a","n/a","n/a","n/a","n/a","n/a","n/a","n/a","n/a","n/a",,,,,,,,,,,
"15:40:00","Listowel","12","9","Glenstan (IRE)","0",,"0","0","0","0","0","0","0","0","0","0","0","0",,,,,,,,,,"20",,,,,,,,,,"110",,,,,,,,,,"107",,,,,,,,,,"8","0","0","0","0","0","0","0","0","0","11","0","0","0","0","0","0","0","0","0","Maiden Hurdle (N Hunt)","n/a","n/a","n/a","n/a","n/a","n/a","n/a","n/a","n/a","0",,,,,,"0",,,,
"15:40:00","Listowel","12","3","Ned The Smith (IRE)","84",,"87","0","0","0","0","0","0","0","0","0","-3","80","0","0","0",,,,,,,"85","18","14","6",,,,,,,"92","120","105","106",,,,,,,"82","0","0","0",,,,,,,"PU","8","16","8","0","0","0","0","0","0","16","18","20","18","0","0","0","0","0","0","Handicap Hurdle (N Hunt)","Maiden Hurdle (N Hunt)","Maiden Hurdle (N Hunt)","Maiden Hurdle (N Hunt)","n/a","n/a","n/a","n/a","n/a","n/a","87",,,,,,"87",,,,
"15:40:00","Listowel","12","4","Run For Pat (IRE)","109",,"111","111","109","119","109","0","0","0","0","0","-10","0","0","0","101","0","0","0","0",,,"19","10","28","112","17","29","0","8",,,"111","111","111","122","109","113","0","110",,,"0","0","0","109","0","0","0","0",,,"2","4","2","4","6","3","5","3","0","0","11","11","15","7","18","11","16","14","0","0","Maiden Hurdle (N Hunt)","Maiden Hurdle (N Hunt)","Maiden Hurdle (N Hunt)","Handicap Hurdle (N Hunt)","Maiden Hurdle (N Hunt)","Maiden Hurdle (N Hunt)","Maiden Hurdle (N Hunt)","Maiden Hurdle (N Hunt)","n/a","n/a","119",,,,,,"119",,,,
"15:40:00","Listowel","12","10","Saint Bernadette (IRE)","94",,"0","0","0","0","0","0","0","0","0","0","94","0","0","0","0",,,,,,,"8","13","4","8",,,,,,,"92","105","84","112",,,,,,,"0","99","0","112",,,,,,,"11","4","12","14","0","0","0","0","0","0","12","16","19","14","0","0","0","0","0","0","Maiden Hurdle (N Hunt)","Maiden Hurdle (N Hunt)","Maiden Hurdle (N Hunt)","Maiden Hurdle (N Hunt)","n/a","n/a","n/a","n/a","n/a","n/a","0",,,,,,"0",,,,
"15:40:00","Listowel","12","5","Sir Daniel (IRE)","0",,"0","0","0","0","0","0","0","0","0","0","0","0","0",,,,,,,,,"17","18",,,,,,,,,"112","120",,,,,,,,,"102","0",,,,,,,,,"15","PU","0","0","0","0","0","0","0","0","19","18","0","0","0","0","0","0","0","0","Maiden Hurdle (N Hunt)","Maiden Hurdle (N Hunt)","n/a","n/a","n/a","n/a","n/a","n/a","n/a","n/a","0",,,,,,"0",,,,
"15:40:00","Listowel","12","6","Tipp For Mac (IRE)","0",,,"0","0","0","0","0","0","0","0","0","0",,,,,,,,,,,,,,,,,,,,,,,,,,,,,,,,,,,,,,,,,"0","0","0","0","0","0","0","0","0","0","0","0","0","0","0","0","0","0","0","0","n/a","n/a","n/a","n/a","n/a","n/a","n/a","n/a","n/a","n/a",,,,,,,,,,,
"15:40:00","Listowel","12","11","Twolittlegirls (IRE)","0",,,"0","0","0","0","0","0","0","0","0","0",,,,,,,,,,,,,,,,,,,,,,,,,,,,,,,,,,,,,,,,,"0","0","0","0","0","0","0","0","0","0","0","0","0","0","0","0","0","0","0","0","n/a","n/a","n/a","n/a","n/a","n/a","n/a","n/a","n/a","n/a",,,,,,,,,,,
"15:40:00","Listowel","12","12","Wee Birl (IRE)","0",,,"0","0","0","0","0","0","0","0","0","0",,,,,,,,,,,,,,,,,,,,,,,,,,,,,,,,,,,,,,,,,"0","0","0","0","0","0","0","0","0","0","0","0","0","0","0","0","0","0","0","0","n/a","n/a","n/a","n/a","n/a","n/a","n/a","n/a","n/a","n/a",,,,,,,,,,,
"15:40:00","Listowel","12","7","What Path (FR)","0",,,"0","0","0","0","0","0","0","0","0","0",,,,,,,,,,,,,,,,,,,,,,,,,,,,,,,,,,,,,,,,,"0","0","0","0","0","0","0","0","0","0","0","0","0","0","0","0","0","0","0","0","n/a","n/a","n/a","n/a","n/a","n/a","n/a","n/a","n/a","n/a",,,,,,,,,,,
"15:40:00","Listowel","12","8","Whos Houdini (IRE)","0",,"0","0","0","0","0","0","0","0","0","0","0","0","0","0",,,,,,,,"10","0","7",,,,,,,,"99","0","116",,,,,,,,"0","0","0",,,,,,,,"3","4","11","0","0","0","0","0","0","0","10","13","17","0","0","0","0","0","0","0","Maiden Hurdle (N Hunt)","Maiden Hurdle (N Hunt)","Maiden Hurdle (N Hunt)","n/a","n/a","n/a","n/a","n/a","n/a","n/a","0",,,,,,"0",,,,
"16:10:00","Listowel","6","4","Barnacullia (IRE)","0",,,"0","0","0","0","0","0","0","0","0","0",,,,,,,,,,,,,,,,,,,,,,,,,,,,,,,,,,,,,,,,,"0","0","0","0","0","0","0","0","0","0","0","0","0","0","0","0","0","0","0","0","n/a","n/a","n/a","n/a","n/a","n/a","n/a","n/a","n/a","n/a",,,,,,,"127","114",,,
"16:10:00","Listowel","6","5","Chemical Energy (IRE)","0",,"0","0","0","0","0","0","0","0","0","0","0","0",,,,,,,,,,"26",,,,,,,,,,"141",,,,,,,,,,"0",,,,,,,,,,"5","0","0","0","0","0","0","0","0","0","10","0","0","0","0","0","0","0","0","0","Beginners Chase (N Hunt)","n/a","n/a","n/a","n/a","n/a","n/a","n/a","n/a","n/a","0",,,,,,"137","0","0",,
"16:10:00","Listowel","6","1","Cornerkova (IRE)","128","120","128","120","0","0","0","0","0","0","0","0","0","108","112","0","0",,,,,,,"120","121","36","31",,,,,,,"130","133","118","128",,,,,,,"123","120","0","125",,,,,,,"F","1","1","6","0","0","0","0","0","0","9","6","9","12","0","0","0","0","0","0","Handicap Chase (N Hunt)","Handicap Chase (N Hunt)","Beginners Chase (N Hunt)","Beginners Chase (N Hunt)","n/a","n/a","n/a","n/a","n/a","n/a","128","120",,,,,"102","97","128","120",
"16:10:00","Listowel","6","2","Ferdia (IRE)","128","121","128","126","121","121","118","118","118","118","115","0","0","0","119","0","116","0","118","0","0","0","0","101","131","98","126","24","129","44","36","31","9","135","143","136","137","118","142","118","118","128","123","121","128","121","137","0","118","0","0","125","0","4","3","1","3","3","2","2","2","3","3","6","13","4","10","5","7","5","9","12","14","Chase (N Hunt)","Handicap Chase (N Hunt)","Chase (N Hunt)","Handicap Chase (N Hunt)","Novices Chase (N Hunt)","Handicap Chase (N Hunt)","Novices Chase (N Hunt)","Beginners Chase (N Hunt)","Beginners Chase (N Hunt)","Beginners Chase (N Hunt)","128","121",,,,,"119","0","128","121",
"16:10:00","Listowel","6","6","Matties Mountain (IRE)","0",,"0","0","0","0","0","0","0","0","0","0","0","0","0","0",,,,,,,,"16","0","18",,,,,,,,"122","0","124",,,,,,,,"0","0","0",,,,,,,,"PU","4","5","0","0","0","0","0","0","0","15","18","7","0","0","0","0","0","0","0","Beginners Chase (N Hunt)","Beginners Chase (N Hunt)","Novices Chase (N Hunt)","n/a","n/a","n/a","n/a","n/a","n/a","n/a","0",,,,,,"112","103","0",,
"16:10:00","Listowel","6","3","Whosgotyanow (IRE)","0","0","0","0","0","0","0","0","0","0","0","0","0","0","0",,,,,,,,,"26","19",,,,,,,,,"116","130",,,,,,,,,"0","0",,,,,,,,,"1","7","0","0","0","0","0","0","0","0","8","11","0","0","0","0","0","0","0","0","Beginners Chase (N Hunt)","Beginners Chase (N Hunt)","n/a","n/a","n/a","n/a","n/a","n/a","n/a","n/a","0","0",,,,,"120","0","0","0",
"16:40:00","Listowel","5","3","Call Me Lyreen (IRE)","0","0","0","0","0","0","0","0","0","0","0","0","0","0","0","0","0","0",,,,,,"19","38","29","0","10",,,,,,"97","136","95","0","125",,,,,,"0","0","0","0","0",,,,,,"2","2","1","1","4","0","0","0","0","0","5","7","6","6","13","0","0","0","0","0","Novices Chase (N Hunt)","Novices Chase (N Hunt)","Novices Chase (N Hunt)","Beginners Chase (N Hunt)","Beginners Chase (N Hunt)","n/a","n/a","n/a","n/a","n/a","0","0",,,,,"152","138","0","0",
"16:40:00","Listowel","5","1","Easy Game (FR)","159","160","160","160","160","160","160","161","161","161","157","157","-2","143","0","119","0","150","159","0","161","140","135","149","111","137","130","156","162","124","162","147","151","160","160","160","162","164","165","161","163","158","162","155","160","160","160","160","165","161","161","153","158","10","1","1","1","1","3","F","1","2","PU","21","4","4","9","6","4","5","3","22","7","Handicap Chase (N Hunt)","Chase (N Hunt)","Chase (N Hunt)","Chase (N Hunt)","Chase (N Hunt)","Chase (N Hunt)","Chase (N Hunt)","Chase (N Hunt)","Handicap Chase (N Hunt)","Chase (N Hunt)","161","161",,,,,"142","138","161","161",
"16:40:00","Listowel","5","2","Kemboy (FR)","165","168","165","166","165","163","166","167","169","168","168","168","-4","164","150","157","153","153","158","147","162","152","154","168","162","164","163","163","166","166","166","162","165","176","168","175","174","174","170","175","170","170","171","176","168","157","165","174","170","164","168","167","165","4","3","5","3","8","4","9","1","2","2","9","9","8","8","10","6","12","5","14","4","Chase (N Hunt)","Chase (N Hunt)","Chase (N Hunt)","Chase (N Hunt)","Chase (N Hunt)","Chase (N Hunt)","Chase (N Hunt)","Chase (N Hunt)","Chase (N Hunt)","Chase (N Hunt)","177","174",,,,,"144","0","177","174",
"16:40:00","Listowel","5","4","The Dara Man (IRE)","129","118","129","128","128","118","119","121","122","122","109","0","0","107","119","0","118","119","118","104","121","100","0","121","131","38","129","137","129","117","126","112","0","132","143","136","142","160","144","131","131","125","0","132","128","0","118","160","118","119","125","109","0","PU","4","7","1","4","9","5","5","1","9","7","13","7","7","4","15","11","8","8","18","Handicap Chase (N Hunt)","Handicap Chase (N Hunt)","Novices Chase (N Hunt)","Handicap Chase (N Hunt)","Chase (N Hunt)","Handicap Chase (N Hunt)","Handicap Chase (N Hunt)","Novices Chase (N Hunt)","Handicap Novices Chase (N Hunt)","Beginners Chase (N Hunt)","129","118",,,,,"117","0","129","118",
"16:40:00","Listowel","5","5","The Little Yank (IRE)","130","121","121","0","0","0","0","0","0","0","0","0","9","0","0","0",,,,,,,,"101","23","107",,,,,,,,"135","113","149",,,,,,,,"121","0","142",,,,,,,,"1","2","3","0","0","0","0","0","0","0","6","5","5","0","0","0","0","0","0","0","Chase (N Hunt)","Novices Chase (N Hunt)","Novices Chase (N Hunt)","n/a","n/a","n/a","n/a","n/a","n/a","n/a","121","121",,,,,"130","125","121","121",
"17:10:00","Listowel","13","1","Badgerisland (IRE)","0",,,"0","0","0","0","0","0","0","0","0","0",,,,,,,,,,,,,,,,,,,,,,,,,,,,,,,,,,,,,,,,,"0","0","0","0","0","0","0","0","0","0","0","0","0","0","0","0","0","0","0","0","n/a","n/a","n/a","n/a","n/a","n/a","n/a","n/a","n/a","n/a",,,,,,,"0",,,,
"17:10:00","Listowel","13","2","Bright Lad (IRE)","0",,,"0","0","0","0","0","0","0","0","0","0",,,,,,,,,,,,,,,,,,,,,,,,,,,,,,,,,,,,,,,,,"0","0","0","0","0","0","0","0","0","0","0","0","0","0","0","0","0","0","0","0","n/a","n/a","n/a","n/a","n/a","n/a","n/a","n/a","n/a","n/a","0",,,,,,"0",,,,
"17:10:00","Listowel","13","3","Cillians Charm (IRE)","110",,,"0","0","0","0","0","0","0","0","0","110",,,,,,,,,,,,,,,,,,,,,,,,,,,,,,,,,,,,,,,,,"0","0","0","0","0","0","0","0","0","0","0","0","0","0","0","0","0","0","0","0","n/a","n/a","n/a","n/a","n/a","n/a","n/a","n/a","n/a","n/a","110",,,,,,,,,,
"17:10:00","Listowel","13","4","Knockwilliambridge (IRE)","0",,,"0","0","0","0","0","0","0","0","0","0",,,,,,,,,,,,,,,,,,,,,,,,,,,,,,,,,,,,,,,,,"0","0","0","0","0","0","0","0","0","0","0","0","0","0","0","0","0","0","0","0","n/a","n/a","n/a","n/a","n/a","n/a","n/a","n/a","n/a","n/a","0",,,,,,,,,,
"17:10:00","Listowel","13","5","Master Player (IRE)","0",,,"0","0","0","0","0","0","0","0","0","0",,,,,,,,,,,,,,,,,,,,,,,,,,,,,,,,,,,,,,,,,"0","0","0","0","0","0","0","0","0","0","0","0","0","0","0","0","0","0","0","0","n/a","n/a","n/a","n/a","n/a","n/a","n/a","n/a","n/a","n/a","0",,,,,,,,,,
"17:10:00","Listowel","13","11","Native Cloud (IRE)","0",,,"0","0","0","0","0","0","0","0","0","0",,,,,,,,,,,,,,,,,,,,,,,,,,,,,,,,,,,,,,,,,"0","0","0","0","0","0","0","0","0","0","0","0","0","0","0","0","0","0","0","0","n/a","n/a","n/a","n/a","n/a","n/a","n/a","n/a","n/a","n/a","0",,,,,,,,,,
"17:10:00","Listowel","13","12","One For Lucy (IRE)","0",,,"0","0","0","0","0","0","0","0","0","0",,,,,,,,,,,,,,,,,,,,,,,,,,,,,,,,,,,,,,,,,"0","0","0","0","0","0","0","0","0","0","0","0","0","0","0","0","0","0","0","0","n/a","n/a","n/a","n/a","n/a","n/a","n/a","n/a","n/a","n/a","0",,,,,,"0",,,,
"17:10:00","Listowel","13","6","Ozark Thunder (IRE)","0",,,"0","0","0","0","0","0","0","0","0","0",,,,,,,,,,,,,,,,,,,,,,,,,,,,,,,,,,,,,,,,,"0","0","0","0","0","0","0","0","0","0","0","0","0","0","0","0","0","0","0","0","n/a","n/a","n/a","n/a","n/a","n/a","n/a","n/a","n/a","n/a","0",,,,,,,,,,
"17:10:00","Listowel","13","7","Polo Lounge (IRE)","0",,,"0","0","0","0","0","0","0","0","0","0",,,,,,,,,,,,,,,,,,,,,,,,,,,,,,,,,,,,,,,,,"0","0","0","0","0","0","0","0","0","0","0","0","0","0","0","0","0","0","0","0","n/a","n/a","n/a","n/a","n/a","n/a","n/a","n/a","n/a","n/a","0",,,,,,,,,,
"17:10:00","Listowel","13","8","Rebel Pat (IRE)","0",,,"0","0","0","0","0","0","0","0","0","0",,,,,,,,,,,,,,,,,,,,,,,,,,,,,,,,,,,,,,,,,"0","0","0","0","0","0","0","0","0","0","0","0","0","0","0","0","0","0","0","0","n/a","n/a","n/a","n/a","n/a","n/a","n/a","n/a","n/a","n/a",,,,,,,,,,,
"17:10:00","Listowel","13","9","Val The Man (IRE)","0",,,"0","0","0","0","0","0","0","0","0","0",,,,,,,,,,,,,,,,,,,,,,,,,,,,,,,,,,,,,,,,,"0","0","0","0","0","0","0","0","0","0","0","0","0","0","0","0","0","0","0","0","n/a","n/a","n/a","n/a","n/a","n/a","n/a","n/a","n/a","n/a","0",,,,,,"0",,,,
"17:10:00","Listowel","13","13","Velvet Reel (IRE)","0",,,"0","0","0","0","0","0","0","0","0","0",,,,,,,,,,,,,,,,,,,,,,,,,,,,,,,,,,,,,,,,,"0","0","0","0","0","0","0","0","0","0","0","0","0","0","0","0","0","0","0","0","n/a","n/a","n/a","n/a","n/a","n/a","n/a","n/a","n/a","n/a",,,,,,,,,,,
"17:10:00","Listowel","13","10","Watergrangedreamer (IRE)","0",,,"0","0","0","0","0","0","0","0","0","0",,,,,,,,,,,,,,,,,,,,,,,,,,,,,,,,,,,,,,,,,"0","0","0","0","0","0","0","0","0","0","0","0","0","0","0","0","0","0","0","0","n/a","n/a","n/a","n/a","n/a","n/a","n/a","n/a","n/a","n/a","0",,,,,,,,,,
"13:50:00","Plumpton","3","1","Indigo Lake","0",,"0","0","0","0","0","0","0","0","0","0","0","0","0",,,,,,,,,"26","16",,,,,,,,,"125","115",,,,,,,,,"125","108",,,,,,,,,"5","4","0","0","0","0","0","0","0","0","9","14","0","0","0","0","0","0","0","0","Maiden Hurdle (N Hunt)","Hurdle (N Hunt)","n/a","n/a","n/a","n/a","n/a","n/a","n/a","n/a","0",,"91","78","85","85","0",,,,
"13:50:00","Plumpton","3","4","Lusaka (IRE)","105",,"105","0","0","0","0","0","0","0","0","0","0","0","0","0",,,,,,,,"27","24","20",,,,,,,,"108","122","103",,,,,,,,"0","122","0",,,,,,,,"2","2","4","0","0","0","0","0","0","0","8","5","10","0","0","0","0","0","0","0","Maiden Hurdle (N Hunt)","Novices Hurdle (N Hunt)","Maiden Hurdle (N Hunt)","n/a","n/a","n/a","n/a","n/a","n/a","n/a","105",,"82",,"0",,"105",,,,
"13:50:00","Plumpton","3","2","Mordred (IRE)","94",,"94","97","102","107","0","0","0","0","0","0","-13","84","89","88","0","0","0",,,,,"102","101","102","9","50","18",,,,,"112","116","110","107","119","109",,,,,"97","93","88","0","113","109",,,,,"4","6","4","5","3","2","0","0","0","0","9","9","4","12","7","12","0","0","0","0","Handicap Hurdle (N Hunt)","Handicap Hurdle (N Hunt)","Handicap Hurdle (N Hunt)","Maiden Hurdle (N Hunt)","Novices Hurdle (N Hunt)","Maiden Hurdle (N Hunt)","n/a","n/a","n/a","n/a","107",,"95","89","85","78","107",,,,
"14:20:00","Plumpton","6","5","Agent Saonois (FR)","76",,,"0","0","0","0","0","0","0","0","0","76",,,,,,,,,,,,,,,,,,,,,,,,,,,,,,,,,,,,,,,,,"0","0","0","0","0","0","0","0","0","0","0","0","0","0","0","0","0","0","0","0","n/a","n/a","n/a","n/a","n/a","n/a","n/a","n/a","n/a","n/a",,,"63",,,,"77","73",,,
"14:20:00","Plumpton","6","4","Arbennig (IRE)","85","85","86","86","85","86","84","89","0","0","0","0","-4","73","77","80","79","78","72",,,,,"85","85","88","89","92","87",,,,,"98","103","105","107","105","102",,,,,"85","92","85","104","105","72",,,,,"6","4","1","6","2","PU","0","0","0","0","9","6","5","9","7","12","0","0","0","0","Handicap Novices Chase (N Hunt)","Handicap Novices Chase (N Hunt)","Handicap Novices Chase (N Hunt)","Handicap Chase (N Hunt)","Handicap Novices Chase (N Hunt)","Handicap Chase (N Hunt)","n/a","n/a","n/a","n/a","89","85",,,,,"0",,"89","85",
"14:20:00","Plumpton","6","3","Easkey Lad (IRE)","87",,"89","0","0","0","0","0","0","0","0","0","-2","79",,,,,,,,,,"92",,,,,,,,,,"107",,,,,,,,,,"104",,,,,,,,,,"4","0","0","0","0","0","0","0","0","0","11","0","0","0","0","0","0","0","0","0","Handicap Chase (N Hunt)","n/a","n/a","n/a","n/a","n/a","n/a","n/a","n/a","n/a","89",,"55",,"50",,"105","92","89",,
"14:20:00","Plumpton","6","1","Heronord (FR)","100",,"101","102","103","102","105","108","108","108","0","0","-8","75","76","95","85","78","94","102","98",,,"86","90","104","95","91","110","107","106",,,"101","102","114","102","105","120","112","110",,,"87","87","95","90","78","120","112","98",,,"4","4","4","2","PU","3","5","UR","0","0","9","6","5","6","9","4","5","5","0","0","Handicap Chase (N Hunt)","Handicap Chase (N Hunt)","Handicap Novices Chase (N Hunt)","Handicap Chase (N Hunt)","Handicap Novices Chase (N Hunt)","Handicap Novices Chase (N Hunt)","Handicap Chase (N Hunt)","Handicap Novices Chase (N Hunt)","n/a","n/a","108",,,,,,"110",,"108",,
"14:20:00","Plumpton","6","2","Right Destination (IRE)","87",,"88","99","0","0","0","0","0","0","0","0","-12","79","99",,,,,,,,,"94","109",,,,,,,,,"107","117",,,,,,,,,"79","117",,,,,,,,,"3","3","0","0","0","0","0","0","0","0","9","3","0","0","0","0","0","0","0","0","Handicap Novices Chase (N Hunt)","Handicap Novices Chase (N Hunt)","n/a","n/a","n/a","n/a","n/a","n/a","n/a","n/a","99",,,,,,"107",,"99",,
"14:20:00","Plumpton","6","6","Special Buddy (IRE)","76",,"84","81","82","81","81","79","83","86","88","92","-16","84","70","79","77","68","79","79","74","74","78","95","83","90","89","81","89","94","86","86","92","112","101","105","106","92","102","107","100","100","107","87","93","102","100","77","95","105","94","82","86","5","6","3","2","3","2","5","PU","F","5","8","12","9","10","13","10","15","12","10","7","Handicap Chase (N Hunt)","Handicap Chase (N Hunt)","Handicap Chase (N Hunt)","Handicap Chase (N Hunt)","Handicap Chase (N Hunt)","Handicap Chase (N Hunt)","Handicap Novices Chase (N Hunt)","Handicap Chase (N Hunt)","Handicap Chase (N Hunt)","Handicap Novices Chase (N Hunt)","92",,,,,,"0",,"92",,
"14:50:00","Plumpton","6","2","Borntobealeader (IRE)","0",,,"0","0","0","0","0","0","0","0","0","0",,,,,,,,,,,,,,,,,,,,,,,,,,,,,,,,,,,,,,,,,"0","0","0","0","0","0","0","0","0","0","0","0","0","0","0","0","0","0","0","0","n/a","n/a","n/a","n/a","n/a","n/a","n/a","n/a","n/a","n/a",,,"72","68","74",,,,,,
"14:50:00","Plumpton","6","7","Boudica Warrior (IRE)","84",,"0","0","0","0","0","0","0","0","0","0","84","0","0",,,,,,,,,"0","0",,,,,,,,,"0","0",,,,,,,,,"0","0",,,,,,,,,"4","3","0","0","0","0","0","0","0","0","7","5","0","0","0","0","0","0","0","0","Maiden Hurdle (N Hunt)","Hurdle (N Hunt)","n/a","n/a","n/a","n/a","n/a","n/a","n/a","n/a","0",,"60",,"62",,"0",,,,
"14:50:00","Plumpton","6","3","Executive Pool","0",,"0","0","0","0","0","0","0","0","0","0","0","0",,,,,,,,,,"43",,,,,,,,,,"107",,,,,,,,,,"0",,,,,,,,,,"4","0","0","0","0","0","0","0","0","0","5","0","0","0","0","0","0","0","0","0","Hurdle (N Hunt)","n/a","n/a","n/a","n/a","n/a","n/a","n/a","n/a","n/a","0",,"55","50","55",,"0",,,,
"14:50:00","Plumpton","6","4","I Have A Voice (IRE)","0",,,"0","0","0","0","0","0","0","0","0","0",,,,,,,,,,,,,,,,,,,,,,,,,,,,,,,,,,,,,,,,,"0","0","0","0","0","0","0","0","0","0","0","0","0","0","0","0","0","0","0","0","n/a","n/a","n/a","n/a","n/a","n/a","n/a","n/a","n/a","n/a",,,"78","67",,,,,,,
"14:50:00","Plumpton","6","1","Mr Freedom","102","0","0","0","0","0","0","0","0","0","0","0","102","0","0",,,,,,,,,"43","0",,,,,,,,,"107","0",,,,,,,,,"0","0",,,,,,,,,"1","3","0","0","0","0","0","0","0","0","5","7","0","0","0","0","0","0","0","0","Hurdle (N Hunt)","Maiden Hurdle (N Hunt)","n/a","n/a","n/a","n/a","n/a","n/a","n/a","n/a","0","0","59",,"0",,"0","0",,,
"14:50:00","Plumpton","6","6","Starspangledjama (IRE)","0",,,"0","0","0","0","0","0","0","0","0","0",,,,,,,,,,,,,,,,,,,,,,,,,,,,,,,,,,,,,,,,,"0","0","0","0","0","0","0","0","0","0","0","0","0","0","0","0","0","0","0","0","n/a","n/a","n/a","n/a","n/a","n/a","n/a","n/a","n/a","n/a",,,"46",,"0",,,,,,
"15:20:00","Plumpton","7","5","Glimpse Of Gold","121","120","122","123","124","120","116","112","113","113","110","112","-3","107","111","111","95","105","98","94","109","106","95","116","120","123","106","109","111","109","119","110","102","124","132","137","120","116","117","114","130","116","112","124","111","118","120","116","112","106","119","110","102","2","5","6","1","1","1","3","4","1","3","6","6","7","7","3","5","6","7","6","7","Handicap Hurdle (N Hunt)","Handicap Hurdle (N Hunt)","Handicap Hurdle (N Hunt)","Handicap Hurdle (N Hunt)","Handicap Hurdle (N Hunt)","Handicap Hurdle (N Hunt)","Handicap Hurdle (N Hunt)","Handicap Hurdle (N Hunt)","Handicap Hurdle (N Hunt)","Handicap Hurdle (N Hunt)","124","120",,,,,"124","120","99",,
"15:20:00","Plumpton","7","4","Just The Man (FR)","123","117","122","122","122","122","117","113","114","114","109","111","1","108","105","0","122","107","87","109","105","89","0","117","115","25","128","115","102","119","115","107","25","122","122","124","143","125","117","130","122","115","115","120","115","124","133","117","108","119","115","109","115","2","3","2","9","1","2","3","5","1","3","5","7","10","16","5","9","7","18","7","9","Handicap Hurdle (N Hunt)","Handicap Hurdle (N Hunt)","Novices Hurdle (N Hunt)","Handicap Hurdle (N Hunt)","Handicap Hurdle (N Hunt)","Handicap Novices Hurdle (N Hunt)","Handicap Hurdle (N Hunt)","Handicap Novices Hurdle (N Hunt)","Handicap Hurdle (N Hunt)","Novices Hurdle (N Hunt)","122","117","91","80","92","89","122","117",,,
"15:20:00","Plumpton","7","6","Rays The One","108","107","111","114","114","114","107","110","0","0","0","0","-6","104","108","102","105","78","95","0","0","0",,"117","114","115","115","92","105","12","21","15",,"127","120","122","125","107","110","111","117","118",,"117","110","118","106","107","108","0","0","0",,"5","7","5","3","1","6","4","VOI","4","0","6","8","7","10","11","6","9","11","8","0","Handicap Hurdle (N Hunt)","Handicap Novices Hurdle (N Hunt)","Handicap Novices Hurdle (N Hunt)","Handicap Hurdle (N Hunt)","Handicap Hurdle (N Hunt)","Handicap Novices Hurdle (N Hunt)","Maiden Hurdle (N Hunt)","Maiden Hurdle (N Hunt)","Hurdle (N Hunt)","n/a","114","107","70",,"70","65","114","107",,,
"15:20:00","Plumpton","7","3","Runrized (FR)","125","121","130","123","121","122","0","0","0","0","0","0","-5","117","0","0","0","0","0","0","0",,,"126","71","9","9","0","0","82","0",,,"133","123","121","122","0","0","151","0",,,"133","121","121","0","0","0","0","0",,,"PU","5","1","PU","PU","12","11","4","0","0","7","5","13","14","15","17","14","24","0","0","Handicap Hurdle (N Hunt)","Novices Hurdle (N Hunt)","Maiden Hurdle (N Hunt)","Maiden Hurdle (N Hunt)","Maiden Hurdle (N Hunt)","Maiden Hurdle (N Hunt)","Hurdle (N Hunt)","Maiden Hurdle (N Hunt)","n/a","n/a","130","121","84",,,,"130","121",,,
"15:20:00","Plumpton","7","1","See The Sea (IRE)","129","128","130","130","128","130","123","114","114","116","114","116","-1","105","122","120","109","113","114","107","101","96","93","117","132","126","119","120","119","112","111","107","102","130","148","129","130","126","127","115","116","117","116","112","129","128","119","123","114","114","101","96","100","4","13","1","5","1","1","1","2","2","3","6","16","3","7","6","7","6","4","6","7","Handicap Hurdle (N Hunt)","Handicap Hurdle (N Hunt)","Handicap Hurdle (N Hunt)","Handicap Hurdle (N Hunt)","Handicap Hurdle (N Hunt)","Handicap Hurdle (N Hunt)","Handicap Hurdle (N Hunt)","Handicap Hurdle (N Hunt)","Handicap Hurdle (N Hunt)","Handicap Hurdle (N Hunt)","130","128","71","70","69",,"130","128",,,
"15:20:00","Plumpton","7","7","Sergeant (FR)","103","99","99","96","97","97","97","92","84","84","84","75","4","84","74","82","73","97","74","76","76","79","72","96","88","91","85","105","86","87","91","93","84","104","101","105","99","112","100","100","106","107","102","99","74","86","85","112","88","84","84","105","75","1","2","4","2","2","2","1","1","F","1","9","11","7","9","9","7","10","12","11","14","Handicap Hurdle (N Hunt)","Handicap Hurdle (N Hunt)","Handicap Hurdle (N Hunt)","Handicap Novices Hurdle (N Hunt)","Handicap Hurdle (N Hunt)","Handicap Novices Hurdle (N Hunt)","Handicap Hurdle (N Hunt)","Handicap Hurdle (N Hunt)","Handicap Hurdle (N Hunt)","Handicap Hurdle (N Hunt)","99","99",,,,,"99","99",,,
"15:20:00","Plumpton","7","2","Thibault","128","122","122","125","118","122","122","123","125","127","127","128","0","109","122","101","96","117","123","123","120","116","119","121","128","111","111","130","133","132","127","124","130","125","143","118","122","141","149","145","132","128","144","122","133","118","110","139","130","138","120","116","144","1","7","1","5","UR","3","2","3","2","5","6","16","5","9","12","11","8","10","5","12","Handicap Hurdle (N Hunt)","Handicap Hurdle (N Hunt)","Handicap Hurdle (N Hunt)","Handicap Hurdle (N Hunt)","Handicap Hurdle (N Hunt)","Handicap Hurdle (N Hunt)","Handicap Hurdle (N Hunt)","Handicap Hurdle (N Hunt)","Handicap Hurdle (N Hunt)","Handicap Hurdle (N Hunt)","128","122","70","64","71",,"128","122","115",,
"15:50:00","Plumpton","4","4","Barest Of Margins (IRE)","102",,"102","98","98","0","0","0","0","0","0","0","0","79","77","73",,,,,,,,"94","97","85",,,,,,,,"107","112","98",,,,,,,,"79","97","85",,,,,,,,"2","F","2","0","0","0","0","0","0","0","9","5","9","0","0","0","0","0","0","0","Handicap Novices Chase (N Hunt)","Handicap Chase (N Hunt)","Handicap Novices Chase (N Hunt)","n/a","n/a","n/a","n/a","n/a","n/a","n/a","102",,,,,,"0",,"102",,
"15:50:00","Plumpton","4","2","Fairway Freddy (IRE)","117","114","118","114","118","119","123","123","126","126","119","120","-9","113","110","110","104","108","114","123","126","112","120","118","113","115","114","117","123","127","135","119","124","124","116","118","119","126","131","134","142","125","131","124","114","114","115","126","127","134","130","119","121","5","1","3","PU","8","3","3","PU","1","4","5","3","4","6","9","9","6","8","5","7","Handicap Chase (N Hunt)","Handicap Chase (N Hunt)","Handicap Chase (N Hunt)","Handicap Chase (N Hunt)","Handicap Chase (N Hunt)","Handicap Chase (N Hunt)","Handicap Chase (N Hunt)","Handicap Novices Chase (N Hunt)","Handicap Chase (N Hunt)","Handicap Novices Chase (N Hunt)","126","119",,,,,"120","112","126","119",
"15:50:00","Plumpton","4","3","Only Money (IRE)","112","109","116","109","111","113","101","104","0","0","0","0","-4","109","108","111","92","88","104",,,,,"116","112","118","105","103","114",,,,,"119","116","127","116","110","122",,,,,"109","109","113","116","101","122",,,,,"3","1","2","4","1","5","0","0","0","0","6","5","4","5","7","6","0","0","0","0","Handicap Novices Chase (N Hunt)","Handicap Novices Chase (N Hunt)","Handicap Chase (N Hunt)","Handicap Chase (N Hunt)","Handicap Chase (N Hunt)","Handicap Novices Chase (N Hunt)","n/a","n/a","n/a","n/a","116","109",,,,,"0",,"116","109",
"15:50:00","Plumpton","4","5","Trumps Benefit (IRE)","94","89","92","92","89","91","93","95","97","98","98","99","-5","79","72","78","90","71","74","85","97","75","74","89","83","88","99","86","90","95","103","87","87","105","98","102","105","97","101","102","111","98","100","79","89","89","105","75","101","90","111","85","92","4","3","1","UR","5","4","4","3","2","3","7","10","9","6","9","11","6","6","6","10","Handicap Chase (N Hunt)","Handicap Chase (N Hunt)","Handicap Chase (N Hunt)","Handicap Chase (N Hunt)","Handicap Chase (N Hunt)","Handicap Chase (N Hunt)","Handicap Chase (N Hunt)","Handicap Chase (N Hunt)","Handicap Chase (N Hunt)","Handicap Chase (N Hunt)","102","95",,,,,"94",,"102","95",
"16:20:00","Plumpton","13","9","Andapa (FR)","84","80","86","89","90","91","91","80","75","80","85","90","-7","79","68","80","76","77","74","70","69","74","86","95","83","94","90","88","85","82","83","86","93","107","94","102","102","99","98","96","95","100","100","79","93","80","76","78","80","75","87","94","86","4","5","3","3","3","1","1","5","5","9","6","9","12","12","14","10","10","12","10","16","Handicap Hurdle (N Hunt)","Handicap Hurdle (N Hunt)","Handicap Hurdle (N Hunt)","Handicap Hurdle (N Hunt)","Handicap Novices Hurdle (N Hunt)","Handicap Hurdle (N Hunt)","Handicap Novices Hurdle (N Hunt)","Handicap Hurdle (N Hunt)","Handicap Novices Hurdle (N Hunt)","Handicap Hurdle (N Hunt)","98","80",,,,,"98","80",,,
"16:20:00","Plumpton","13","10","Boomtime Banker (IRE)","78","74","74","47","0","0","0","0","0","0","0","0","4","74","0","0","0","0",,,,,,"85","19","10","39","43",,,,,,"101","120","125","133","131",,,,,,"74","0","0","0","128",,,,,,"1","6","10","11","9","0","0","0","0","0","8","9","12","13","12","0","0","0","0","0","Handicap Novices Hurdle (N Hunt)","Novices Hurdle (N Hunt)","Novices Hurdle (N Hunt)","Novices Hurdle (N Hunt)","Novices Hurdle (N Hunt)","n/a","n/a","n/a","n/a","n/a","74","74",,,,,"74","74",,,
"16:20:00","Plumpton","13","1","Cadeau Dor (FR)","104",,"105","107","0","0","0","0","0","0","0","0","-3","79","102","0","0",,,,,,,"96","111","22","78",,,,,,,"105","120","110","134",,,,,,,"104","115","0","134",,,,,,,"3","7","4","3","0","0","0","0","0","0","8","9","5","5","0","0","0","0","0","0","Handicap Hurdle (N Hunt)","Handicap Hurdle (N Hunt)","Maiden Hurdle (N Hunt)","Novices Hurdle (N Hunt)","n/a","n/a","n/a","n/a","n/a","n/a","107",,"82","74","82",,"107",,,,
"16:20:00","Plumpton","13","2","Cherry Cola","102",,"105","105","0","0","0","0","0","0","0","0","-3","92","0","0","0","0",,,,,,"108","53","10","30","29",,,,,,"115","128","129","120","117",,,,,,"115","119","129","0","0",,,,,,"8","9","3","UR","3","0","0","0","0","0","12","9","13","8","8","0","0","0","0","0","Handicap Hurdle (N Hunt)","Novices Hurdle (N Hunt)","Novices Hurdle (N Hunt)","Maiden Hurdle (N Hunt)","Maiden Hurdle (N Hunt)","n/a","n/a","n/a","n/a","n/a","105",,"71","66","52",,"105",,,,
"16:20:00","Plumpton","13","11","Chivers (IRE)","78",,"90","90","91","93","94","95","95","94","95","100","-22","74","74","84","72","74","74","84","87","79","84","92","88","105","90","93","87","96","94","89","95","102","97","112","101","102","100","106","102","99","100","100","97","84","92","99","91","92","90","87","95","5","3","PU","9","7","4","7","3","4","PU","11","12","15","13","12","9","10","9","10","10","Handicap Hurdle (N Hunt)","Handicap Hurdle (N Hunt)","Handicap Hurdle (N Hunt)","Handicap Hurdle (N Hunt)","Handicap Hurdle (N Hunt)","Handicap Hurdle (N Hunt)","Handicap Hurdle (N Hunt)","Handicap Hurdle (N Hunt)","Handicap Novices Hurdle (N Hunt)","Handicap Hurdle (N Hunt)","112",,"77","69","75",,"112",,"97","86",
"16:20:00","Plumpton","13","13","Cobbs Corner (IRE)","78",,"74","77","81","0","0","0","0","0","0","0","-3","74","77","70","0","0","0",,,,,"87","87","84","8","0","27",,,,,"102","99","96","107","0","123",,,,,"98","91","82","0","0","118",,,,,"3","7","5","10","3","6","0","0","0","0","10","10","13","13","3","9","0","0","0","0","Handicap Novices Hurdle (N Hunt)","Handicap Novices Hurdle (N Hunt)","Handicap Hurdle (N Hunt)","Novices Hurdle (N Hunt)","Novices Hurdle (N Hunt)","Maiden Hurdle (N Hunt)","n/a","n/a","n/a","n/a","81",,,,,,"81",,,,
"16:20:00","Plumpton","13","6","Coillte Eile (IRE)","92","113","95","98","101","106","105","106","108","109","108","111","-19","74","80","101","106","87","105","107","102","108","108","86","97","114","110","103","113","114","107","118","113","102","106","124","116","112","120","122","110","128","120","74","97","115","110","106","120","112","102","108","110","3","6","8","6","5","4","6","5","3","5","9","17","8","6","13","9","7","9","8","8","Handicap Hurdle (N Hunt)","Handicap Hurdle (N Hunt)","Handicap Hurdle (N Hunt)","Handicap Hurdle (N Hunt)","Handicap Hurdle (N Hunt)","Handicap Hurdle (N Hunt)","Handicap Hurdle (N Hunt)","Handicap Hurdle (N Hunt)","Handicap Hurdle (N Hunt)","Handicap Hurdle (N Hunt)","118","113",,,,,"118","113",,,
"16:20:00","Plumpton","13","3","Dantes View (IRE)","101","94","94","97","102","106","110","112","113","113","0","0","-12","74","94","74","105","110","104","89","102","0","0","88","103","89","109","117","108","106","111","20","10","100","110","102","116","122","112","115","119","122","119","94","94","79","105","122","109","109","119","112","0","1","4","6","4","8","7","4","4","4","2","12","6","7","5","15","12","11","12","12","12","Handicap Hurdle (N Hunt)","Handicap Novices Hurdle (N Hunt)","Handicap Hurdle (N Hunt)","Handicap Hurdle (N Hunt)","Handicap Hurdle (N Hunt)","Handicap Hurdle (N Hunt)","Handicap Hurdle (N Hunt)","Handicap Hurdle (N Hunt)","Novices Hurdle (N Hunt)","Novices Hurdle (N Hunt)","113","94","79",,"80",,"113","94",,,
"16:20:00","Plumpton","13","8","Dellboy Trotter (IRE)","90","81","92","90","90","90","81","75","75","76","81","87","-2","78","90","77","75","74","73","71","74","79","74","94","101","91","85","91","90","83","87","96","89","104","111","100","93","101","100","96","102","106","100","104","109","98","92","81","75","92","98","79","86","3","2","3","4","1","1","BD","6","5","10","6","8","9","8","9","6","8","10","9","11","Handicap Novices Hurdle (N Hunt)","Handicap Hurdle (N Hunt)","Handicap Novices Hurdle (N Hunt)","Handicap Hurdle (N Hunt)","Handicap Hurdle (N Hunt)","Handicap Novices Hurdle (N Hunt)","Handicap Novices Hurdle (N Hunt)","Handicap Novices Hurdle (N Hunt)","Handicap Novices Hurdle (N Hunt)","Handicap Hurdle (N Hunt)","92","81",,,,,"92","81",,,
"16:20:00","Plumpton","13","12","Lake Washington (FR)","78",,"76","77","77","79","86","0","0","0","0","0","-8","76","73","0","74","73","0","0","0","0",,"85","83","51","88","89","0","36","0","32",,"101","101","109","97","102","0","130","0","125",,"77","88","0","97","73","0","123","0","123",,"F","3","9","2","PU","8","PU","11","PU","0","8","7","12","12","11","8","7","14","11","0","Handicap Hurdle (N Hunt)","Handicap Novices Hurdle (N Hunt)","Novices Seller Hurdle (N Hunt)","Handicap Hurdle (N Hunt)","Handicap Hurdle (N Hunt)","Maiden Hurdle (N Hunt)","Novices Hurdle (N Hunt)","Novices Hurdle (N Hunt)","Maiden Hurdle (N Hunt)","n/a","86",,,,,,"86",,,,
"16:20:00","Plumpton","13","4","Pawpaw","95","0","100","108","113","117","120","124","122","120","0","0","-29","81","94","110","105","107","124","112","99","0","0","95","106","114","113","117","131","116","112","8","50","107","116","120","120","123","148","122","120","109","115","92","116","115","114","116","124","120","116","0","115","10","3","8","4","5","6","4","2","1","4","12","6","10","7","6","6","5","6","13","9","Handicap Hurdle (N Hunt)","Handicap Hurdle (N Hunt)","Handicap Hurdle (N Hunt)","Handicap Hurdle (N Hunt)","Handicap Hurdle (N Hunt)","Handicap Hurdle (N Hunt)","Handicap Hurdle (N Hunt)","Handicap Novices Hurdle (N Hunt)","Maiden Hurdle (N Hunt)","Maiden Hurdle (N Hunt)","124","0",,,"74","67","124","0","104",,
"16:20:00","Plumpton","13","7","Say Nothing","92","100","97","98","101","103","101","100","100","99","100","99","-11","82","74","97","93","75","0","74","77","79","79","91","90","103","102","91","34","90","86","92","95","100","101","109","105","101","103","103","99","100","107","97","88","100","105","81","100","103","97","96","79","6","8","PU","4","F","1","2","3","PU","2","7","10","11","4","7","6","8","11","12","11","Handicap Hurdle (N Hunt)","Handicap Hurdle (N Hunt)","Handicap Hurdle (N Hunt)","Handicap Novices Hurdle (N Hunt)","Handicap Hurdle (N Hunt)","Novices Hurdle (N Hunt)","Handicap Novices Hurdle (N Hunt)","Handicap Novices Hurdle (N Hunt)","Handicap Novices Hurdle (N Hunt)","Handicap Hurdle (N Hunt)","103","100","74",,"71",,"103","100",,,
"16:20:00","Plumpton","13","5","Texan Nomad","93","100","97","100","107","100","102","103","105","105","98","100","-14","80","74","100","74","80","89","103","87","84","74","94","88","105","90","94","99","111","102","100","90","102","101","109","100","105","107","117","111","110","102","80","80","109","100","105","101","105","99","98","97","6","4","6","1","15","5","6","F","1","9","12","9","6","13","15","9","11","12","15","14","Handicap Hurdle (N Hunt)","Handicap Hurdle (N Hunt)","Handicap Hurdle (N Hunt)","Handicap Hurdle (N Hunt)","Handicap Hurdle (N Hunt)","Handicap Hurdle (N Hunt)","Handicap Hurdle (N Hunt)","Handicap Novices Hurdle (N Hunt)","Handicap Hurdle (N Hunt)","Handicap Hurdle (N Hunt)","107","100",,,,,"107","100",,,
"16:50:00","Plumpton","4","2","Alien Storm (IRE)","0",,,"0","0","0","0","0","0","0","0","0","0",,,,,,,,,,,,,,,,,,,,,,,,,,,,,,,,,,,,,,,,,"0","0","0","0","0","0","0","0","0","0","0","0","0","0","0","0","0","0","0","0","n/a","n/a","n/a","n/a","n/a","n/a","n/a","n/a","n/a","n/a","0",,,,,,,,,,
"16:50:00","Plumpton","4","1","Dannystory (IRE)","0",,,"0","0","0","0","0","0","0","0","0","0",,,,,,,,,,,,,,,,,,,,,,,,,,,,,,,,,,,,,,,,,"0","0","0","0","0","0","0","0","0","0","0","0","0","0","0","0","0","0","0","0","n/a","n/a","n/a","n/a","n/a","n/a","n/a","n/a","n/a","n/a",,,,,,,,,,,
"16:50:00","Plumpton","4","3","Invictus De Brion (FR)","0",,,"0","0","0","0","0","0","0","0","0","0",,,,,,,,,,,,,,,,,,,,,,,,,,,,,,,,,,,,,,,,,"0","0","0","0","0","0","0","0","0","0","0","0","0","0","0","0","0","0","0","0","n/a","n/a","n/a","n/a","n/a","n/a","n/a","n/a","n/a","n/a","0",,,,,,,,,,
"16:50:00","Plumpton","4","4","Merrijig","0",,,"0","0","0","0","0","0","0","0","0","0",,,,,,,,,,,,,,,,,,,,,,,,,,,,,,,,,,,,,,,,,"0","0","0","0","0","0","0","0","0","0","0","0","0","0","0","0","0","0","0","0","n/a","n/a","n/a","n/a","n/a","n/a","n/a","n/a","n/a","n/a","0",,,,,,,,,,
 