horse_name,race_time,race_date,track,racecode,racetype,distance_words2,furlongs,going,number_of_runners,Class,LastRun,placing,jockey_name,odds_numerical,trainer,horse_weight,official_rating,stall,DistBt,
"Clever And Cool (IRE)","13:30:00","2022-09-10","Leopardstown","Flat (Turf)","Non-Handicap","7f ","7","Soft","11","Listed Race","3","0","Manning, K J","12.00","Bolger, J S","128","0","9",,
"Easy (IRE)","13:30:00","2022-09-10","Leopardstown","Flat (Turf)","Non-Handicap","7f ","7","Soft","11","Listed Race","50","0","Lee, W J","3.33","Twomey, P","128","0","11",,
"Evenings Empire (IRE)","13:30:00","2022-09-10","Leopardstown","Flat (Turf)","Non-Handicap","7f ","7","Soft","11","Listed Race","14","0","Marquand, Tom","66.00","Harty, Edward and Patrick","128","0","7",,
"Highly Desirable (IRE)","13:30:00","2022-09-10","Leopardstown","Flat (Turf)","Non-Handicap","7f ","7","Soft","11","Listed Race","20","0","Lordan, W M","66.00","Lupini, Miss Natalia","128","0","5",,
"Kayhana (IRE)","13:30:00","2022-09-10","Leopardstown","Flat (Turf)","Non-Handicap","7f ","7","Soft","11","Listed Race","91","0","Hayes, C D","4.00","Weld, D K","128","0","10",,
"Library (IRE)","13:30:00","2022-09-10","Leopardstown","Flat (Turf)","Non-Handicap","7f ","7","Soft","11","Listed Race","15","0","Moore, Ryan","4.00","OBrien, A P","128","0","1",,
"Ma Belle Artiste (IRE)","13:30:00","2022-09-10","Leopardstown","Flat (Turf)","Non-Handicap","7f ","7","Soft","11","Listed Race","12","0","McDonogh, D P","10.00","OBrien, Joseph Patrick","128","0","4",,
"Satin","13:30:00","2022-09-10","Leopardstown","Flat (Turf)","Non-Handicap","7f ","7","Soft","11","Listed Race","15","0","Foley, Shane","66.00","Harrington, Mrs John","128","0","6",,
"Sheyya (IRE)","13:30:00","2022-09-10","Leopardstown","Flat (Turf)","Non-Handicap","7f ","7","Soft","11","Listed Race","100","0","Coen, Ben M","8.50","Murtagh, J P","128","0","3",,
"Sweetest Rose (IRE)","13:30:00","2022-09-10","Leopardstown","Flat (Turf)","Non-Handicap","7f ","7","Soft","11","Listed Race","35","0","Carroll, G F","10.00","Lyons, G M","128","0","8",,
"Zarinsk","13:30:00","2022-09-10","Leopardstown","Flat (Turf)","Non-Handicap","7f ","7","Soft","11","Listed Race","51","0","Keane, C T","5.50","Lyons, G M","128","97","2",,
"Andreas Vesalius (IRE)","14:05:00","2022-09-10","Leopardstown","Flat (Turf)","Handicap","7f ","7","Soft","18","Ire","31","0","Coen, J","8.00","OBrien, Joseph Patrick","126","98","12",,
"Current Option (IRE)","14:05:00","2022-09-10","Leopardstown","Flat (Turf)","Handicap","7f ","7","Soft","18","Ire","41","0","MacRedmond, Cian","11.00","McGuinness, Adrian","135","103","16",,
"Emporio (IRE)","14:05:00","2022-09-10","Leopardstown","Flat (Turf)","Handicap","7f ","7","Soft","18","Ire","15","0","Ryan, Gavin","7.00","Obrien, Donnacha","135","98","11",,
"Final Voyage (IRE)","14:05:00","2022-09-10","Leopardstown","Flat (Turf)","Handicap","7f ","7","Soft","18","Ire","26","0","Coen, Ben M","14.00","Murtagh, J P","126","89","6",,
"Im A Gambler (IRE)","14:05:00","2022-09-10","Leopardstown","Flat (Turf)","Handicap","7f ","7","Soft","18","Ire","13","0","Marquand, Tom","14.00","Johnston, M","139","106","1",,
"Lexington Dash (FR)","14:05:00","2022-09-10","Leopardstown","Flat (Turf)","Handicap","7f ","7","Soft","18","Ire","14","0","OConnor, Donagh","80.00","McConnell, John C","131","94","13",,
"Lustown Baba (IRE)","14:05:00","2022-09-10","Leopardstown","Flat (Turf)","Handicap","7f ","7","Soft","18","Ire","111","0","Kelly, S B","28.00","Murtagh, J P","134","97","18",,
"Markaz Paname (IRE)","14:05:00","2022-09-10","Leopardstown","Flat (Turf)","Handicap","7f ","7","Soft","18","Ire","153","0","Keane, C T","4.00","Lyons, G M","138","105","20",,
"Master Matt","14:05:00","2022-09-10","Leopardstown","Flat (Turf)","Handicap","7f ","7","Soft","18","Ire","31","0","Lee, W J","18.00","Smith, Matthew J","130","93","3",,
"Pearle Dor (IRE)","14:05:00","2022-09-10","Leopardstown","Flat (Turf)","Handicap","7f ","7","Soft","18","Ire","31","0","Hayes, C D","25.00","Weld, D K","124","91","8",,
"Pierre Lapin (IRE)","14:05:00","2022-09-10","Leopardstown","Flat (Turf)","Handicap","7f ","7","Soft","18","Ire","14","0","McMonagle, Dylan B","12.00","McGuinness, Adrian","124","87","7",,
"Rhoscolyn","14:05:00","2022-09-10","Leopardstown","Flat (Turf)","Handicap","7f ","7","Soft","18","Ire","14","0","Watson, Jason","7.50","OMeara, D","139","102","10",,
"Safe Voyage (IRE)","14:05:00","2022-09-10","Leopardstown","Flat (Turf)","Handicap","7f ","7","Soft","18","Ire","14","0","Hart, Jason","9.00","Quinn, J J","134","97","19",,
"San Andreas (IRE)","14:05:00","2022-09-10","Leopardstown","Flat (Turf)","Handicap","7f ","7","Soft","18","Ire","29","0","Horgan, H J","28.00","OBrien, Joseph Patrick","129","99","17",,
"Sirjack Thomas (IRE)","14:05:00","2022-09-10","Leopardstown","Flat (Turf)","Handicap","7f ","7","Soft","18","Ire","4","0","Sheehy, M P","20.00","McGuinness, Adrian","125","88","15",,
"Spanish Tenor (IRE)","14:05:00","2022-09-10","Leopardstown","Flat (Turf)","Handicap","7f ","7","Soft","18","Ire","14","0","Caffrey, Adam","40.00","McGuinness, Adrian","124","94","5",,
"Surrounding (IRE)","14:05:00","2022-09-10","Leopardstown","Flat (Turf)","Handicap","7f ","7","Soft","18","Ire","44","0","Whelan, R P","18.00","Halford, M","133","96","21",,
"Thats Just Dandy (IRE)","14:05:00","2022-09-10","Leopardstown","Flat (Turf)","Handicap","7f ","7","Soft","18","Ire","9","0","Foley, Shane","11.00","Harrington, Mrs John","125","88","4",,
"Alder (IRE)","14:40:00","2022-09-10","Leopardstown","Flat (Turf)","Non-Handicap","1m ","8","Soft","5","Group 2","61","0","Ryan, Gavin","8.50","Obrien, Donnacha","131","0","4",,
"Auguste Rodin (IRE)","14:40:00","2022-09-10","Leopardstown","Flat (Turf)","Non-Handicap","1m ","8","Soft","5","Group 2","70","0","Moore, Ryan","1.00","OBrien, A P","131","0","5",,
"Caroline Street (USA)","14:40:00","2022-09-10","Leopardstown","Flat (Turf)","Non-Handicap","1m ","8","Soft","5","Group 2","14","0","Crosse, S M","20.00","OBrien, Joseph Patrick","128","0","2",,
"Serious Challenge (IRE)","14:40:00","2022-09-10","Leopardstown","Flat (Turf)","Non-Handicap","1m ","8","Soft","5","Group 2","42","0","Manning, K J","6.00","Bolger, J S","131","95","1",,
"Tower Of London (IRE)","14:40:00","2022-09-10","Leopardstown","Flat (Turf)","Non-Handicap","1m ","8","Soft","5","Group 2","51","0","Lordan, W M","2.00","OBrien, A P","131","0","3",,
"Beamish (FR)","15:10:00","2022-09-10","Leopardstown","Flat (Turf)","Non-Handicap","1m4f ","12","Soft","9","Group 3","37","0","McDonogh, D P","6.00","Twomey, P","135","107","2",,
"Bluegrass (IRE)","15:10:00","2022-09-10","Leopardstown","Flat (Turf)","Non-Handicap","1m4f ","12","Soft","9","Group 3","30","0","Moore, Ryan","10.00","OBrien, A P","127","104","9",,
"Duke De Sessa (IRE)","15:10:00","2022-09-10","Leopardstown","Flat (Turf)","Non-Handicap","1m4f ","12","Soft","9","Group 3","77","0","Hayes, C D","8.50","Weld, D K","127","106","8",,
"Earl Of Tyrone (IRE)","15:10:00","2022-09-10","Leopardstown","Flat (Turf)","Non-Handicap","1m4f ","12","Soft","9","Group 3","21","0","Lee, W J","5.00","Twomey, P","135","106","4",,
"Kiss You Later (IRE)","15:10:00","2022-09-10","Leopardstown","Flat (Turf)","Non-Handicap","1m4f ","12","Soft","9","Group 3","29","0","Heffernan, J A","40.00","OBrien, A P","124","97","3",,
"Layfayette (IRE)","15:10:00","2022-09-10","Leopardstown","Flat (Turf)","Non-Handicap","1m4f ","12","Soft","9","Group 3","37","0","Orr, Oisin","10.00","Meade, Noel","140","109","1",,
"Perotan (IRE)","15:10:00","2022-09-10","Leopardstown","Flat (Turf)","Non-Handicap","1m4f ","12","Soft","9","Group 3","29","0","Lordan, W M","14.00","OBrien, A P","124","101","6",,
"Point King (IRE)","15:10:00","2022-09-10","Leopardstown","Flat (Turf)","Non-Handicap","1m4f ","12","Soft","9","Group 3","30","0","Crosse, S M","3.50","OBrien, Joseph Patrick","127","102","5",,
"Thunder Kiss (IRE)","15:10:00","2022-09-10","Leopardstown","Flat (Turf)","Non-Handicap","1m4f ","12","Soft","9","Group 3","76","0","Keane, C T","3.50","Lyons, G M","132","111","7",,
"Alenquer (FR)","15:45:00","2022-09-10","Leopardstown","Flat (Turf)","Non-Handicap","1m2f ","10","Soft","7","Group 1","70","0","Marquand, Tom","11.00","Haggas, W J","135","119","3",,
"Broome (IRE)","15:45:00","2022-09-10","Leopardstown","Flat (Turf)","Non-Handicap","1m2f ","10","Soft","7","Group 1","49","0","Lordan, W M","33.00","OBrien, A P","135","118","7",,
"Luxembourg (IRE)","15:45:00","2022-09-10","Leopardstown","Flat (Turf)","Non-Handicap","1m2f ","10","Soft","7","Group 1","28","0","Moore, Ryan","4.50","OBrien, A P","129","117","6",,
"Mishriff (IRE)","15:45:00","2022-09-10","Leopardstown","Flat (Turf)","Non-Handicap","1m2f ","10","Soft","7","Group 1","24","0","Keane, C T","5.00","Gosden, John and Thady","135","121","5",,
"Onesto (IRE)","15:45:00","2022-09-10","Leopardstown","Flat (Turf)","Non-Handicap","1m2f ","10","Soft","7","Group 1","No Prev","0","Pasquier, S","9.00","Chappet, F","129","118","4",,
"Stone Age (IRE)","15:45:00","2022-09-10","Leopardstown","Flat (Turf)","Non-Handicap","1m2f ","10","Soft","7","Group 1","98","0","Heffernan, J A","40.00","OBrien, A P","129","113","1",,
"Vadeni (FR)","15:45:00","2022-09-10","Leopardstown","Flat (Turf)","Non-Handicap","1m2f ","10","Soft","7","Group 1","70","0","Soumillon, C","1.20","Rouget, J-C","129","123","2",,
"Boundless Ocean (IRE)","16:20:00","2022-09-10","Leopardstown","Flat (Turf)","Non-Handicap","1m ","8","Soft","8","Group 2","30","0","Manning, K J","2.50","Bolger, J S","131","110","8",,
"Georgeville","16:20:00","2022-09-10","Leopardstown","Flat (Turf)","Non-Handicap","1m ","8","Soft","8","Group 2","28","0","Keane, C T","16.00","Lyons, G M","136","107","3",,
"Glounthaune (IRE)","16:20:00","2022-09-10","Leopardstown","Flat (Turf)","Non-Handicap","1m ","8","Soft","8","Group 2","131","0","Moore, Ryan","20.00","OBrien, A P","131","101","4",,
"Jadoomi (FR)","16:20:00","2022-09-10","Leopardstown","Flat (Turf)","Non-Handicap","1m ","8","Soft","8","Group 2","14","0","Soumillon, C","2.25","Crisford, Simon","136","113","5",,
"Just Beautiful","16:20:00","2022-09-10","Leopardstown","Flat (Turf)","Non-Handicap","1m ","8","Soft","8","Group 2","367","0","Lee, W J","4.50","Twomey, P","133","108","2",,
"Raadobarg (IRE)","16:20:00","2022-09-10","Leopardstown","Flat (Turf)","Non-Handicap","1m ","8","Soft","8","Group 2","30","0","Coen, Ben M","6.00","Murtagh, J P","136","106","1",,
"Real Appeal (GER)","16:20:00","2022-09-10","Leopardstown","Flat (Turf)","Non-Handicap","1m ","8","Soft","8","Group 2","55","0","Foley, Shane","20.00","Harrington, Mrs John","136","107","6",,
"Statement (IRE)","16:20:00","2022-09-10","Leopardstown","Flat (Turf)","Non-Handicap","1m ","8","Soft","8","Group 2","98","0","McMonagle, Dylan B","22.00","OBrien, Joseph Patrick","133","0","7",,
"Affogato (IRE)","16:55:00","2022-09-10","Leopardstown","Flat (Turf)","Non-Handicap","1m ","8","Soft","11","Group 1","62","0","Keane, C T","50.00","Lyons, G M","128","101","11",,
"Agartha (IRE)","16:55:00","2022-09-10","Leopardstown","Flat (Turf)","Non-Handicap","1m ","8","Soft","11","Group 1","15","0","McDonogh, D P","18.00","OBrien, Joseph Patrick","128","107","4",,
"Concert Hall (IRE)","16:55:00","2022-09-10","Leopardstown","Flat (Turf)","Non-Handicap","1m ","8","Soft","11","Group 1","44","0","Heffernan, J A","25.00","OBrien, A P","128","109","6",,
"Homeless Songs (IRE)","16:55:00","2022-09-10","Leopardstown","Flat (Turf)","Non-Handicap","1m ","8","Soft","11","Group 1","111","0","Hayes, C D","1.20","Weld, D K","128","120","2",,
"Honey Girl","16:55:00","2022-09-10","Leopardstown","Flat (Turf)","Non-Handicap","1m ","8","Soft","11","Group 1","15","0","Foley, Shane","66.00","Bromhead, Henry De","128","104","5",,
"Lights On","16:55:00","2022-09-10","Leopardstown","Flat (Turf)","Non-Handicap","1m ","8","Soft","11","Group 1","88","0","Soumillon, C","25.00","Stoute, Sir Michael","133","106","3",,
"Panama Red (IRE)","16:55:00","2022-09-10","Leopardstown","Flat (Turf)","Non-Handicap","1m ","8","Soft","11","Group 1","23","0","Carroll, G F","50.00","Lyons, G M","128","100","9",,
"Pearls Galore (FR)","16:55:00","2022-09-10","Leopardstown","Flat (Turf)","Non-Handicap","1m ","8","Soft","11","Group 1","55","0","Lee, W J","14.00","Twomey, P","133","108","7",,
"Saffron Beach (IRE)","16:55:00","2022-09-10","Leopardstown","Flat (Turf)","Non-Handicap","1m ","8","Soft","11","Group 1","87","0","Doyle, Hollie","2.25","Chapple-Hyam, Jane","133","116","8",,
"Star Girls Aalmal (IRE)","16:55:00","2022-09-10","Leopardstown","Flat (Turf)","Non-Handicap","1m ","8","Soft","11","Group 1","62","0","Lordan, W M","28.00","Bromhead, Henry De","128","107","10",,
"Tenebrism (USA)","16:55:00","2022-09-10","Leopardstown","Flat (Turf)","Non-Handicap","1m ","8","Soft","11","Group 1","85","0","Moore, Ryan","8.50","OBrien, A P","128","114","1",,
"Baby Zeus (IRE)","17:30:00","2022-09-10","Leopardstown","Flat (Turf)","Handicap","1m5f ","13","Soft","22","Ire","43","0","Marquand, Tom","11.00","Mullins, W P","129","91","15",,
"Cask Mate (IRE)","17:30:00","2022-09-10","Leopardstown","Flat (Turf)","Handicap","1m5f ","13","Soft","22","Ire","43","0","Hayes, C D","18.00","Meade, Noel","124","86","13",,
"Dancila (IRE)","17:30:00","2022-09-10","Leopardstown","Flat (Turf)","Handicap","1m5f ","13","Soft","22","Ire","12","0","Manning, K J","12.00","Bolger, J S","127","89","24",,
"Dutch Schultz","17:30:00","2022-09-10","Leopardstown","Flat (Turf)","Handicap","1m5f ","13","Soft","22","Ire","47","0","Whearty, R","7.00","Cromwell, Gavin Patrick","119","88","5",,
"Female Soldier (IRE)","17:30:00","2022-09-10","Leopardstown","Flat (Turf)","Handicap","1m5f ","13","Soft","22","Ire","14","0","Powell, J A","28.00","Mullins, Thomas","115","92","20",,
"Golden Twilight (IRE)","17:30:00","2022-09-10","Leopardstown","Flat (Turf)","Handicap","1m5f ","13","Soft","22","Ire","26","0","Whelan, R P","18.00","Halford, M","123","85","22",,
"In Favour","17:30:00","2022-09-10","Leopardstown","Flat (Turf)","Handicap","1m5f ","13","Soft","22","Ire","31","0","Crosse, Nathan","50.00","Comer, Luke","124","89","10",,
"Jesse Evans (IRE)","17:30:00","2022-09-10","Leopardstown","Flat (Turf)","Handicap","1m5f ","13","Soft","22","Ire","17","0","Orr, Oisin","11.00","Meade, Noel","126","88","18",,
"Khezaana (IRE)","17:30:00","2022-09-10","Leopardstown","Flat (Turf)","Handicap","1m5f ","13","Soft","22","Ire","9","0","McCullagh, N G","40.00","Kinsella, Donal","119","81","14",,
"Kojin (IRE)","17:30:00","2022-09-10","Leopardstown","Flat (Turf)","Handicap","1m5f ","13","Soft","22","Ire","9","0","Lee, W J","14.00","Fahey, Peter","125","87","21",,
"La Hacienda","17:30:00","2022-09-10","Leopardstown","Flat (Turf)","Handicap","1m5f ","13","Soft","22","Ire","23","0","McDonogh, D P","8.50","Smith, Matthew J","124","86","17",,
"Licence","17:30:00","2022-09-10","Leopardstown","Flat (Turf)","Handicap","1m5f ","13","Soft","22","Ire","21","0","Keane, C T","18.00","Lyons, G M","140","102","7",,
"Moracana (IRE)","17:30:00","2022-09-10","Leopardstown","Flat (Turf)","Handicap","1m5f ","13","Soft","22","Ire","112","0","Cleary, R P","11.00","Lavery, Ms Sheila","122","84","12",,
"My Mate Mozzie (IRE)","17:30:00","2022-09-10","Leopardstown","Flat (Turf)","Handicap","1m5f ","13","Soft","22","Ire","44","0","Carroll, G F","9.00","Cromwell, Gavin Patrick","122","84","16",,
"Nuits St Georges (IRE)","17:30:00","2022-09-10","Leopardstown","Flat (Turf)","Handicap","1m5f ","13","Soft","22","Ire","47","0","Lordan, W M","50.00","Bromhead, Henry De","129","91","26",,
"Nusret","17:30:00","2022-09-10","Leopardstown","Flat (Turf)","Handicap","1m5f ","13","Soft","22","Ire","21","0","Sheehy, M P","16.00","OBrien, Joseph Patrick","119","89","3",,
"One Cool Poet (IRE)","17:30:00","2022-09-10","Leopardstown","Flat (Turf)","Handicap","1m5f ","13","Soft","22","Ire","15","0","McMonagle, Dylan B","18.00","Smith, Matthew J","121","83","9",,
"Phoenix Cowboy (USA)","17:30:00","2022-09-10","Leopardstown","Flat (Turf)","Handicap","1m5f ","13","Soft","22","Ire","50","0","Enright, M A","25.00","Lyons, G M","137","99","8",,
"Sandhurst (IRE)","17:30:00","2022-09-10","Leopardstown","Flat (Turf)","Handicap","1m5f ","13","Soft","22","Ire","37","0","Foley, Shane","25.00","Harrington, Mrs John","135","97","6",,
"Shajak (IRE)","17:30:00","2022-09-10","Leopardstown","Flat (Turf)","Handicap","1m5f ","13","Soft","22","Ire","30","0","Coen, Ben M","18.00","Murtagh, J P","125","95","19",,
"Temple Of Artemis (IRE)","17:30:00","2022-09-10","Leopardstown","Flat (Turf)","Handicap","1m5f ","13","Soft","22","Ire","28","0","Moore, Ryan","6.50","OBrien, Joseph Patrick","126","96","1",,
"Tiger Voice (FR)","17:30:00","2022-09-10","Leopardstown","Flat (Turf)","Handicap","1m5f ","13","Soft","22","Ire","74","0","Blackmore, Rachael","25.00","Bromhead, Henry De","127","89","2",,
"Yashin (IRE)","17:30:00","2022-09-10","Leopardstown","Flat (Turf)","Handicap","1m5f ","13","Soft","22","Ire","86","0",,"0.00","Harrington, Mrs John","125","95","23",,
"Zileo","17:30:00","2022-09-10","Leopardstown","Flat (Turf)","Handicap","1m5f ","13","Soft","22","Ire","43","0","Roche, L F","100.00","Halford, M","119","81","11",,
"Clever And Cool (IRE)","17:10:00","2022-09-07","Cork","Flat (Turf)","Maiden","5f ","5","Soft To Heavy","7","Ire","No Prev","1","Manning, K J","2.13","Bolger, J S","128","0","6",,
"Easy (IRE)","18:15:00","2022-07-22","Cork","Flat (Turf)","Maiden","5f ","5","Good","11","Ire","No Prev","1","Slattery, A J","3.5","Slattery, Andrew","128","0","6",,
"Evenings Empire (IRE)","13:55:00","2022-08-27","Curragh","Flat (Turf)","Non-Handicap","1m ","8","Good","8","Group 3","27","8","Hayes, C D","40","Harty, Edward and Patrick","128","0","6","10.1",
"Evenings Empire (IRE)","16:40:00","2022-07-31","Galway","Flat (Turf)","Maiden","7f ","7","Soft","7","Ire","22","1","Hayes, C D","2.75","Harty, Edward and Patrick","122","0","11",,
"Evenings Empire (IRE)","13:37:00","2022-07-09","Navan","Flat (Turf)","Maiden","5½f ","5.5","Good To Firm","14","Ire","9","4","McDonogh, D P","11","Harty, Edward and Patrick","128","0","15","3.75",
"Evenings Empire (IRE)","18:55:00","2022-06-30","Bellewstown","Flat (Turf)","Maiden","5f ","5","Yielding","10","Ire","No Prev","4","Manning, K J","7","Harty, Edward and Patrick","124","0","7","5",
"Highly Desirable (IRE)","14:30:00","2022-08-21","Naas","Flat (Turf)","Maiden","7f ","7","Good","13","Ire","15","3","Lordan, W M","12","Lupini, Miss Natalia","125","0","1","2.35",
"Highly Desirable (IRE)","14:40:00","2022-08-06","Curragh","Flat (Turf)","Maiden","6f ","6","Good","13","Ire","No Prev","9","Lee, W J","7.5","Lupini, Miss Natalia","128","0","6","5.08",
"Kayhana (IRE)","14:05:00","2022-06-11","Limerick","Flat (Turf)","Maiden","7f ","7","Good","8","Ire","No Prev","1","Hayes, C D","7","Weld, D K","123","0","3",,
"Library (IRE)","16:50:00","2022-08-26","Tipperary","Flat (Turf)","Maiden","7½f ","7.5","Good","12","Ire","15","1","Heffernan, J A","1","OBrien, A P","128","0","11",,
"Library (IRE)","17:20:00","2022-08-11","Leopardstown","Flat (Turf)","Maiden","7f ","7","Good","7","Ire","28","2","Heffernan, J A","0.83","OBrien, A P","128","0","7","0.5",
"Library (IRE)","18:50:00","2022-07-14","Leopardstown","Flat (Turf)","Maiden","1m ","8","Good","6","Ire","No Prev","3","Heffernan, J A","2.75","OBrien, A P","128","0","1","3.5",
"Ma Belle Artiste (IRE)","16:20:00","2022-08-29","Roscommon","Flat (Turf)","Non-Handicap","7f ","7","Good","6","Ire","39","2","McDonogh, D P","2","OBrien, Joseph Patrick","129","0","4","2.75",
"Ma Belle Artiste (IRE)","17:30:00","2022-07-21","Leopardstown","Flat (Turf)","Maiden","7f ","7","Good","11","Ire","No Prev","1","McDonogh, D P","6.5","OBrien, Joseph Patrick","125","0","6",,
"Satin","16:50:00","2022-08-26","Tipperary","Flat (Turf)","Maiden","7½f ","7.5","Good","12","Ire","15","6","Foley, Shane","16","Harrington, Mrs John","128","0","6","7",
"Satin","17:20:00","2022-08-11","Leopardstown","Flat (Turf)","Maiden","7f ","7","Good","7","Ire","No Prev","UR","Foley, Shane","12","Harrington, Mrs John","128","0","1",,
"Sheyya (IRE)","17:05:00","2022-06-02","Leopardstown","Flat (Turf)","Maiden","7f ","7","Good","5","Ire","No Prev","1","Coen, Ben M","14","Murtagh, J P","128","0","8",,
"Sweetest Rose (IRE)","14:05:00","2022-08-06","Curragh","Flat (Turf)","Non-Handicap","7f ","7","Good","8","Ire","No Prev","3","Keane, C T","10","Lyons, G M","123","0","7","2",
"Zarinsk","18:00:00","2022-07-21","Leopardstown","Flat (Turf)","Non-Handicap","7f ","7","Good","6","Group 3","25","4","Keane, C T","2.75","Lyons, G M","128","0","2","2.35",
"Zarinsk","14:10:00","2022-06-26","Curragh","Flat (Turf)","Non-Handicap","6f ","6","Yielding","7","Group 2","35","4","Keane, C T","5","Lyons, G M","128","0","6","2",
"Zarinsk","13:40:00","2022-05-22","Curragh","Flat (Turf)","Maiden","6f ","6","Good To Yielding","13","Ire","No Prev","1","Keane, C T","8","Lyons, G M","128","0","3",,
"Andreas Vesalius (IRE)","18:30:00","2022-08-10","Gowran Park","Flat (Turf)","Handicap","7f ","7","Good","11","Ire","25","4","Coen, J","6","OBrien, Joseph Patrick","132","101","3","1.3",
"Andreas Vesalius (IRE)","14:35:00","2022-07-16","Curragh","Flat (Turf)","Handicap","6½f ","6.5","Good","17","Ire","24","7","Coen, J","22","OBrien, Joseph Patrick","125","101","4","2.85",
"Andreas Vesalius (IRE)","18:40:00","2022-06-22","Naas","Flat (Turf)","Handicap","6f ","6","Good","10","Ire","38","2","Coen, J","3.5","OBrien, Joseph Patrick","135","99","1","0.15",
"Andreas Vesalius (IRE)","15:45:00","2022-05-15","Naas","Flat (Turf)","Non-Handicap","6f ","6","Good","6","Group 3","302","4","McDonogh, D P","22","OBrien, Joseph Patrick","131","99","7","7.25",
"Andreas Vesalius (IRE)","14:20:00","2021-07-17","Curragh","Flat (Turf)","Non-Handicap","6½f ","6.5","Good","5","Group 3","21","2","McDonogh, D P","14","OBrien, Joseph Patrick","131","99","6","1.25",
"Current Option (IRE)","16:10:00","2022-07-31","Galway","Flat (Turf)","Handicap","7f ","7","Soft","16","Ire","5","1","MacRedmond, Cian","5.5","McGuinness, Adrian","130","97","13",,
"Current Option (IRE)","18:40:00","2022-07-26","Galway","Flat (Turf)","Handicap","1m½f ","8.5","Good To Yielding","18","Ire","40","4","Crosse, Nathan","28","McGuinness, Adrian","132","97","18","2.05",
"Current Option (IRE)","18:10:00","2022-06-16","Ascot","Flat (Turf)","Handicap","7f ","7","Good To Firm","29","Class 2","27","21","MacRedmond, Cian","66","McGuinness, Adrian","126","98","22","10.3",
"Current Option (IRE)","18:00:00","2022-05-20","Curragh","Flat (Turf)","Handicap","1m ","8","Yielding","27","Ire","14","17","Ryan, Gavin","40","McGuinness, Adrian","137","102","18","5",
"Current Option (IRE)","19:00:00","2022-05-06","Cork","Flat (Turf)","Handicap","7f ","7","Good","25","Ire","26","12","Caffrey, Adam","22","McGuinness, Adrian","129","104","6","4.65",
"Emporio (IRE)","17:25:00","2022-08-26","Tipperary","Flat (Turf)","Non-Handicap","7½f ","7.5","Good","5","Ire","425","1","Ryan, Gavin","2","Obrien, Donnacha","136","98","3",,
"Emporio (IRE)","17:20:00","2021-06-27","Curragh","Flat (Turf)","Maiden","1m ","8","Good To Firm","16","Ire","10","1","Ryan, Gavin","1.88","Obrien, Donnacha","133","100","10",,
"Emporio (IRE)","17:00:00","2021-06-17","Ascot","Flat (Turf)","Handicap","1m ","8","Good To Firm","29","Class 2","11","17","Ryan, Gavin","66","Obrien, Donnacha","133","103","9","12.95",
"Emporio (IRE)","15:20:00","2021-06-06","Listowel","Flat (Turf)","Maiden","1m ","8","Good To Yielding","12","Ire","15","2","Ryan, Gavin","0.5","Obrien, Donnacha","133","103","8","0.1",
"Emporio (IRE)","15:20:00","2021-05-22","Curragh","Flat (Turf)","Non-Handicap","1m ","8","Soft To Heavy","11","Group 1","17","5","Ryan, Gavin","50","Obrien, Donnacha","128","90","3","7.8",
"Final Voyage (IRE)","16:10:00","2022-08-15","Dundalk","All Weather","Handicap","6f ","6","Standard","12","Ire","121","5","Kelly, S B","7.5","Murtagh, J P","132","92","5","1.45",
"Final Voyage (IRE)","14:50:00","2022-04-16","Cork","Flat (Turf)","Handicap","7f ","7","Yielding To Soft","17","Ire","184","5","Coen, Ben M","28","Murtagh, J P","134","92","16","1.9",
"Final Voyage (IRE)","20:00:00","2021-10-14","Chelmsford City","All Weather","Handicap","1m ","8","Standard","12","Class 3","122","10","Marquand, Tom","12","Tate, James","133","93","5","6.55",
"Final Voyage (IRE)","13:35:00","2021-06-14","Lingfield","All Weather","Handicap","1m2f ","10","Standard To Slow","7","Class 3","11","3","Morris, Luke","6.5","Tate, James","128","93","2","5",
"Final Voyage (IRE)","18:30:00","2021-06-03","Chelmsford City","All Weather","Handicap","1m ","8","Standard","6","Class 3","16","4","Buick, William","9","Tate, James","133","93","3","0.6",
"Im A Gambler (IRE)","15:35:00","2022-08-28","Goodwood","Flat (Turf)","Non-Handicap","7f ","7","Good","6","Group 3","1","5","Hart, Jason","4","Johnston, M","126","103","2","3.2",
"Im A Gambler (IRE)","14:25:00","2022-08-27","Goodwood","Flat (Turf)","Handicap","7f ","7","Good To Soft","11","Class 2","28","1","Atzeni, Andrea","11","Johnston, M","131","103","5",,
"Im A Gambler (IRE)","15:55:00","2022-07-30","Goodwood","Flat (Turf)","Handicap","7f ","7","Good To Firm","9","Class 2","7","1","Hart, Jason","18","Johnston, M","135","98","4",,
"Im A Gambler (IRE)","15:07:00","2022-07-23","Newmarket (July)","Flat (Turf)","Handicap","6f ","6","Good To Firm","9","Class 2","8","8","Norton, Francis","14","Johnston, M","133","98","2","6.95",
"Im A Gambler (IRE)","19:17:00","2022-07-15","Hamilton","Flat (Turf)","Handicap Claimer","6f ","6","Good To Firm","10","Class 2","6","2","Hart, Jason","7.5","Johnston, M","133","97","1","0.1",
"Lexington Dash (FR)","16:15:00","2022-08-27","Curragh","Flat (Turf)","Handicap","1m ","8","Good","25","Ire","14","20","Rutledge, Siobhan","80","McConnell, John C","131","98","9","8.38",
"Lexington Dash (FR)","14:55:00","2022-08-13","Curragh","Flat (Turf)","Handicap","6f ","6","Good","8","Ire","7","7","Rutledge, Siobhan","6","McConnell, John C","135","100","2","4.15",
"Lexington Dash (FR)","15:55:00","2022-08-06","Ascot","Flat (Turf)","Handicap","1m ","8","Good To Firm","10","Class 2","31","9","Fresu, A","28","McConnell, John C","140","100","2","6.65",
"Lexington Dash (FR)","19:30:00","2022-07-06","Fairyhouse","Flat (Turf)","Handicap","7f ","7","Good","11","Ire","10","1","Foley, Shane","6.5","McConnell, John C","140","95","5",,
"Lexington Dash (FR)","14:40:00","2022-06-26","Curragh","Flat (Turf)","Handicap","6f ","6","Yielding","16","Ire","281","7","Foley, Shane","66","McConnell, John C","140","95","13","4.2",
"Lustown Baba (IRE)","16:20:00","2022-05-22","Curragh","Flat (Turf)","Handicap","6f ","6","Good To Yielding","18","Ire","20","18","Coen, Ben M","12","Murtagh, J P","139","98","18","15.56",
"Lustown Baba (IRE)","15:30:00","2022-05-02","Curragh","Flat (Turf)","Non-Handicap","7f ","7","Yielding To Soft","8","Group 3","22","3","Kelly, S B","14","Murtagh, J P","135","97","8","4",
"Lustown Baba (IRE)","15:40:00","2022-04-10","Curragh","Flat (Turf)","Non-Handicap","7f ","7","Yielding","11","Group 3","15","7","Coen, Ben M","20","Murtagh, J P","132","99","10","4.6",
"Lustown Baba (IRE)","13:56:00","2022-03-26","Curragh","Flat (Turf)","Handicap","5f ","5","Yielding","11","Ire","195","5","Coen, Ben M","8","Murtagh, J P","139","99","9","4.15",
"Lustown Baba (IRE)","13:45:00","2021-09-12","Curragh","Flat (Turf)","Handicap","6f ","6","Good","22","Ire","47","8","Lee, W J","22","McCreery, W","136","100","24","5.08",
"Markaz Paname (IRE)","15:40:00","2022-04-10","Curragh","Flat (Turf)","Non-Handicap","7f ","7","Yielding","11","Group 3","14","1","Keane, C T","1","Lyons, G M","122","106","9",,
"Markaz Paname (IRE)","15:50:00","2022-03-27","Naas","Flat (Turf)","Handicap","7f ","7","Yielding","10","Ire","177","1","Keane, C T","3","Lyons, G M","136","97","1",,
"Markaz Paname (IRE)","18:45:00","2021-10-01","Dundalk","All Weather","Non-Handicap","7f ","7","Standard","11","Listed Race","23","3","Keane, C T","3.33","Lyons, G M","131","0","1","0.9",
"Markaz Paname (IRE)","17:05:00","2021-09-08","Cork","Flat (Turf)","Maiden","6f ","6","Good","12","Ire","No Prev","1","Keane, C T","0.73","Lyons, G M","133","0","12",,
"Master Matt","18:30:00","2022-08-10","Gowran Park","Flat (Turf)","Handicap","7f ","7","Good","11","Ire","4","3","Ewing, Sam","22","Smith, Matthew J","136","97","2","1.25",
"Master Matt","17:25:00","2022-08-06","Curragh","Flat (Turf)","Handicap","5f ","5","Good","9","Ire","25","8","Coen, J","14","Smith, Matthew J","133","97","3","6.5",
"Master Matt","14:20:00","2022-07-12","Dundalk","All Weather","Handicap","5f ","5","Standard","10","Ire","38","10","Carroll, G F","11","Smith, Matthew J","140","100","8","9.15",
"Master Matt","15:45:00","2022-06-04","Epsom","Flat (Turf)","Handicap","5f ","5","Good","20","Class 2","70","19","Whelan, R P","28","Smith, Matthew J","138","102","14","17.23",
"Master Matt","13:56:00","2022-03-26","Curragh","Flat (Turf)","Handicap","5f ","5","Yielding","11","Ire","155","4","Ewing, Sam","7.5","Smith, Matthew J","139","102","11","3.65",
"Pearle Dor (IRE)","18:30:00","2022-08-10","Gowran Park","Flat (Turf)","Handicap","7f ","7","Good","11","Ire","119","10","Hayes, C D","14","Weld, D K","129","93","12","10.8",
"Pearle Dor (IRE)","15:40:00","2022-04-13","Gowran Park","Flat (Turf)","Non-Handicap","7f ","7","Yielding To Soft","4","Ire","178","3","Hayes, C D","2","Weld, D K","135","0","3","3.75",
"Pearle Dor (IRE)","13:40:00","2021-10-17","Naas","Flat (Turf)","Maiden","6f ","6","Yielding","11","Ire","No Prev","1","Hayes, C D","6.5","Weld, D K","131","0","7",,
"Pierre Lapin (IRE)","16:15:00","2022-08-27","Curragh","Flat (Turf)","Handicap","1m ","8","Good","25","Ire","12","4","Coen, Ben M","16","McGuinness, Adrian","127","89","4","2.4",
"Pierre Lapin (IRE)","16:40:00","2022-08-15","Dundalk","All Weather","Handicap","1m2½f ","10.5","Standard","14","Ire","15","5","Caffrey, Adam","16","McGuinness, Adrian","129","90","2","8.5",
"Pierre Lapin (IRE)","16:10:00","2022-07-31","Galway","Flat (Turf)","Handicap","7f ","7","Soft","16","Ire","5","9","McMonagle, Dylan B","9","McGuinness, Adrian","129","91","1","9",
"Pierre Lapin (IRE)","18:40:00","2022-07-26","Galway","Flat (Turf)","Handicap","1m½f ","8.5","Good To Yielding","18","Ire","15","5","McMonagle, Dylan B","9","McGuinness, Adrian","129","91","10","3.05",
"Pierre Lapin (IRE)","18:45:00","2022-07-11","Killarney","Flat (Turf)","Handicap","1m ","8","Good","9","Ire","16","6","Coen, Ben M","4.5","McGuinness, Adrian","134","92","8","6.3",
"Rhoscolyn","14:25:00","2022-08-27","Goodwood","Flat (Turf)","Handicap","7f ","7","Good To Soft","11","Class 2","9","3","Fallon, Cieren","4.5","OMeara, D","134","101","2","0.08",
"Rhoscolyn","15:00:00","2022-08-18","York","Flat (Turf)","Handicap","1m ","8","Good","18","Class 2","20","8","Davies, Harry","11","OMeara, D","131","104","5","5.2",
"Rhoscolyn","15:00:00","2022-07-29","Goodwood","Flat (Turf)","Handicap","1m ","8","Good To Firm","18","Class 2","6","7","Davies, Harry","33","OMeara, D","131","104","18","4.55",
"Rhoscolyn","15:00:00","2022-07-23","Ascot","Flat (Turf)","Handicap","7f ","7","Good To Firm","21","Class 2","14","13","Fallon, Cieren","28","OMeara, D","132","104","14","4.18",
"Rhoscolyn","15:50:00","2022-07-09","Newmarket (July)","Flat (Turf)","Handicap","7f ","7","Good To Firm","18","Class 2","23","18","Doyle, James","10","OMeara, D","131","103","12","24.55",
"Safe Voyage (IRE)","14:25:00","2022-08-27","Goodwood","Flat (Turf)","Handicap","7f ","7","Good To Soft","11","Class 2","63","6","Hart, Jason","11","Quinn, J J","131","98","4","1.38",
"Safe Voyage (IRE)","16:38:00","2022-06-25","Newcastle","All Weather","Handicap","7f ","7","Standard To Slow","9","Class 2","35","8","Hart, Jason","16","Quinn, J J","137","100","5","11.03",
"Safe Voyage (IRE)","13:40:00","2022-05-21","York","Flat (Turf)","Handicap","7f ","7","Good To Soft","13","Class 2","14","10","Hart, Jason","8.5","Quinn, J J","141","104","10","4.65",
"Safe Voyage (IRE)","15:35:00","2022-05-07","Haydock","Flat (Turf)","Non-Handicap","7f ","7","Soft","6","Listed Race","42","5","Hart, Jason","7","Quinn, J J","136","105","6","7.15",
"Safe Voyage (IRE)","15:35:00","2022-03-26","Doncaster","Flat (Turf)","Handicap","1m ","8","Good To Soft","22","Class 2","147","10","Sexton, Ryan","50","Quinn, J J","129","108","17","3.93",
"San Andreas (IRE)","18:00:00","2022-08-12","Cork","Flat (Turf)","Non-Handicap","7f ","7","Good","7","Listed Race","23","3","McMonagle, Dylan B","14","OBrien, Joseph Patrick","133","100","1","3.5",
"San Andreas (IRE)","20:00:00","2022-07-20","Naas","Flat (Turf)","Non-Handicap","7f ","7","Good","4","Ire","35","2","Horgan, H J","3","OBrien, Joseph Patrick","134","102","4","3.5",
"San Andreas (IRE)","17:00:00","2022-06-15","Ascot","Flat (Turf)","Handicap","1m ","8","Good To Firm","29","Class 2","5","18","Horgan, H J","66","OBrien, Joseph Patrick","128","104","14","11.45",
"San Andreas (IRE)","18:30:00","2022-06-10","Fairyhouse","Flat (Turf)","Non-Handicap","7f ","7","Good","3","Ire","14","2","Horgan, H J","1","OBrien, Joseph Patrick","133","104","5","4.5",
"San Andreas (IRE)","18:50:00","2022-05-27","Fairyhouse","Flat (Turf)","Non-Handicap","6f ","6","Good","6","Ire","21","2","Horgan, H J","2.25","OBrien, Joseph Patrick","135","104","3","0.5",
"Sirjack Thomas (IRE)","16:40:00","2022-09-06","Galway","Flat (Turf)","Non-Handicap","1m½f ","8.5","Soft","14","Ire","10","6","MacRedmond, Cian","14","McGuinness, Adrian","137","90","13","2.85",
"Sirjack Thomas (IRE)","16:15:00","2022-08-27","Curragh","Flat (Turf)","Handicap","1m ","8","Good","25","Ire","27","16","MacRedmond, Cian","33","McGuinness, Adrian","123","90","13","6.68",
"Sirjack Thomas (IRE)","16:10:00","2022-07-31","Galway","Flat (Turf)","Handicap","7f ","7","Soft","16","Ire","5","4","Sheehy, M P","12","McGuinness, Adrian","124","89","5","2.75",
"Sirjack Thomas (IRE)","18:40:00","2022-07-26","Galway","Flat (Turf)","Handicap","1m½f ","8.5","Good To Yielding","18","Ire","31","8","Sheehy, M P","16","McGuinness, Adrian","124","89","15","6.1",
"Sirjack Thomas (IRE)","16:50:00","2022-06-25","Curragh","Flat (Turf)","Handicap","1m ","8","Good","18","Ire","36","12","MacRedmond, Cian","33","McGuinness, Adrian","127","92","14","4.85",
"Spanish Tenor (IRE)","16:15:00","2022-08-27","Curragh","Flat (Turf)","Handicap","1m ","8","Good","25","Ire","17","21","Coen, J","66","McGuinness, Adrian","130","97","27","8.53",
"Spanish Tenor (IRE)","18:30:00","2022-08-10","Gowran Park","Flat (Turf)","Handicap","7f ","7","Good","11","Ire","10","9","MacRedmond, Cian","9","McGuinness, Adrian","135","98","10","6.55",
"Spanish Tenor (IRE)","16:10:00","2022-07-31","Galway","Flat (Turf)","Handicap","7f ","7","Soft","16","Ire","5","5","Coen, J","20","McGuinness, Adrian","131","98","16","4",
"Spanish Tenor (IRE)","18:40:00","2022-07-26","Galway","Flat (Turf)","Handicap","1m½f ","8.5","Good To Yielding","18","Ire","50","15","Cleary, R P","40","McGuinness, Adrian","136","98","20","18.8",
"Spanish Tenor (IRE)","14:20:00","2022-06-06","Gowran Park","Flat (Turf)","Handicap","7f ","7","Yielding","13","Ire","31","1","MacRedmond, Cian","20","McGuinness, Adrian","131","92","12",,
"Surrounding (IRE)","15:55:00","2022-07-28","Galway","Flat (Turf)","Non-Handicap","7f ","7","Good To Yielding","14","Listed Race","18","1","Whelan, R P","10","Halford, M","133","98","4",,
"Surrounding (IRE)","16:15:00","2022-07-10","Fairyhouse","Flat (Turf)","Non-Handicap","7f ","7","Good","8","Group 3","15","3","Whelan, R P","22","Halford, M","135","94","7","1.28",
"Surrounding (IRE)","14:00:00","2022-06-25","Curragh","Flat (Turf)","Handicap","7f ","7","Good","10","Ire","19","4","Whelan, R P","14","Halford, M","140","95","5","4.5",
"Surrounding (IRE)","14:20:00","2022-06-06","Gowran Park","Flat (Turf)","Handicap","7f ","7","Yielding","13","Ire","213","4","Whelan, R P","18","Halford, M","139","95","1","2.85",
"Surrounding (IRE)","17:15:00","2021-11-05","Dundalk","All Weather","Non-Handicap","1m ","8","Standard","14","Listed Race","55","2","McCullagh, N G","9","Halford, M","130","95","6","2.5",
"Thats Just Dandy (IRE)","18:30:00","2022-09-01","Windsor","Flat (Turf)","Handicap","1m ","8","Good","8","Class 3","5","1","McMonagle, Dylan B","2.25","Harrington, Mrs John","132","81","4",,
"Thats Just Dandy (IRE)","16:15:00","2022-08-27","Curragh","Flat (Turf)","Handicap","1m ","8","Good","25","Ire","23","15","Crosse, Nathan","6","Harrington, Mrs John","116","81","7","6.18",
"Thats Just Dandy (IRE)","17:40:00","2022-08-04","Doncaster","Flat (Turf)","Handicap","1m ","8","Good To Firm","13","Class 3","22","3","Ryan, Gavin","4.5","Harrington, Mrs John","134","81","2","1.85",
"Thats Just Dandy (IRE)","18:10:00","2022-07-13","Killarney","Flat (Turf)","Non-Handicap","1m ","8","Good","8","Ire","88","2","McCullagh, Scott","3","Harrington, Mrs John","128","81","5","2",
"Thats Just Dandy (IRE)","14:50:00","2022-04-16","Cork","Flat (Turf)","Handicap","7f ","7","Yielding To Soft","17","Ire","20","3","Foley, Shane","2.75","Harrington, Mrs John","123","81","10","0.65",
"Alder (IRE)","17:15:00","2022-07-11","Killarney","Flat (Turf)","Maiden","1m ","8","Good","7","Ire","15","1","Ryan, Gavin","2","Obrien, Donnacha","133","0","3",,
"Alder (IRE)","13:40:00","2022-06-26","Curragh","Flat (Turf)","Maiden","7f ","7","Yielding","11","Ire","No Prev","4","Ryan, Gavin","16","Obrien, Donnacha","131","0","7","3",
"Auguste Rodin (IRE)","16:18:00","2022-07-02","Naas","Flat (Turf)","Maiden","7f ","7","Yielding","13","Ire","31","1","Heffernan, J A","0.3","OBrien, A P","133","0","6",,
"Auguste Rodin (IRE)","17:10:00","2022-06-01","Curragh","Flat (Turf)","Maiden","7f ","7","Good","9","Ire","No Prev","2","Moore, Ryan","0.67","OBrien, A P","131","0","2","2.25",
"Caroline Street (USA)","13:55:00","2022-08-27","Curragh","Flat (Turf)","Non-Handicap","1m ","8","Good","8","Group 3","44","6","Crosse, S M","2.5","OBrien, Joseph Patrick","128","0","7","5.35",
"Caroline Street (USA)","18:50:00","2022-07-14","Leopardstown","Flat (Turf)","Maiden","1m ","8","Good","6","Ire","No Prev","1","Crosse, S M","2.5","OBrien, Joseph Patrick","128","0","4",,
"Serious Challenge (IRE)","15:05:00","2022-07-30","Galway","Flat (Turf)","Maiden","1m½f ","8.5","Soft","7","Ire","5","1","Manning, K J","4.5","Bolger, J S","133","0","5",,
"Serious Challenge (IRE)","18:10:00","2022-07-25","Galway","Flat (Turf)","Maiden","7f ","7","Soft","7","Ire","No Prev","3","Manning, K J","14","Bolger, J S","131","0","2","2.75",
"Tower Of London (IRE)","19:00:00","2022-07-21","Leopardstown","Flat (Turf)","Maiden","1m ","8","Good","6","Ire","No Prev","1","Moore, Ryan","1.75","OBrien, A P","133","0","6",,
"Beamish (FR)","18:15:00","2022-08-04","Leopardstown","Flat (Turf)","Non-Handicap","1m4f ","12","Good","8","Group 3","37","3","Lee, W J","1.5","Twomey, P","135","107","5","3.65",
"Beamish (FR)","19:40:00","2022-06-28","Roscommon","Flat (Turf)","Non-Handicap","1m4f ","12","Soft To Heavy","8","Listed Race","42","1","McDonogh, D P","3.33","Twomey, P","137","0","2",,
"Beamish (FR)","20:30:00","2022-05-17","Killarney","Flat (Turf)","Non-Handicap","1m6f ","14","Soft","8","Ire","334","1","Lee, W J","4","Twomey, P","138","0","2",,
"Beamish (FR)","19:00:00","2021-06-17","Leopardstown","Flat (Turf)","Maiden","1m5f ","13","Good To Firm","10","Ire","No Prev","1","Lee, W J","2.25","Twomey, P","133","0","4",,
"Bluegrass (IRE)","19:50:00","2022-08-11","Leopardstown","Flat (Turf)","Non-Handicap","1m6f ","14","Good","5","Listed Race","91","4","Heffernan, J A","1.88","OBrien, A P","133","106","3","5.5",
"Bluegrass (IRE)","15:35:00","2022-05-12","York","Flat (Turf)","Non-Handicap","1m2½f ","10.5","Good","8","Group 2","40","3","Moore, Ryan","7","OBrien, A P","128","98","2","5.75",
"Bluegrass (IRE)","15:45:00","2022-04-02","Leopardstown","Flat (Turf)","Non-Handicap","1m2f ","10","Good","9","Group 3","175","4","Moore, Ryan","5.5","OBrien, A P","131","98","1","5.55",
"Bluegrass (IRE)","13:45:00","2021-10-09","Newmarket (Rowley)","Flat (Turf)","Non-Handicap","1m2f ","10","Good","9","Group 3","43","4","Moore, Ryan","6","OBrien, A P","128","0","3","3.4",
"Bluegrass (IRE)","16:15:00","2021-08-27","Curragh","Flat (Turf)","Maiden","1m ","8","Good","9","Ire","19","1","Heffernan, J A","2.5","OBrien, A P","131","0","4",,
"Duke De Sessa (IRE)","16:20:00","2022-06-25","Curragh","Flat (Turf)","Non-Handicap","1m2f ","10","Good","7","Group 3","35","2","Hayes, C D","6.5","Weld, D K","126","104","6","4.25",
"Duke De Sessa (IRE)","15:20:00","2022-05-21","Curragh","Flat (Turf)","Non-Handicap","1m ","8","Good To Yielding","9","Group 1","13","5","Hayes, C D","50","Weld, D K","128","105","5","6",
"Duke De Sessa (IRE)","16:35:00","2022-05-08","Leopardstown","Flat (Turf)","Non-Handicap","1m2f ","10","Good","7","Group 3","36","5","Hayes, C D","5","Weld, D K","131","106","7","9.05",
"Duke De Sessa (IRE)","15:45:00","2022-04-02","Leopardstown","Flat (Turf)","Non-Handicap","1m2f ","10","Good","9","Group 3","161","3","Hayes, C D","3.33","Weld, D K","134","106","3","3.8",
"Duke De Sessa (IRE)","17:10:00","2021-10-23","Leopardstown","Flat (Turf)","Non-Handicap","1m1f ","9","Good","13","Group 3","41","1","Keane, C T","5.5","Weld, D K","131","0","11",,
"Earl Of Tyrone (IRE)","15:35:00","2022-08-20","York","Flat (Turf)","Handicap","1m6f ","14","Good To Firm","20","Class 2","64","3","Lee, W J","5","Twomey, P","131","103","8","1.05",
"Earl Of Tyrone (IRE)","19:25:00","2022-06-17","Limerick","Flat (Turf)","Non-Handicap","1m4½f ","12.5","Good","6","Listed Race","16","1","Lee, W J","2.25","Twomey, P","135","100","2",,
"Earl Of Tyrone (IRE)","19:15:00","2022-06-01","Curragh","Flat (Turf)","Handicap","1m6f ","14","Good","13","Ire","42","1","Lee, W J","1.38","Twomey, P","125","87","16",,
"Earl Of Tyrone (IRE)","19:20:00","2022-04-20","Bellewstown","Flat (Turf)","Maiden","1m4f ","12","Good","11","Ire","14","1","Lee, W J","0.2","Twomey, P","135","79","3",,
"Earl Of Tyrone (IRE)","15:40:00","2022-04-06","Leopardstown","Flat (Turf)","Handicap","1m2f ","10","Good","20","Ire","242","3","Lee, W J","1.1","Twomey, P","139","77","15","2.5",
"Kiss You Later (IRE)","19:40:00","2022-08-12","Cork","Flat (Turf)","Non-Handicap","1m4f ","12","Good","5","Group 3","36","3","Heffernan, J A","16","OBrien, A P","125","97","4","3.75",
"Kiss You Later (IRE)","20:00:00","2022-07-07","Leopardstown","Flat (Turf)","Non-Handicap","1m6f ","14","Good","12","Group 3","15","7","Hussey, M C","33","OBrien, A P","121","97","11","9.8",
"Kiss You Later (IRE)","19:10:00","2022-06-22","Naas","Flat (Turf)","Non-Handicap","1m2f ","10","Good","11","Listed Race","14","11","Heffernan, J A","14","OBrien, A P","128","97","11","12.43",
"Kiss You Later (IRE)","19:10:00","2022-06-08","Cork","Flat (Turf)","Non-Handicap","1m4f ","12","Good","8","Group 3","17","5","Heffernan, J A","20","OBrien, A P","121","89","3","4.65",
"Kiss You Later (IRE)","17:20:00","2022-05-22","Curragh","Flat (Turf)","Maiden","1m2f ","10","Good","15","Ire","14","1","Heffernan, J A","8","OBrien, A P","129","80","6",,
"Layfayette (IRE)","18:15:00","2022-08-04","Leopardstown","Flat (Turf)","Non-Handicap","1m4f ","12","Good","8","Group 3","47","7","Coen, Ben M","8","Meade, Noel","140","109","4","10.75",
"Layfayette (IRE)","15:40:00","2022-06-18","Ascot","Flat (Turf)","Non-Handicap","1m4f ","12","Good To Firm","7","Group 2","47","5","Keane, C T","11","Meade, Noel","129","109","4","13.25",
"Layfayette (IRE)","16:05:00","2022-05-02","Curragh","Flat (Turf)","Non-Handicap","1m2f ","10","Yielding","7","Group 2","22","1","Hayes, C D","3","Meade, Noel","131","107","6",,
"Layfayette (IRE)","15:05:00","2022-04-10","Curragh","Flat (Turf)","Non-Handicap","1m2f ","10","Good To Yielding","9","Group 3","14","1","Orr, Oisin","3.5","Meade, Noel","131","106","9",,
"Layfayette (IRE)","16:25:00","2022-03-27","Naas","Flat (Turf)","Non-Handicap","1m2f ","10","Yielding","7","Listed Race","147","1","Orr, Oisin","5.5","Meade, Noel","136","102","3",,
"Perotan (IRE)","19:40:00","2022-08-12","Cork","Flat (Turf)","Non-Handicap","1m4f ","12","Good","5","Group 3","21","4","Lordan, W M","2.5","OBrien, A P","125","102","5","4.25",
"Perotan (IRE)","19:30:00","2022-07-22","Down Royal","Flat (Turf)","Non-Handicap","1m6f ","14","Good","6","Listed Race","21","1","Lordan, W M","2","OBrien, A P","119","0","6",,
"Perotan (IRE)","20:00:00","2022-07-01","Bellewstown","Flat (Turf)","Maiden","1m4f ","12","Soft","15","Ire","No Prev","1","Heffernan, J A","9","OBrien, A P","129","0","15",,
"Point King (IRE)","19:50:00","2022-08-11","Leopardstown","Flat (Turf)","Non-Handicap","1m6f ","14","Good","5","Listed Race","21","1","Crosse, S M","0.73","OBrien, Joseph Patrick","133","99","2",,
"Point King (IRE)","20:00:00","2022-07-21","Leopardstown","Flat (Turf)","Non-Handicap","1m5f ","13","Good","5","Ire","41","1","Crosse, S M","1","OBrien, Joseph Patrick","138","0","3",,
"Point King (IRE)","19:40:00","2022-06-10","Fairyhouse","Flat (Turf)","Maiden","1m4f ","12","Good","10","Ire","237","1","Crosse, S M","2.25","OBrien, Joseph Patrick","134","0","10",,
"Point King (IRE)","14:05:00","2021-10-16","Leopardstown","Flat (Turf)","Maiden","1m ","8","Good","11","Ire","No Prev","5","McDonogh, D P","14","OBrien, Joseph Patrick","131","0","9","7.05",
"Thunder Kiss (IRE)","15:45:00","2022-06-26","Curragh","Flat (Turf)","Non-Handicap","1m2f ","10","Yielding To Soft","9","Group 1","18","3","Keane, C T","40","Lyons, G M","138","107","5","1.25",
"Thunder Kiss (IRE)","19:10:00","2022-06-08","Cork","Flat (Turf)","Non-Handicap","1m4f ","12","Good","8","Group 3","27","6","Keane, C T","1.5","Lyons, G M","135","109","7","6.4",
"Thunder Kiss (IRE)","14:25:00","2022-05-12","York","Flat (Turf)","Non-Handicap","1m2½f ","10.5","Good","6","Group 2","26","3","Keane, C T","1.88","Lyons, G M","128","109","6","2.75",
"Thunder Kiss (IRE)","15:25:00","2022-04-16","Cork","Flat (Turf)","Non-Handicap","1m4f ","12","Yielding To Soft","12","Listed Race","181","1","Keane, C T","2","Lyons, G M","133","105","3",,
"Thunder Kiss (IRE)","17:05:00","2021-10-17","Naas","Flat (Turf)","Non-Handicap","1m4f ","12","Yielding","16","Listed Race","36","1","Keane, C T","2.5","Lyons, G M","139","105","16",,
"Alenquer (FR)","15:35:00","2022-07-02","Sandown","Flat (Turf)","Non-Handicap","1m2f ","10","Good To Firm","6","Group 1","41","6","Marquand, Tom","7.5","Haggas, W J","135","120","6","4.25",
"Alenquer (FR)","14:40:00","2022-05-22","Curragh","Flat (Turf)","Non-Handicap","1m2½f ","10.5","Good","8","Group 1","85","1","Marquand, Tom","3.5","Haggas, W J","131","116","7",,
"Alenquer (FR)","14:05:00","2022-02-26","Lingfield","All Weather","Non-Handicap","1m2f ","10","Standard","7","Group 3","192","1","Fallon, Cieren","2.75","Haggas, W J","126","115","7",,
"Alenquer (FR)","15:35:00","2021-08-18","York","Flat (Turf)","Non-Handicap","1m2½f ","10.5","Good","7","Group 1","61","2","Marquand, Tom","8","Haggas, W J","125","110","7","6",
"Alenquer (FR)","15:05:00","2021-06-18","Ascot","Flat (Turf)","Non-Handicap","1m4f ","12","Heavy","6","Group 2","56","1","Marquand, Tom","1.63","Haggas, W J","126","108","3",,
"Broome (IRE)","15:35:00","2022-07-23","Ascot","Flat (Turf)","Non-Handicap","1m4f ","12","Good To Firm","6","Group 1","35","4","Moore, Ryan","18","OBrien, A P","135","120","1","12",
"Broome (IRE)","15:40:00","2022-06-18","Ascot","Flat (Turf)","Non-Handicap","1m4f ","12","Good To Firm","7","Group 2","27","1","Moore, Ryan","6","OBrien, A P","129","117","7",,
"Broome (IRE)","14:40:00","2022-05-22","Curragh","Flat (Turf)","Non-Handicap","1m2½f ","10.5","Good","8","Group 1","302","5","Lordan, W M","11","OBrien, A P","131","118","6","6.3",
"Broome (IRE)","15:35:00","2021-07-24","Ascot","Flat (Turf)","Non-Handicap","1m4f ","12","Good To Firm","5","Group 1","35","4","Lordan, W M","14","OBrien, A P","133","117","2","9.5",
"Broome (IRE)","15:40:00","2021-06-19","Ascot","Flat (Turf)","Non-Handicap","1m4f ","12","Soft","10","Group 2","27","2","Moore, Ryan","2.25","OBrien, A P","127","115","9","1.5",
"Luxembourg (IRE)","16:05:00","2022-08-13","Curragh","Flat (Turf)","Non-Handicap","1m2f ","10","Good","6","Group 3","105","1","Moore, Ryan","0.22","OBrien, A P","126","117","6",,
"Luxembourg (IRE)","15:40:00","2022-04-30","Newmarket (Rowley)","Flat (Turf)","Non-Handicap","1m ","8","Good","15","Group 1","189","3","Moore, Ryan","4.5","OBrien, A P","126","115","4","2.25",
"Luxembourg (IRE)","15:15:00","2021-10-23","Doncaster","Flat (Turf)","Non-Handicap","1m ","8","Soft","8","Group 1","28","1","Moore, Ryan","0.67","OBrien, A P","127","0","2",,
"Luxembourg (IRE)","14:30:00","2021-09-25","Curragh","Flat (Turf)","Non-Handicap","1m ","8","Good","5","Group 2","73","1","Heffernan, J A","0.62","OBrien, A P","131","0","3",,
"Luxembourg (IRE)","16:55:00","2021-07-14","Killarney","Flat (Turf)","Non-Handicap","1m ","8","Good","8","Ire","No Prev","1","Hussey, M C","2.5","OBrien, A P","132","0","3",,
"Mishriff (IRE)","15:35:00","2022-08-17","York","Flat (Turf)","Non-Handicap","1m2½f ","10.5","Good","6","Group 1","25","2","Doyle, James","4","Gosden, John and Thady","134","124","5","6.5",
"Mishriff (IRE)","15:35:00","2022-07-23","Ascot","Flat (Turf)","Non-Handicap","1m4f ","12","Good To Firm","6","Group 1","21","3","Doyle, James","2.5","Gosden, John and Thady","135","125","2","10.75",
"Mishriff (IRE)","15:35:00","2022-07-02","Sandown","Flat (Turf)","Non-Handicap","1m2f ","10","Good To Firm","6","Group 1","259","2","Egan, David","7","Gosden, John and Thady","135","125","3","0.15",
"Mishriff (IRE)","15:50:00","2021-10-16","Ascot","Flat (Turf)","Non-Handicap","1m2f ","10","Good To Soft","9","Group 1","59","4","Egan, David","1.63","Gosden, John and Thady","131","127","2","3.25",
"Mishriff (IRE)","15:35:00","2021-08-18","York","Flat (Turf)","Non-Handicap","1m2½f ","10.5","Good","7","Group 1","25","1","Egan, David","2.25","Gosden, John and Thady","132","124","6",,
"Stone Age (IRE)","16:30:00","2022-06-04","Epsom","Flat (Turf)","Non-Handicap","1m4f ","12","Good","17","Group 1","27","6","Moore, Ryan","3.5","OBrien, A P","128","115","4","10.85",
"Stone Age (IRE)","16:35:00","2022-05-08","Leopardstown","Flat (Turf)","Non-Handicap","1m2f ","10","Good","7","Group 3","40","1","Moore, Ryan","0.91","OBrien, A P","131","109","6",,
"Stone Age (IRE)","16:35:00","2022-03-29","Navan","Flat (Turf)","Maiden","1m2f ","10","Good","14","Ire","199","1","Moore, Ryan","0.33","OBrien, A P","134","109","10",,
"Stone Age (IRE)","13:10:00","2021-09-11","Leopardstown","Flat (Turf)","Non-Handicap","1m ","8","Good","10","Group 2","42","2","Moore, Ryan","3.33","OBrien, A P","131","0","10","0.1",
"Stone Age (IRE)","12:50:00","2021-07-31","Galway","Flat (Turf)","Maiden","1m½f ","8.5","Good","7","Ire","9","2","Heffernan, J A","1.38","OBrien, A P","133","0","3","0.15",
"Vadeni (FR)","15:35:00","2022-07-02","Sandown","Flat (Turf)","Non-Handicap","1m2f ","10","Good To Firm","6","Group 1","No Prev","1","Soumillon, C","2.75","Rouget, J-C","125","123","4",,
"Boundless Ocean (IRE)","19:20:00","2022-08-11","Leopardstown","Flat (Turf)","Non-Handicap","1m ","8","Good","7","Group 3","28","1","Manning, K J","1.38","Bolger, J S","131","110","1",,
"Boundless Ocean (IRE)","19:20:00","2022-07-14","Leopardstown","Flat (Turf)","Non-Handicap","1m1f ","9","Good","6","Group 3","19","1","Manning, K J","1.88","Bolger, J S","125","103","4",,
"Boundless Ocean (IRE)","15:45:00","2022-06-25","Curragh","Flat (Turf)","Non-Handicap","1m4f ","12","Good","8","Group 1","23","6","Manning, K J","50","Bolger, J S","128","103","3","14.75",
"Boundless Ocean (IRE)","19:20:00","2022-06-02","Leopardstown","Flat (Turf)","Non-Handicap","1m4f ","12","Good","4","Listed Race","13","2","Manning, K J","1","Bolger, J S","131","103","5","1",
"Boundless Ocean (IRE)","17:25:00","2022-05-20","Curragh","Flat (Turf)","Non-Handicap","1m2f ","10","Good To Yielding","7","Group 3","20","3","Manning, K J","2.75","Bolger, J S","131","100","1","2.75",
"Georgeville","16:05:00","2022-08-13","Curragh","Flat (Turf)","Non-Handicap","1m2f ","10","Good","6","Group 3","30","4","Keane, C T","18","Lyons, G M","134","107","2","4.45",
"Georgeville","19:20:00","2022-07-14","Leopardstown","Flat (Turf)","Non-Handicap","1m1f ","9","Good","6","Group 3","42","4","Keane, C T","3","Lyons, G M","135","107","3","4.65",
"Georgeville","18:15:00","2022-06-02","Leopardstown","Flat (Turf)","Non-Handicap","1m1f ","9","Good","6","Listed Race","25","2","Keane, C T","3","Lyons, G M","138","105","4","3.75",
"Georgeville","17:05:00","2022-05-08","Leopardstown","Flat (Turf)","Non-Handicap","1m ","8","Good","6","Group 3","28","4","Keane, C T","4","Lyons, G M","135","107","6","4.25",
"Georgeville","15:05:00","2022-04-10","Curragh","Flat (Turf)","Non-Handicap","1m2f ","10","Good To Yielding","9","Group 3","176","8","Keane, C T","5.5","Lyons, G M","131","108","6","4.05",
"Glounthaune (IRE)","14:20:00","2022-05-02","Curragh","Flat (Turf)","Non-Handicap","1m ","8","Yielding To Soft","7","Listed Race","30","6","Moore, Ryan","14","OBrien, A P","134","103","2","13.3",
"Glounthaune (IRE)","14:35:00","2022-04-02","Leopardstown","Flat (Turf)","Non-Handicap","7f ","7","Good","8","Listed Race","168","5","Moore, Ryan","3.33","OBrien, A P","131","104","4","2.4",
"Glounthaune (IRE)","15:15:00","2021-10-16","Leopardstown","Flat (Turf)","Non-Handicap","7f ","7","Good","9","Group 3","7","1","Heffernan, J A","5","OBrien, A P","131","0","10",,
"Glounthaune (IRE)","14:55:00","2021-10-09","Newmarket (Rowley)","Flat (Turf)","Non-Handicap","7f ","7","Good","8","Group 1","175","6","Moore, Ryan","20","OBrien, A P","127","0","4","6.75",
"Glounthaune (IRE)","13:30:00","2021-04-17","Curragh","Flat (Turf)","Maiden","6f ","6","Good","11","Ire","No Prev","1","Moore, Ryan","2.25","OBrien, A P","133","0","3",,
"Jadoomi (FR)","15:35:00","2022-08-27","Goodwood","Flat (Turf)","Non-Handicap","1m ","8","Good To Soft","5","Group 2","301","1","Buick, William","3.33","Crisford, Simon","132","107","5",,
"Jadoomi (FR)","16:08:00","2021-10-30","Newmarket (Rowley)","Flat (Turf)","Non-Handicap","1m ","8","Good","9","Listed Race","412","3","Doyle, James","3.33","Crisford, Simon","125","106","9","4.5",
"Jadoomi (FR)","15:05:00","2020-09-13","Wolverhampton","All Weather","Novices","7f ","7","Standard","12","Class 5","56","1","Mitchell, Jack","0.67","Crisford, Simon","131","84","2",,
"Jadoomi (FR)","12:15:00","2020-07-19","York","Flat (Turf)","Novices","7f ","7","Good","13","Class 5","25","3","Buick, William","1.1","Crisford, Simon","128","0","12","2.6",
"Jadoomi (FR)","14:10:00","2020-06-24","Haydock","Flat (Turf)","Novices","7f ","7","Good","9","Class 5","No Prev","3","Doyle, James","11","Crisford, Simon","128","0","2","1.75",
"Just Beautiful","15:25:00","2021-09-08","Doncaster","Flat (Turf)","Non-Handicap","7f ","7","Good To Firm","12","Group 3","61","1","Sousa, Silvestre De","2.75","Furtado, Ivan","124","110","1",,
"Just Beautiful","15:35:00","2021-07-09","Newmarket (July)","Flat (Turf)","Non-Handicap","1m ","8","Good To Firm","13","Group 1","34","6","Haynes, Joey","40","Furtado, Ivan","124","102","6","2.05",
"Just Beautiful","16:00:00","2021-06-05","Musselburgh","Flat (Turf)","Non-Handicap","7f ","7","Good","11","Listed Race","38","1","Haynes, Joey","8","Furtado, Ivan","117","90","2",,
"Just Beautiful","17:10:00","2021-04-28","Chelmsford City","All Weather","Novices","7f ","7","Standard","10","Class 5","163","1","Haynes, Joey","1.5","Furtado, Ivan","131","85","4",,
"Just Beautiful","16:25:00","2020-11-16","Kempton","All Weather","Novices","7f ","7","Standard To Slow","13","Class 6","38","1","Haynes, Joey","0.44","Furtado, Ivan","133","0","4",,
"Raadobarg (IRE)","19:20:00","2022-08-11","Leopardstown","Flat (Turf)","Non-Handicap","1m ","8","Good","7","Group 3","47","4","Coen, Ben M","4","Murtagh, J P","135","107","6","5.25",
"Raadobarg (IRE)","14:35:00","2022-06-25","Curragh","Flat (Turf)","Non-Handicap","1m ","8","Good","9","Listed Race","65","4","Ryan, Rossa","2.5","Murtagh, J P","135","108","4","2.4",
"Raadobarg (IRE)","19:30:00","2022-04-21","Tipperary","Flat (Turf)","Non-Handicap","7½f ","7.5","Soft To Heavy","7","Ire","26","1","Coen, Ben M","0.83","Murtagh, J P","137","107","2",,
"Raadobarg (IRE)","16:16:00","2022-03-26","Curragh","Flat (Turf)","Handicap","1m ","8","Yielding","26","Ire","178","1","Coen, Ben M","4.5","Murtagh, J P","133","98","12",,
"Raadobarg (IRE)","18:00:00","2021-09-29","Kempton","All Weather","Handicap","1m ","8","Standard To Slow","9","Class 2","18","6","Ryan, Rossa","3.5","Varian, Roger","134","99","9","2.33",
"Real Appeal (GER)","14:10:00","2022-07-17","Curragh","Flat (Turf)","Non-Handicap","7f ","7","Good","5","Group 2","38","5","Foley, Shane","28","Harrington, Mrs John","136","109","3","8.25",
"Real Appeal (GER)","18:15:00","2022-06-09","Leopardstown","Flat (Turf)","Non-Handicap","7f ","7","Good To Yielding","5","Group 3","32","5","Foley, Shane","4.5","Harrington, Mrs John","140","111","1","5.03",
"Real Appeal (GER)","17:05:00","2022-05-08","Leopardstown","Flat (Turf)","Non-Handicap","1m ","8","Good","6","Group 3","239","5","Foley, Shane","5","Harrington, Mrs John","140","112","4","5",
"Real Appeal (GER)","14:10:00","2021-09-11","Leopardstown","Flat (Turf)","Non-Handicap","1m ","8","Good","14","Group 2","30","1","Foley, Shane","14","Harrington, Mrs John","136","109","3",,
"Real Appeal (GER)","18:30:00","2021-08-12","Leopardstown","Flat (Turf)","Non-Handicap","1m ","8","Good To Yielding","8","Group 3","63","3","Foley, Shane","5","Harrington, Mrs John","138","109","6","1.75",
"Statement (IRE)","14:35:00","2022-06-04","Epsom","Flat (Turf)","Non-Handicap","1m½f ","8.5","Good","10","Group 3","245","4","Stott, Kevin","22","Ryan, K A","134","93","8","4",
"Statement (IRE)","13:30:00","2021-10-02","Ascot","Flat (Turf)","Non-Handicap","7f ","7","Soft","14","Listed Race","24","7","Crowley, Jim","9","Meade, Freddie and Martyn","124","98","3","4.1",
"Statement (IRE)","15:25:00","2021-09-08","Doncaster","Flat (Turf)","Non-Handicap","7f ","7","Good To Firm","12","Group 3","67","6","Buick, William","11","Meade, Freddie and Martyn","124","103","9","5.85",
"Statement (IRE)","15:00:00","2021-07-03","Sandown","Flat (Turf)","Non-Handicap","1m ","8","Good To Soft","10","Listed Race","28","6","Moore, Ryan","1.75","Meade, Freddie and Martyn","126","106","5","5.15",
"Statement (IRE)","14:35:00","2021-06-05","Epsom","Flat (Turf)","Non-Handicap","1m½f ","8.5","Good To Soft","8","Group 3","34","3","Egan, David","1.75","Meade, Freddie and Martyn","120","106","5","5.5",
"Affogato (IRE)","16:15:00","2022-07-10","Fairyhouse","Flat (Turf)","Non-Handicap","7f ","7","Good","8","Group 3","30","6","Keane, C T","2.75","Lyons, G M","127","103","1","5.88",
"Affogato (IRE)","18:30:00","2022-06-10","Fairyhouse","Flat (Turf)","Non-Handicap","7f ","7","Good","3","Ire","58","1","Keane, C T","1.38","Lyons, G M","125","0","4",,
"Affogato (IRE)","16:15:00","2022-04-13","Gowran Park","Flat (Turf)","Maiden","1m ","8","Yielding To Soft","16","Ire","235","1","Keane, C T","1.1","Lyons, G M","129","0","4",,
"Affogato (IRE)","16:25:00","2021-08-21","Curragh","Flat (Turf)","Maiden","7f ","7","Soft","17","Ire","No Prev","5","Crosse, S M","80","ODwyer, Conor","128","0","12","3",
"Agartha (IRE)","18:00:00","2022-08-26","Tipperary","Flat (Turf)","Non-Handicap","7½f ","7.5","Good","10","Group 3","96","1","McDonogh, D P","1.5","OBrien, Joseph Patrick","128","107","11",,
"Agartha (IRE)","15:45:00","2022-05-22","Curragh","Flat (Turf)","Non-Handicap","1m ","8","Good To Yielding","14","Group 1","14","5","McDonogh, D P","9","OBrien, Joseph Patrick","128","107","10","6.3",
"Agartha (IRE)","16:05:00","2022-05-08","Leopardstown","Flat (Turf)","Non-Handicap","1m ","8","Good","11","Group 3","36","2","McDonogh, D P","1.5","OBrien, Joseph Patrick","131","109","10","0.75",
"Agartha (IRE)","15:10:00","2022-04-02","Leopardstown","Flat (Turf)","Non-Handicap","7f ","7","Good","11","Group 3","202","2","McDonogh, D P","7.5","OBrien, Joseph Patrick","131","109","9","1",
"Agartha (IRE)","15:30:00","2021-09-12","Curragh","Flat (Turf)","Non-Handicap","7f ","7","Good","8","Group 1","22","2","McDonogh, D P","3.33","OBrien, Joseph Patrick","128","109","5","0.75",
"Concert Hall (IRE)","15:35:00","2022-07-28","Goodwood","Flat (Turf)","Non-Handicap","1m2f ","10","Good To Firm","8","Group 1","32","8","Moore, Ryan","5.5","OBrien, A P","126","110","1","22.9",
"Concert Hall (IRE)","15:45:00","2022-06-26","Curragh","Flat (Turf)","Non-Handicap","1m2f ","10","Yielding To Soft","9","Group 1","23","4","Moore, Ryan","3.5","OBrien, A P","126","110","3","2.5",
"Concert Hall (IRE)","16:30:00","2022-06-03","Epsom","Flat (Turf)","Non-Handicap","1m4f ","12","Good","11","Group 1","12","4","Heffernan, J A","7.5","OBrien, A P","128","108","10","4.55",
"Concert Hall (IRE)","15:45:00","2022-05-22","Curragh","Flat (Turf)","Non-Handicap","1m ","8","Good To Yielding","14","Group 1","29","3","Lordan, W M","7.5","OBrien, A P","128","108","5","6",
"Concert Hall (IRE)","16:15:00","2022-04-23","Navan","Flat (Turf)","Non-Handicap","1m2f ","10","Good","9","Listed Race","197","1","Moore, Ryan","2","OBrien, A P","131","106","5",,
"Homeless Songs (IRE)","15:45:00","2022-05-22","Curragh","Flat (Turf)","Non-Handicap","1m ","8","Good To Yielding","14","Group 1","50","1","Hayes, C D","5.5","Weld, D K","128","107","11",,
"Homeless Songs (IRE)","15:10:00","2022-04-02","Leopardstown","Flat (Turf)","Non-Handicap","7f ","7","Good","11","Group 3","168","1","Hayes, C D","6","Weld, D K","128","101","7",,
"Homeless Songs (IRE)","15:15:00","2021-10-16","Leopardstown","Flat (Turf)","Non-Handicap","7f ","7","Good","9","Group 3","34","6","Keane, C T","1.5","Weld, D K","128","0","8","1.65",
"Homeless Songs (IRE)","15:30:00","2021-09-12","Curragh","Flat (Turf)","Non-Handicap","7f ","7","Good","8","Group 1","66","5","Orr, Oisin","2.25","Weld, D K","128","0","1","4.25",
"Homeless Songs (IRE)","16:40:00","2021-07-08","Leopardstown","Flat (Turf)","Maiden","7f ","7","Good","15","Ire","No Prev","1","Orr, Oisin","8","Weld, D K","128","0","8",,
"Honey Girl","18:00:00","2022-08-26","Tipperary","Flat (Turf)","Non-Handicap","7½f ","7.5","Good","10","Group 3","45","6","Hayes, C D","6.5","Bromhead, Henry De","128","107","1","5.75",
"Honey Girl","15:50:00","2022-07-12","Dundalk","All Weather","Maiden","1m ","8","Standard","10","Ire","25","2","Coen, Ben M","0.2","Bromhead, Henry De","129","107","7","0.03",
"Honey Girl","16:20:00","2022-06-17","Ascot","Flat (Turf)","Non-Handicap","1m ","8","Good To Firm","12","Group 1","40","6","Keane, C T","50","Bromhead, Henry De","128","99","11","6.58",
"Honey Girl","16:05:00","2022-05-08","Leopardstown","Flat (Turf)","Non-Handicap","1m ","8","Good","11","Group 3","30","3","Lordan, W M","28","Bromhead, Henry De","128","0","3","2",
"Honey Girl","19:50:00","2022-04-08","Dundalk","All Weather","Maiden","7f ","7","Standard","9","Ire","119","2","Hayes, C D","2","Bromhead, Henry De","129","0","2","0.5",
"Lights On","14:30:00","2022-06-14","Ascot","Flat (Turf)","Non-Handicap","1m ","8","Good To Firm","7","Group 1","53","6","Kingscote, Richard","33","Stoute, Sir Michael","125","106","2","10",
"Lights On","15:00:00","2022-04-22","Sandown","Flat (Turf)","Non-Handicap","1m ","8","Good","6","Group 2","196","1","Moore, Ryan","8.5","Stoute, Sir Michael","124","106","1",,
"Lights On","16:40:00","2021-10-08","Newmarket (Rowley)","Flat (Turf)","Non-Handicap","1m2f ","10","Good To Soft","15","Group 3","77","7","Dobbs, Pat","11","Stoute, Sir Michael","129","108","8","5.18",
"Lights On","15:00:00","2021-07-23","Ascot","Flat (Turf)","Non-Handicap","1m ","8","Good To Firm","7","Group 3","17","2","Moore, Ryan","2.75","Stoute, Sir Michael","129","110","4","4.5",
"Lights On","15:00:00","2021-07-06","Pontefract","Flat (Turf)","Non-Handicap","1m ","8","Soft","6","Listed Race","20","1","Moore, Ryan","3","Stoute, Sir Michael","126","98","8",,
"Panama Red (IRE)","17:35:00","2022-08-18","Killarney","Flat (Turf)","Non-Handicap","1m ","8","Yielding","12","Listed Race","36","2","Enright, M A","3.5","Lyons, G M","124","102","10","1.25",
"Panama Red (IRE)","18:40:00","2022-07-13","Killarney","Flat (Turf)","Non-Handicap","1m ","8","Good","11","Listed Race","52","2","Keane, C T","5","Lyons, G M","129","102","4","0.05",
"Panama Red (IRE)","15:45:00","2022-05-22","Curragh","Flat (Turf)","Non-Handicap","1m ","8","Good To Yielding","14","Group 1","14","10","Keane, C T","22","Lyons, G M","128","102","2","14.95",
"Panama Red (IRE)","16:05:00","2022-05-08","Leopardstown","Flat (Turf)","Non-Handicap","1m ","8","Good","11","Group 3","36","5","Keane, C T","5","Lyons, G M","128","102","2","2.13",
"Panama Red (IRE)","15:10:00","2022-04-02","Leopardstown","Flat (Turf)","Non-Handicap","7f ","7","Good","11","Group 3","203","6","Carroll, G F","12","Lyons, G M","128","103","12","5.1",
"Pearls Galore (FR)","14:10:00","2022-07-17","Curragh","Flat (Turf)","Non-Handicap","7f ","7","Good","5","Group 2","56","2","Lee, W J","1.88","Twomey, P","133","109","6","3.5",
"Pearls Galore (FR)","15:10:00","2022-05-22","Curragh","Flat (Turf)","Non-Handicap","1m ","8","Good To Yielding","7","Group 2","46","1","Lee, W J","0.73","Twomey, P","128","109","3",,
"Pearls Galore (FR)","16:15:00","2022-04-06","Leopardstown","Flat (Turf)","Non-Handicap","1m ","8","Good","7","Listed Race","207","1","Lee, W J","0.8","Twomey, P","133","109","3",,
"Pearls Galore (FR)","13:40:00","2021-09-11","Leopardstown","Flat (Turf)","Non-Handicap","1m ","8","Good","13","Group 1","16","2","McDonogh, D P","7","Twomey, P","133","107","7","0.15",
"Pearls Galore (FR)","18:00:00","2021-08-26","Tipperary","Flat (Turf)","Non-Handicap","7½f ","7.5","Good To Yielding","15","Group 3","46","1","Lee, W J","2.5","Twomey, P","136","107","2",,
"Saffron Beach (IRE)","16:20:00","2022-06-15","Ascot","Flat (Turf)","Non-Handicap","1m ","8","Good To Firm","7","Group 2","256","1","Buick, William","2.5","Chapple-Hyam, Jane","133","115","5",,
"Saffron Beach (IRE)","14:55:00","2021-10-02","Newmarket (Rowley)","Flat (Turf)","Non-Handicap","1m ","8","Good","12","Group 1","42","1","Buick, William","5","Chapple-Hyam, Jane","126","109","3",,
"Saffron Beach (IRE)","14:40:00","2021-08-21","Sandown","Flat (Turf)","Non-Handicap","1m ","8","Good","10","Group 3","43","1","Doyle, Hollie","4.5","Chapple-Hyam, Jane","124","109","3",,
"Saffron Beach (IRE)","15:35:00","2021-07-09","Newmarket (July)","Flat (Turf)","Non-Handicap","1m ","8","Good To Firm","13","Group 1","35","11","Egan, David","14","Chapple-Hyam, Jane","124","109","2","11.58",
"Saffron Beach (IRE)","16:30:00","2021-06-04","Epsom","Flat (Turf)","Non-Handicap","1m4f ","12","Good To Soft","14","Group 1","33","8","Kirby, Adam","10","Chapple-Hyam, Jane","126","109","7","26.75",
"Star Girls Aalmal (IRE)","16:15:00","2022-07-10","Fairyhouse","Flat (Turf)","Non-Handicap","7f ","7","Good","8","Group 3","22","5","Hayes, C D","1.1","Bromhead, Henry De","127","107","4","4.63",
"Star Girls Aalmal (IRE)","15:05:00","2022-06-18","Ascot","Flat (Turf)","Non-Handicap","7f ","7","Good To Firm","15","Group 3","27","4","Lee, W J","4.5","Bromhead, Henry De","126","108","13","1.9",
"Star Girls Aalmal (IRE)","15:45:00","2022-05-22","Curragh","Flat (Turf)","Non-Handicap","1m ","8","Good To Yielding","14","Group 1","39","4","Lee, W J","9","Bromhead, Henry De","128","100","8","6.15",
"Star Girls Aalmal (IRE)","15:40:00","2022-04-13","Gowran Park","Flat (Turf)","Non-Handicap","7f ","7","Yielding To Soft","4","Ire","147","1","Lee, W J","2","Bromhead, Henry De","130","97","2",,
"Star Girls Aalmal (IRE)","17:00:00","2021-11-17","Dundalk","All Weather","Maiden","7f ","7","Standard","11","Ire","47","1","Hayes, C D","1.5","Bromhead, Henry De","128","0","8",,
"Tenebrism (USA)","16:20:00","2022-06-17","Ascot","Flat (Turf)","Non-Handicap","1m ","8","Good To Firm","12","Group 1","47","4","Moore, Ryan","10","OBrien, A P","128","114","4","4.83",
"Tenebrism (USA)","15:40:00","2022-05-01","Newmarket (Rowley)","Flat (Turf)","Non-Handicap","1m ","8","Good To Firm","13","Group 1","218","8","Moore, Ryan","2.75","OBrien, A P","126","115","5","6",
"Tenebrism (USA)","14:25:00","2021-09-25","Newmarket (Rowley)","Flat (Turf)","Non-Handicap","6f ","6","Good To Firm","12","Group 1","181","1","Moore, Ryan","14","OBrien, A P","126","0","11",,
"Tenebrism (USA)","13:15:00","2021-03-28","Naas","Flat (Turf)","Maiden","5f ","5","Soft","9","Ire","No Prev","1","Heffernan, J A","3.5","OBrien, A P","128","0","3",,
"Baby Zeus (IRE)","18:35:00","2022-07-29","Galway","Flat (Turf)","Handicap","1m4f ","12","Yielding","18","Ire","77","3","Crosse, S M","10","Mullins, W P","138","92","2","8.25",
"Baby Zeus (IRE)","18:00:00","2022-05-13","Kilbeggan","National Hunt","Maiden Hurdle","2m3f ","19","Good","15","Ire","209","4","Townend, P","0.91","Mullins, W P","166","0","0","31.25",
"Baby Zeus (IRE)","17:25:00","2021-10-16","Leopardstown","Flat (Turf)","Handicap","1m4f ","12","Good","20","Ire","23","11","McDonogh, D P","7","Mullins, W P","134","93","15","7.35",
"Baby Zeus (IRE)","16:35:00","2021-09-23","Listowel","Flat (Turf)","Handicap","1m4f ","12","Yielding","14","Ire","12","5","McDonogh, D P","5.5","Mullins, W P","140","93","9","3",
"Baby Zeus (IRE)","15:45:00","2021-09-11","Leopardstown","Flat (Turf)","Handicap","1m5f ","13","Good","23","Ire","42","12","McDonogh, D P","11","Mullins, W P","133","93","25","6.25",
"Cask Mate (IRE)","18:35:00","2022-07-29","Galway","Flat (Turf)","Handicap","1m4f ","12","Yielding","18","Ire","4","12","Sheridan, J M","6.5","Meade, Noel","130","87","21","23.9",
"Cask Mate (IRE)","18:40:00","2022-07-25","Galway","Flat (Turf)","Handicap","2m1f ","17","Yielding To Soft","20","Ire","9","5","Taaffe, Pat","20","Meade, Noel","151","87","13","6.4",
"Cask Mate (IRE)","16:20:00","2022-07-16","Curragh","Flat (Turf)","Handicap","1m4f ","12","Good","17","Ire","60","7","Murray, Ms E K","33","Meade, Noel","149","87","10","3.85",
"Cask Mate (IRE)","20:30:00","2022-05-17","Killarney","Flat (Turf)","Non-Handicap","1m6f ","14","Soft","8","Ire","60","6","Keane, C T","10","Meade, Noel","138","0","9","12.28",
"Cask Mate (IRE)","14:10:00","2022-03-18","Cheltenham","National Hunt","Handicap Hurdle","2m1f ","17","Good To Soft","26","Grade 3","40","F","ORegan, Denis","80","Meade, Noel","156","142","0",,
"Dancila (IRE)","18:30:00","2022-08-29","Roscommon","Flat (Turf)","Non-Handicap","1m4f ","12","Good","4","Ire","8","1","Manning, K J","3.5","Bolger, J S","140","90","1",,
"Dancila (IRE)","17:00:00","2022-08-21","Naas","Flat (Turf)","Non-Handicap","1m2f ","10","Good","3","Ire","17","2","Manning, K J","3.5","Bolger, J S","142","90","3","2.75",
"Dancila (IRE)","17:45:00","2022-08-04","Leopardstown","Flat (Turf)","Handicap","1m2f ","10","Good","6","Ire","6","1","Manning, K J","11","Bolger, J S","130","86","4",,
"Dancila (IRE)","18:35:00","2022-07-29","Galway","Flat (Turf)","Handicap","1m4f ","12","Yielding","18","Ire","35","18","Manning, K J","20","Bolger, J S","132","86","18","36.05",
"Dancila (IRE)","20:28:00","2022-06-24","Curragh","Flat (Turf)","Handicap","2m ","16","Good","12","Ire","6","11","Manning, K J","4.5","Bolger, J S","131","86","16","45.05",
"Dutch Schultz","18:40:00","2022-07-25","Galway","Flat (Turf)","Handicap","2m1f ","17","Yielding To Soft","20","Ire","153","3","Dunne, Mr J","20","Cromwell, Gavin Patrick","148","85","11","2.25",
"Dutch Schultz","13:10:00","2022-02-22","Navan","National Hunt","Maiden Hurdle","2m ","16","Heavy","25","Ire","28","4","Donoghue, K M","6","Cromwell, Gavin Patrick","166","0","0","8.25",
"Dutch Schultz","13:10:00","2022-01-25","Down Royal","National Hunt","Maiden Hurdle","2m½f ","16.5","Yielding","15","Ire","38","4","Meyler, D","7","Cromwell, Gavin Patrick","168","0","0","27",
"Dutch Schultz","12:05:00","2021-12-18","Navan","National Hunt","Maiden Hurdle","2m ","16","Good To Yielding","21","Ire","34","6","ORegan, Denis","8.5","Cromwell, Gavin Patrick","163","0","0","14.1",
"Dutch Schultz","11:50:00","2021-11-14","Cork","National Hunt","Maiden Hurdle","2m ","16","Soft","22","Ire","26","7","Dempsey, Luke","0.62","Cromwell, Gavin Patrick","163","0","0","14.98",
"Female Soldier (IRE)","15:40:00","2022-08-27","Curragh","Flat (Turf)","Non-Handicap","1m1f ","9","Good","6","Group 3","17","4","Lee, W J","16","Mullins, Thomas","126","88","5","4.5",
"Female Soldier (IRE)","17:20:00","2022-08-10","Gowran Park","Flat (Turf)","Non-Handicap","1m1½f ","9.5","Good","12","Listed Race","24","7","Coen, J","28","Mullins, Thomas","127","88","4","3.4",
"Female Soldier (IRE)","14:45:00","2022-07-17","Curragh","Flat (Turf)","Handicap","1m2f ","10","Good","9","Ire","25","7","Lee, W J","7.5","Mullins, Thomas","139","89","9","4.7",
"Female Soldier (IRE)","19:10:00","2022-06-22","Naas","Flat (Turf)","Non-Handicap","1m2f ","10","Good","11","Listed Race","45","6","Lee, W J","16","Mullins, Thomas","128","0","3","5.28",
"Female Soldier (IRE)","14:25:00","2022-05-08","Leopardstown","Flat (Turf)","Maiden","1m2f ","10","Good","12","Ire","No Prev","1","Lee, W J","66","Mullins, Thomas","129","0","6",,
"Golden Twilight (IRE)","16:40:00","2022-08-15","Dundalk","All Weather","Handicap","1m2½f ","10.5","Standard","14","Ire","17","1","McMonagle, Dylan B","7.5","Halford, M","126","80","6",,
"Golden Twilight (IRE)","18:35:00","2022-07-29","Galway","Flat (Turf)","Handicap","1m4f ","12","Yielding","18","Ire","33","17","Sheehy, M P","25","Halford, M","125","82","15","33.55",
"Golden Twilight (IRE)","16:20:00","2022-06-26","Curragh","Flat (Turf)","Handicap","1m4f ","12","Yielding To Soft","14","Ire","36","3","Whelan, R P","20","Halford, M","126","82","2","11.5",
"Golden Twilight (IRE)","16:30:00","2022-05-21","Curragh","Flat (Turf)","Handicap","1m2f ","10","Good To Yielding","19","Ire","35","16","Whelan, R P","7.5","Halford, M","123","83","7","15.35",
"Golden Twilight (IRE)","17:10:00","2022-04-16","Cork","Flat (Turf)","Handicap","1m2f ","10","Yielding To Soft","17","Ire","134","5","Whelan, R P","14","Halford, M","125","84","4","2.15",
"In Favour","20:10:00","2022-08-10","Gowran Park","Flat (Turf)","Handicap","1m4½f ","12.5","Good","9","Ire","641","6","Crosse, Nathan","80","Comer, Luke","129","91","2","4.8",
"In Favour","14:35:00","2020-11-07","Naas","Flat (Turf)","Non-Handicap","1m4f ","12","Heavy","12","Listed Race","No Prev","12","Carroll, G F","150","Comer, Luke","133","99","11","72.15",
"Jesse Evans (IRE)","19:40:00","2022-08-24","Bellewstown","Flat (Turf)","Handicap","2m1f ","17","Good","11","Ire","27","4","Taaffe, Pat","1.25","Meade, Noel","163","89","9","5.5",
"Jesse Evans (IRE)","17:05:00","2022-07-28","Galway","National Hunt","Handicap Hurdle","2m ","16","Good","20","Grade 1","16","2","Cooper, Bryan J","9","Meade, Noel","160","138","0","0.75",
"Jesse Evans (IRE)","19:00:00","2022-07-12","Killarney","Flat (Turf)","Handicap","2m1f ","17","Good","12","Ire","73","2","Keane, C T","4","Meade, Noel","137","87","7","0.1",
"Jesse Evans (IRE)","17:30:00","2022-04-30","Punchestown","National Hunt","Handicap Hurdle","2m3f ","19","Yielding","24","Grade 2","14","17","Flanagan, S W","18","Meade, Noel","160","139","0","27.65",
"Jesse Evans (IRE)","16:50:00","2022-04-16","Fairyhouse","National Hunt","Handicap Hurdle","2m ","16","Good To Yielding","17","Grade 1","29","6","Gainford, Mr J C","9","Meade, Noel","159","139","0","6.7",
"Khezaana (IRE)","18:50:00","2022-09-01","Clonmel","Flat (Turf)","Handicap","2m½f ","16.5","Good","9","Ire","111","8","Cleary, R P","12","Kinsella, Donal","129","82","0","7.35",
"Khezaana (IRE)","20:30:00","2022-05-13","Leopardstown","Flat (Turf)","Handicap","1m4f ","12","Good","9","Ire","12","4","Lalor, Miss E A","8.5","Kinsella, Donal","132","82","4","1.75",
"Khezaana (IRE)","16:35:00","2022-05-01","Sligo","Flat (Turf)","Handicap","1m2½f ","10.5","Soft","10","Ire","197","8","Colgan, R C","25","Kinsella, Donal","134","83","8","11.9",
"Khezaana (IRE)","17:25:00","2021-10-16","Leopardstown","Flat (Turf)","Handicap","1m4f ","12","Good","20","Ire","20","6","Rutledge, Siobhan","5.5","Kinsella, Donal","113","83","9","2.4",
"Khezaana (IRE)","16:05:00","2021-09-26","Curragh","Flat (Turf)","Handicap","1m4f ","12","Good","17","Ire","62","1","Dowdall, Miss L","66","Kinsella, Donal","126","75","10",,
"Kojin (IRE)","17:50:00","2022-09-01","Clonmel","Flat (Turf)","Handicap","1m1½f ","9.5","Good","10","Ire","19","1","Ewing, Sam","3","Fahey, Peter","135","81","5",,
"Kojin (IRE)","17:30:00","2022-08-13","Tramore","Flat (Turf)","Maiden","1m4f ","12","Good","12","Ire","14","1","Ewing, Sam","3","Fahey, Peter","141","77","6",,
"Kojin (IRE)","17:20:00","2022-07-30","Galway","Flat (Turf)","Handicap","1m4f ","12","Soft","15","Ire","36","4","Ewing, Sam","11","Fahey, Peter","135","76","6","2.65",
"Kojin (IRE)","19:53:00","2022-06-24","Curragh","Flat (Turf)","Handicap","1m1f ","9","Good","22","Ire","166","3","Coen, Ben M","20","Fahey, Peter","139","72","15","0.65",
"Kojin (IRE)","12:50:00","2022-01-09","Fairyhouse","National Hunt","Hurdle","2m ","16","Soft","7","Ire","9","7","OKeeffe, Darragh","80","Fahey, Peter","154","0","0","43",
"La Hacienda","19:05:00","2022-08-18","Killarney","Flat (Turf)","Handicap","1m6f ","14","Yielding","14","Ire","20","1","Sheehy, M P","11","Smith, Matthew J","119","82","13",,
"La Hacienda","20:40:00","2022-07-29","Galway","Flat (Turf)","Handicap","1m6f ","14","Soft","15","Ire","2","1","Coen, J","10","Smith, Matthew J","137","75","18",,
"La Hacienda","20:20:00","2022-07-27","Galway","Flat (Turf)","Handicap","2m½f ","16.5","Good To Yielding","19","Ire","13","7","Coen, J","25","Smith, Matthew J","132","75","20","6.1",
"La Hacienda","20:20:00","2022-07-14","Leopardstown","Flat (Turf)","Handicap","1m5f ","13","Good","10","Ire","84","1","McDonogh, D P","20","Smith, Matthew J","139","69","4",,
"La Hacienda","17:45:00","2022-04-21","Kilbeggan","National Hunt","Handicap Hurdle","2m3f ","19","Good To Yielding","16","Ire","10","PU","Carberry, Peter","28","Smith, Matthew J","159","93","0",,
"Licence","15:35:00","2022-08-20","York","Flat (Turf)","Handicap","1m6f ","14","Good To Firm","20","Class 2","16","16","Carroll, G F","25","Lyons, G M","131","103","19","14.48",
"Licence","18:15:00","2022-08-04","Leopardstown","Flat (Turf)","Non-Handicap","1m4f ","12","Good","8","Group 3","94","4","Keane, C T","8","Lyons, G M","135","103","6","5.65",
"Licence","16:05:00","2022-05-02","Curragh","Flat (Turf)","Non-Handicap","1m2f ","10","Yielding","7","Group 2","36","7","Keane, C T","3.33","Lyons, G M","131","103","2","13.15",
"Licence","16:25:00","2022-03-27","Naas","Flat (Turf)","Non-Handicap","1m2f ","10","Yielding","7","Listed Race","293","2","Keane, C T","1.25","Lyons, G M","133","0","8","0.5",
"Licence","16:25:00","2021-06-07","Gowran Park","Flat (Turf)","Maiden","1m1½f ","9.5","Good","13","Ire","No Prev","1","Keane, C T","0.8","Lyons, G M","133","0","9",,
"Moracana (IRE)","16:30:00","2022-05-21","Curragh","Flat (Turf)","Handicap","1m2f ","10","Good To Yielding","19","Ire","45","6","Lee, W J","2.25","Lavery, Ms Sheila","127","87","10","9",
"Moracana (IRE)","15:40:00","2022-04-06","Leopardstown","Flat (Turf)","Handicap","1m2f ","10","Good","20","Ire","172","1","Colgan, R C","8","Lavery, Ms Sheila","140","78","17",,
"Moracana (IRE)","16:20:00","2021-10-16","Leopardstown","Flat (Turf)","Maiden","1m2f ","10","Good","13","Ire","32","1","Colgan, R C","5","Lavery, Ms Sheila","128","0","10",,
"Moracana (IRE)","15:33:00","2021-09-14","Punchestown","Flat (Turf)","Maiden","1m1f ","9","Good","14","Ire","17","4","Colgan, R C","4.5","Lavery, Ms Sheila","128","0","7","7.65",
"Moracana (IRE)","15:07:00","2021-08-28","Navan","Flat (Turf)","Maiden","1m ","8","Good","15","Ire","No Prev","2","Colgan, R C","33","Lavery, Ms Sheila","128","0","19","5.5",
"My Mate Mozzie (IRE)","17:05:00","2022-07-28","Galway","National Hunt","Handicap Hurdle","2m ","16","Good","20","Grade 1","58","12","Flanagan, S W","6.5","Cromwell, Gavin Patrick","163","141","0","22.75",
"My Mate Mozzie (IRE)","20:20:00","2022-05-31","Tipperary","Flat (Turf)","Maiden","1m4½f ","12.5","Good To Firm","10","Ire","14","2","Carroll, G F","2.25","Cromwell, Gavin Patrick","147","0","3","3.5",
"My Mate Mozzie (IRE)","20:30:00","2022-05-17","Killarney","Flat (Turf)","Non-Handicap","1m6f ","14","Soft","8","Ire","60","3","Carroll, G F","1.5","Cromwell, Gavin Patrick","130","0","4","5.5",
"My Mate Mozzie (IRE)","14:10:00","2022-03-18","Cheltenham","National Hunt","Handicap Hurdle","2m1f ","17","Good To Soft","26","Grade 3","40","8","Buckley, Kieran","16","Cromwell, Gavin Patrick","155","146","0","10.25",
"My Mate Mozzie (IRE)","15:35:00","2022-02-06","Leopardstown","National Hunt","Novices Hurdle","2m ","16","Yielding To Soft","8","Grade 1","70","4","Flanagan, S W","7","Cromwell, Gavin Patrick","166","141","0","53",
"Nuits St Georges (IRE)","18:40:00","2022-07-25","Galway","Flat (Turf)","Handicap","2m1f ","17","Yielding To Soft","20","Ire","31","12","Roche, Mr D","33","Bromhead, Henry De","157","92","4","33.15",
"Nuits St Georges (IRE)","20:28:00","2022-06-24","Curragh","Flat (Turf)","Handicap","2m ","16","Good","12","Ire","34","6","Lordan, W M","20","Bromhead, Henry De","138","93","17","7.05",
"Nuits St Georges (IRE)","15:55:00","2022-05-21","Curragh","Flat (Turf)","Non-Handicap","1m4f ","12","Good To Yielding","12","Listed Race","196","8","Lordan, W M","66","Bromhead, Henry De","133","93","1","14.4",
"Nuits St Georges (IRE)","14:40:00","2021-11-06","Doncaster","Flat (Turf)","Handicap","1m4f ","12","Soft","23","Class 2","56","21","Levey, S M","50","Menuisier, David","127","94","23","21.78",
"Nuits St Georges (IRE)","14:35:00","2021-09-11","Chester","Flat (Turf)","Handicap","1m6½f ","14.5","Good To Soft","8","Class 3","42","5","Nolan, D","4","Menuisier, David","133","95","1","28.65",
"Nusret","14:25:00","2022-08-20","York","Flat (Turf)","Handicap","1m6f ","14","Good To Firm","13","Class 2","34","6","Sheehy, M P","10","OBrien, Joseph Patrick","121","91","5","10.4",
"Nusret","16:30:00","2022-07-17","Curragh","Flat (Turf)","Maiden","1m4f ","12","Good","9","Ire","10","1","Sheehy, M P","2.25","OBrien, Joseph Patrick","131","83","10",,
"Nusret","19:45:00","2022-07-07","Limerick","Flat (Turf)","Maiden","1m4½f ","12.5","Good","11","Ire","40","2","Crosse, S M","2.5","OBrien, Joseph Patrick","134","83","14","0.03",
"Nusret","16:00:00","2022-05-28","Navan","Flat (Turf)","Handicap","1m2f ","10","Good","13","Ire","27","3","McMonagle, Dylan B","4.5","OBrien, Joseph Patrick","127","83","11","4.25",
"Nusret","17:10:00","2022-05-01","Sligo","Flat (Turf)","Maiden","1m2½f ","10.5","Soft","10","Ire","28","2","McDonogh, D P","0.3","OBrien, Joseph Patrick","134","0","9","0.1",
"One Cool Poet (IRE)","17:50:00","2022-08-26","Down Royal","National Hunt","Handicap Hurdle","2m1f ","17","Good","15","Ire","16","1","Cooper, Bryan J","12","Smith, Matthew J","160","101","0",,
"One Cool Poet (IRE)","20:10:00","2022-08-10","Gowran Park","Flat (Turf)","Handicap","1m4½f ","12.5","Good","9","Ire","12","7","McMonagle, Dylan B","10","Smith, Matthew J","127","86","5","7.55",
"One Cool Poet (IRE)","18:35:00","2022-07-29","Galway","Flat (Turf)","Handicap","1m4f ","12","Yielding","18","Ire","1","8","Coen, J","8","Smith, Matthew J","127","86","13","11.65",
"One Cool Poet (IRE)","15:20:00","2022-07-28","Galway","Flat (Turf)","Handicap","1m½f ","8.5","Good To Yielding","17","Ire","3","5","McMonagle, Dylan B","40","Smith, Matthew J","137","86","9","1.8",
"One Cool Poet (IRE)","17:40:00","2022-07-25","Galway","National Hunt","Handicap Hurdle","2m½f ","16.5","Yielding","20","Ire","359","18","ORegan, Denis","33","Smith, Matthew J","163","104","0","37.18",
"Phoenix Cowboy (USA)","19:30:00","2022-07-22","Down Royal","Flat (Turf)","Non-Handicap","1m6f ","14","Good","6","Listed Race","26","5","Keane, C T","4","Lyons, G M","135","100","2","10.75",
"Phoenix Cowboy (USA)","16:20:00","2022-06-26","Curragh","Flat (Turf)","Handicap","1m4f ","12","Yielding To Soft","14","Ire","25","2","Keane, C T","8","Lyons, G M","140","96","9","6.5",
"Phoenix Cowboy (USA)","19:15:00","2022-06-01","Curragh","Flat (Turf)","Handicap","1m6f ","14","Good","13","Ire","55","4","Keane, C T","8.5","Lyons, G M","134","96","7","7.25",
"Phoenix Cowboy (USA)","18:30:00","2022-04-07","Gowran Park","Flat (Turf)","Non-Handicap","1m5½f ","13.5","Good","7","Ire","173","3","Keane, C T","7","Lyons, G M","135","91","0","1.6",
"Phoenix Cowboy (USA)","17:25:00","2021-10-16","Leopardstown","Flat (Turf)","Handicap","1m4f ","12","Good","20","Ire","16","5","Keane, C T","4.5","Lyons, G M","132","91","11","2.25",
"Sandhurst (IRE)","18:15:00","2022-08-04","Leopardstown","Flat (Turf)","Non-Handicap","1m4f ","12","Good","8","Group 3","6","5","Foley, Shane","33","Harrington, Mrs John","135","100","3","9.9",
"Sandhurst (IRE)","20:10:00","2022-07-29","Galway","Flat (Turf)","Non-Handicap","1m6f ","14","Soft","3","Ire","22","2","Foley, Shane","0.62","Harrington, Mrs John","131","106","3","0.5",
"Sandhurst (IRE)","20:30:00","2022-07-07","Leopardstown","Flat (Turf)","Non-Handicap","1m7f ","15","Good","7","Ire","428","3","OSullivan, Mr M J M","3","Harrington, Mrs John","152","107","8","10.5",
"Sandhurst (IRE)","15:15:00","2021-05-05","Chester","Flat (Turf)","Non-Handicap","1m4½f ","12.5","Good To Soft","6","Group 3","20","2","Moore, Ryan","6","OBrien, A P","126","98","7","1.75",
"Sandhurst (IRE)","15:35:00","2021-04-15","Newmarket (Rowley)","Flat (Turf)","Non-Handicap","1m ","8","Good To Firm","10","Group 3","176","6","Dettori, L","9","OBrien, A P","126","0","7","8.25",
"Shajak (IRE)","19:50:00","2022-08-11","Leopardstown","Flat (Turf)","Non-Handicap","1m6f ","14","Good","5","Listed Race","33","3","Coen, Ben M","16","Murtagh, J P","133","92","1","3.75",
"Shajak (IRE)","15:57:00","2022-07-09","Navan","Flat (Turf)","Non-Handicap","1m2f ","10","Good To Firm","4","Ire","21","2","Coen, Ben M","7.5","Murtagh, J P","136","90","3","2.25",
"Shajak (IRE)","16:25:00","2022-06-18","Down Royal","Flat (Turf)","Handicap","1m5f ","13","Yielding","7","Ire","18","7","Coen, Ben M","3.33","Murtagh, J P","131","92","3","23.95",
"Shajak (IRE)","20:20:00","2022-05-31","Tipperary","Flat (Turf)","Maiden","1m4½f ","12.5","Good To Firm","10","Ire","17","1","Coen, Ben M","2","Murtagh, J P","131","0","8",,
"Shajak (IRE)","17:35:00","2022-05-14","Navan","Flat (Turf)","Maiden","1m2f ","10","Good","12","Ire","34","4","Coen, Ben M","18","Murtagh, J P","134","0","5","6",
"Temple Of Artemis (IRE)","16:40:00","2022-08-13","Curragh","Flat (Turf)","Non-Handicap","1m6f ","14","Good","6","Group 3","100","4","McDonogh, D P","5.5","OBrien, Joseph Patrick","124","96","2","8",
"Temple Of Artemis (IRE)","16:50:00","2022-05-05","Chester","Flat (Turf)","Handicap","1m4½f ","12.5","Good To Soft","7","Class 3","29","1","Moore, Ryan","2.25","OBrien, A P","133","88","1",,
"Temple Of Artemis (IRE)","15:05:00","2022-04-06","Leopardstown","Flat (Turf)","Maiden","1m2f ","10","Good","7","Ire","182","3","Lordan, W M","8","OBrien, A P","134","0","7","2",
"Temple Of Artemis (IRE)","15:30:00","2021-10-06","Navan","Flat (Turf)","Maiden","1m ","8","Soft","16","Ire","10","6","Lordan, W M","2.75","OBrien, A P","133","0","14","2.05",
"Temple Of Artemis (IRE)","14:00:00","2021-09-26","Curragh","Flat (Turf)","Maiden","7f ","7","Good","15","Ire","No Prev","4","Lordan, W M","6","OBrien, A P","133","0","18","4.9",
"Tiger Voice (FR)","19:10:00","2022-06-28","Roscommon","Flat (Turf)","Handicap","1m2f ","10","Soft To Heavy","12","Ire","61","6","Lordan, W M","40","Bromhead, Henry De","147","92","8","4.8",
"Tiger Voice (FR)","16:15:00","2022-04-28","Punchestown","National Hunt","Handicap Chase","2m ","16","Good To Yielding","10","Grade 2","123","9","Blackmore, Rachael","14","Bromhead, Henry De","155","132","0","65",
"Tiger Voice (FR)","14:55:00","2021-12-26","Leopardstown","National Hunt","Handicap Chase","2m1f ","17","Soft","14","Ire","151","11","Flanagan, S W","22","Bromhead, Henry De","157","133","0","58.95",
"Tiger Voice (FR)","19:15:00","2021-07-28","Galway","National Hunt","Handicap Chase","2m2f ","18","Good","20","Ire","60","12","Townend, P","4.5","Bromhead, Henry De","157","133","0","33.28",
"Tiger Voice (FR)","13:50:00","2021-05-29","Punchestown","National Hunt","Handicap Chase","2m ","16","Soft","6","Ire","31","1","OKeeffe, Darragh","2.75","Bromhead, Henry De","138","128","0",,
"Yashin (IRE)","15:05:00","2022-06-16","Ascot","Flat (Turf)","Handicap","1m4f ","12","Good To Firm","19","Class 2","19","19","Foley, Shane","14","Harrington, Mrs John","135","96","4","75.1",
"Yashin (IRE)","16:00:00","2022-05-28","Navan","Flat (Turf)","Handicap","1m2f ","10","Good","13","Ire","20","1","Foley, Shane","4","Harrington, Mrs John","130","86","8",,
"Yashin (IRE)","15:35:00","2022-05-08","Leopardstown","Flat (Turf)","Handicap","1m4f ","12","Good","4","Ire","36","1","Foley, Shane","2.75","Harrington, Mrs John","131","78","2",,
"Yashin (IRE)","14:00:00","2022-04-02","Leopardstown","Flat (Turf)","Maiden","1m ","8","Good","17","Ire","200","4","Foley, Shane","18","Harrington, Mrs John","134","0","14","6.05",
"Yashin (IRE)","14:00:00","2021-09-14","Punchestown","Flat (Turf)","Maiden","1m ","8","Good","14","Ire","18","10","Hayes, C D","6.5","Harrington, Mrs John","133","0","2","15.43",
"Zileo","18:35:00","2022-07-29","Galway","Flat (Turf)","Handicap","1m4f ","12","Yielding","18","Ire","51","14","Whelan, R P","125","Halford, M","131","85","7","26.4",
"Zileo","19:40:00","2022-06-08","Cork","Flat (Turf)","Handicap","1m4f ","12","Good","9","Ire","19","9","Whelan, R P","25","Halford, M","132","88","10","11.93",
"Zileo","20:15:00","2022-05-20","Curragh","Flat (Turf)","Handicap","1m6f ","14","Good To Yielding","16","Ire","203","11","Lee, W J","50","Halford, M","139","89","14","13.03",
"Zileo","20:15:00","2021-10-29","Dundalk","All Weather","Handicap","1m4f ","12","Standard","12","Ire","13","4","Whelan, R P","4","Halford, M","140","90","6","4.4",
"Zileo","17:25:00","2021-10-16","Leopardstown","Flat (Turf)","Handicap","1m4f ","12","Good","20","Ire","No Prev","17","Whelan, R P","33","Halford, M","126","91","14","9.2",
