racedate,racetime,track,race_name,race_restrictions_age,race_class,major,race_distance,prize_money,going_description,number_of_runners,place,distbt,horse_name,stall,trainer,horse_age,jockey_name,jockeys_claim,pounds,odds,fav,official_rating,comptime,comptime_numeric,TotalDstBt,MedianOR,Dist_Furlongs,placing_numerical,RCode,BFSP,BFSP_Place,PlcsPaid,BFPlcsPaid,Yards,RailMove,RaceType,Comment,CardNo,StallPositioning,TrackDirection,Headgear,dayssincelr,careerruns,stallion,surfacetype,horse_prizewin,HorseSex,dam,damstallion,MaxORinRace,
"2024-01-02","12:45:00","Ayr","Happy New Year From Ayr Racecourse Maiden Hurdle (GBB Race)","4yo+","Class 4",,"2m4.5f ","4547","Heavy","7","1st",,"Esprit Du Potier (FR)","0","Russell, Miss Lucinda V","5","Fox, Derek R","0","160","0.57","(Fav)","117","5 mins 27.68s","327.68",,"0","20.5","1","National Hunt","1.63386626","1.19294501","2","2","4500","45","Maiden Hurdle","made all, jumped fluently, steadily drew clear on bridle from before 2 out, coasted home, unchallenged","2","None","Left Handed",,"22","6","Montmartre (FR)","Flat","4547","Gelding","Absent Minded","Medicean","117",
"2024-01-02","12:45:00","Ayr","Happy New Year From Ayr Racecourse Maiden Hurdle (GBB Race)","4yo+","Class 4",,"2m4.5f ","4547","Heavy","7","2nd","5.5","President Scottie (IRE)","0","Richards, N G","6","McMenamin, Daniel","0","160","5",,"0","5 mins 27.68s","327.68","5.5","0","20.5","2","National Hunt","7.18941435","2.44543794","2","2","4500","45","Maiden Hurdle","chased leaders on outer, ridden in 4th before 2 out, stayed on for modest 2nd closing stages, no chance with facile winner","5","None","Left Handed",,"22","4","Milan","Flat","2095","Gelding","Kinard True (IRE)","Snurge (IRE)","117",
"2024-01-02","12:45:00","Ayr","Happy New Year From Ayr Racecourse Maiden Hurdle (GBB Race)","4yo+","Class 4",,"2m4.5f ","4547","Heavy","7","3rd","3","Hombre De Guerra (IRE)","0","Alexander, N W","6","Quinlan, Sean","0","160","3.5",,"111","5 mins 27.68s","327.68","8.5","0","20.5","3","National Hunt","5.1242919","2.04","2","2","4500","45","Maiden Hurdle","chased leaders, ridden before 2 out and soon well held by winner, kept on one pace and lost 2nd closing stages","3","None","Left Handed",,"22","4","Soldier Of Fortune (IRE)","Flat","1047","Gelding","Lindy Lou","Hernando (FR)","117",
"2024-01-02","12:45:00","Ayr","Happy New Year From Ayr Racecourse Maiden Hurdle (GBB Race)","4yo+","Class 4",,"2m4.5f ","4547","Heavy","7","4th","3","Paddys Milestone (IRE)","0","Crawford, S R B","5","Slevin, J J","0","160","10",,"0","5 mins 27.68s","327.68","11.5","0","20.5","4","National Hunt","15.5","4.3","2","2","4500","45","Maiden Hurdle","prominent, pushed along and hung left from before 2 out, soon weakened","4","None","Left Handed",,"24","2","Malinas (GER)","Flat","524","Gelding","Wings At Dawn (IRE)","Winged Love (IRE)","117",
"2024-01-02","12:45:00","Ayr","Happy New Year From Ayr Racecourse Maiden Hurdle (GBB Race)","4yo+","Class 4",,"2m4.5f ","4547","Heavy","7","5th","15","Sattam","0","Sayer, Mrs Dianne","5","Brooke, Henry","0","160","150",,"0","5 mins 27.68s","327.68","26.5","0","20.5","5","National Hunt","348.12614518","50","2","2","4500","45","Maiden Hurdle","towards rear, not fluent 6th, closed up after 4 out, ridden and outpaced before 2 out where jumped left, tailed off","6","None","Left Handed",,"22","4","Sea The Stars (IRE)","Flat","0","Gelding","Tarayef (IRE)","Teofilo (IRE)","117",
"2024-01-02","12:45:00","Ayr","Happy New Year From Ayr Racecourse Maiden Hurdle (GBB Race)","4yo+","Class 4",,"2m4.5f ","4547","Heavy","7","PU",,"Cave Hill","0","Duncan, I A","5","Watters, Mr G B","0","160","250",,"0","5 mins 27.68s","327.68",,"0","20.5","PU","National Hunt","1000","180","2","2","4500","45","Maiden Hurdle","mid-division, mistake 8th, pushed along and dropped away tamely after 4 out, pulled up before next","1","None","Left Handed",,"22","4","Universal (IRE)","Flat",,"Gelding","Belfast Central (IRE)","Jamesmead","117",
"2024-01-02","12:45:00","Ayr","Happy New Year From Ayr Racecourse Maiden Hurdle (GBB Race)","4yo+","Class 4",,"2m4.5f ","4547","Heavy","7","PU",,"Born To Sparkle","0","Smith, R Michael","6","Bewley, Callum","0","153","300",,"0","5 mins 27.68s","327.68",,"0","20.5","PU","National Hunt","1000","440","2","2","4500","45","Maiden Hurdle","in rear, pushed along and tailed off 4 out, pulled up before next","7","None","Left Handed",,"22","3","Schiaparelli (GER)","Flat",,"Mare","Primrose Time","Alflora (IRE)","117",
"2024-01-02","13:15:00","Ayr","Ayr Completes Juilias Racecourse Journey Handicap Hurdle","4yo+","Class 5",,"2m4.5f ","4225","Heavy","14","1st",,"Follow Charlie (IRE)","0","Smith, R Michael","5","Smith, Ben","10","154","8.5",,"91","5 mins 30.13s","330.13",,"89","20.5","1","National Hunt","11.96293944","3.5","3","3","4500","45","Handicap Hurdle","mid-division, headway to track leaders before 8th, led approaching 2 out, pushed along and drifted left before last, soon cleared away, readily","5","None","Left Handed",,"22","5","Court Cave (IRE)","Flat","4225","Gelding","Lucyintheskywith (IRE)","Flemensfirth (USA)","95",
"2024-01-02","13:15:00","Ayr","Ayr Completes Juilias Racecourse Journey Handicap Hurdle","4yo+","Class 5",,"2m4.5f ","4225","Heavy","14","2nd","10","Lewa House","0","Bissett, Catch","8","Jones, Charlotte","3","151","7.5",,"81","5 mins 30.13s","330.13","10","89","20.5","2","National Hunt","10.92382221","3.28835942","3","3","4500","45","Handicap Hurdle","towards rear, hampered by faller 5th, headway on outer to chase leaders after next, led home turn, ridden after 3 out and soon headed, stayed on same pace","13","None","Left Handed","CkPc","53","16","Yeats (IRE)","Flat","1944","Gelding","Primrose Time","Alflora (IRE)","95",
"2024-01-02","13:15:00","Ayr","Ayr Completes Juilias Racecourse Journey Handicap Hurdle","4yo+","Class 5",,"2m4.5f ","4225","Heavy","14","3rd","2","Lincoln Burrows (IRE)","0","Hammond, Micky","7","Brooke, Henry","0","163","6",,"90","5 mins 30.13s","330.13","12","89","20.5","3","National Hunt","8.2","2.78658549","3","3","4500","45","Handicap Hurdle","tracked leaders, pushed along home turn, ridden before 2 out where not fluent, plugged on, never threatened","6","None","Left Handed",,"40","7","Dylan Thomas (IRE)","Flat","972","Gelding","Avida Star (IRE)","Montjeu (IRE)","95",
"2024-01-02","13:15:00","Ayr","Ayr Completes Juilias Racecourse Journey Handicap Hurdle","4yo+","Class 5",,"2m4.5f ","4225","Heavy","14","4th","1","Ambush Annie (IRE)","0","Crawford, S R B","7","Connor, Mr S","7","145","6",,"79","5 mins 30.13s","330.13","13","89","20.5","4","National Hunt","7.78048945","2.67454543","3","3","4500","45","Handicap Hurdle","chased leaders on outer, hampered by faller 2nd, went close 2nd home turn, gradually faded 2 out","14","None","Left Handed",,"13","4","Fame And Glory","Flat","486","Mare","Ambush Angel (IRE)","Dushyantor (USA)","95",
"2024-01-02","13:15:00","Ayr","Ayr Completes Juilias Racecourse Journey Handicap Hurdle","4yo+","Class 5",,"2m4.5f ","4225","Heavy","14","5th","2","Barney Stinson (IRE)","0","Nicol, Adam","8","Nichol, Craig","0","166","20",,"93","5 mins 30.13s","330.13","15","89","20.5","5","National Hunt","29.86032858","7.4","3","3","4500","45","Handicap Hurdle","mid-division, ridden before 2 out, no real progress","2","None","Left Handed","CkPc","30","14","Fame And Glory","Flat","242","Gelding","Which Thistle (IRE)","Saddlers Hall (IRE)","95",
"2024-01-02","13:15:00","Ayr","Ayr Completes Juilias Racecourse Journey Handicap Hurdle","4yo+","Class 5",,"2m4.5f ","4225","Heavy","14","6th","7.5","You Some Girl (IRE)","0","Menzies, Rebecca","7","Chapman, Ross","0","162","16",,"89","5 mins 30.13s","330.13","22.5","89","20.5","6","National Hunt","27.15560443","6.4","3","3","4500","45","Handicap Hurdle","in rear, not fluent 2nd, hampered by faller 5th, headway to chase front rank after 4 out, weakened 2 out","8","None","Left Handed","Hood","34","9","Dylan Thomas (IRE)","Flat","0","Mare","Kallisti (IRE)","Kalanisi (IRE)","95",
"2024-01-02","13:15:00","Ayr","Ayr Completes Juilias Racecourse Journey Handicap Hurdle","4yo+","Class 5",,"2m4.5f ","4225","Heavy","14","7th","10","Beat The Retreat (IRE)","0","Alexander, N W","5","McMenamin, Daniel","0","165","2.5","(Fav)","92","5 mins 30.13s","330.13","32.5","89","20.5","7","National Hunt","3.90534596","1.82042508","3","3","4500","45","Handicap Hurdle","mid-division, hampered by faller 2nd, hampered by faller 5th, pushed along before 2 out, no response","3","None","Left Handed"," TT","13","6","Getaway (GER)","Flat","0","Gelding","Lindy Lou","Hernando (FR)","95",
"2024-01-02","13:15:00","Ayr","Ayr Completes Juilias Racecourse Journey Handicap Hurdle","4yo+","Class 5",,"2m4.5f ","4225","Heavy","14","F",,"Clovis Boy","0","Russell, Miss Lucinda V","5","Fox, Derek R","0","168","3.33",,"95","5 mins 30.13s","330.13",,"89","20.5","F","National Hunt","5.54751666","1.99482575","3","3","4500","45","Handicap Hurdle","mid-division, hit 7th, pushed along 4 out, well beaten when stumbled and fell approaching 2 out","1","None","Left Handed"," TT","41","5","Clovis Du Berlais (FR)","Flat",,"Gelding","Denisette (FR)","Astarabad (USA)","95",
"2024-01-02","13:15:00","Ayr","Ayr Completes Juilias Racecourse Journey Handicap Hurdle","4yo+","Class 5",,"2m4.5f ","4225","Heavy","14","F",,"Manfrominverlochy (IRE)","0","Duncan, I A","6","Watters, Mr G B","0","158","125",,"85","5 mins 30.13s","330.13",,"89","20.5","F","National Hunt","437.59295393","65","3","3","4500","45","Handicap Hurdle","chased leaders, mistake and fell 5th","9","None","Left Handed",,"19","6","Workforce","Flat",,"Gelding","Subbys Daughter (IRE)","Mountain High (IRE)","95",
"2024-01-02","13:15:00","Ayr","Ayr Completes Juilias Racecourse Journey Handicap Hurdle","4yo+","Class 5",,"2m4.5f ","4225","Heavy","14","PU",,"On We Go (IRE)","0","Boanas, Miss G","11","Quinlan, Sean","0","165","28",,"92","5 mins 30.13s","330.13",,"89","20.5","PU","National Hunt","49.26904891","10.72535955","3","3","4500","45","Handicap Hurdle","led, hampered by loose horse approaching 3rd, joined 4th, headed before 4 out, soon dropped away tamely, pulled up after next","4","None","Left Handed",,"17","41","Robin Des Pres (FR)","Flat",,"Mare","Clan Music (IRE)","Accordion (IRE)","95",
"2024-01-02","13:15:00","Ayr","Ayr Completes Juilias Racecourse Journey Handicap Hurdle","4yo+","Class 5",,"2m4.5f ","4225","Heavy","14","PU",,"Silver Vision","0","Coltherd, W S","5","Coltherd, Sam W","0","156","100",,"83","5 mins 30.13s","330.13",,"89","20.5","PU","National Hunt","253.11323597","44.99278568","3","3","4500","45","Handicap Hurdle","pressed leader, disputed lead from 4th, led before 4 out where bad mistake, headed home turn and weakened quickly, pulled up before 2 out","12","None","Left Handed",,"15","18","Muhaarar","Flat",,"Mare","Surrealism","Pivotal","95",
"2024-01-02","13:15:00","Ayr","Ayr Completes Juilias Racecourse Journey Handicap Hurdle","4yo+","Class 5",,"2m4.5f ","4225","Heavy","14","PU",,"Lifetime Adventure (IRE)","0","Hamilton, A B","6","Doyle, Alan","5","152","125",,"84","5 mins 30.13s","330.13",,"89","20.5","PU","National Hunt","285.70312789","48.90109299","3","3","4500","45","Handicap Hurdle","chased leaders, pushed along and weakened quickly home turn, pulled up before 2 out","11","None","Left Handed",,"22","7","Shantou (USA)","Flat",,"Gelding","Thricha (IRE)","Saffron Walden (FR)","95",
"2024-01-02","13:15:00","Ayr","Ayr Completes Juilias Racecourse Journey Handicap Hurdle","4yo+","Class 5",,"2m4.5f ","4225","Heavy","14","PU",,"Rorys Story (IRE)","0","Davidson, Tristan","5","Kington, John","0","162","33",,"89","5 mins 30.13s","330.13",,"89","20.5","PU","National Hunt","65","13.5","3","3","4500","45","Handicap Hurdle","towards rear, never a factor, pulled up after 2 out","7","None","Left Handed","Hood","13","6","Workforce","Flat",,"Mare","Colleen Ard (IRE)","Turtle Island (IRE)","95",
"2024-01-02","13:15:00","Ayr","Ayr Completes Juilias Racecourse Journey Handicap Hurdle","4yo+","Class 5",,"2m4.5f ","4225","Heavy","14","UR",,"Perfect Arch (IRE)","0","McConville, Stephen","7","McConville, Mr D J","7","151","25",,"85","5 mins 30.13s","330.13",,"89","20.5","UR","National Hunt","41.65472547","9.8","3","3","4500","45","Handicap Hurdle","prominent, mistake and unseated rider 2nd","10","None","Left Handed","CkPc","19","28","Dawn Approach (IRE)","Flat",,"Gelding","Willow Beck","Shamardal (USA)","95",
"2024-01-02","13:45:00","Ayr","Jim Havana McPherson Handicap Chase","5yo+","Class 3",,"3m ","7922","Heavy","6","1st",,"Up Helly Aa King","0","Alexander, N W","13","McMenamin, Daniel","0","160","7.5",,"120","6 mins 47.20s","407.2",,"121","24","1","National Hunt","9.8","3.9","2","2","5300","24","Handicap Chase","in touch on outer, good jump and pressed front pair after 4 out, ridden and led before 2 out, kept on gamely when strongly challenged run-in","5","None","Left Handed"," TT","18","29","And Beyond (IRE)","Flat","7922","Gelding","Gretton","Terimon","128",
"2024-01-02","13:45:00","Ayr","Jim Havana McPherson Handicap Chase","5yo+","Class 3",,"3m ","7922","Heavy","6","2nd","NK","Marown (IRE)","0","Richards, N G","10","Quinlan, Sean","0","166","3.5",,"126","6 mins 47.20s","407.2","0.15","121","24","2","National Hunt","5.1","2.52221908","2","2","5300","24","Handicap Chase","tracked leaders, pushed along and switched right 3 out, no impression until ridden in 3rd before last and stayed on to strongly press leader run-in, every chance but always held","2","None","Left Handed","CkPc","22","18","Milan","Flat","3645","Gelding","Rosie Suspect (IRE)","Presenting","128",
"2024-01-02","13:45:00","Ayr","Jim Havana McPherson Handicap Chase","5yo+","Class 3",,"3m ","7922","Heavy","6","3rd","4.75","Anti Bridgie (IRE)","0","Greenall, O / Guerriero, J","7","Brooke, Henry","0","153","2.25","(Fav)","113","6 mins 47.20s","407.2","4.9","121","24","3","National Hunt","3.55","2.26867553","2","2","5300","24","Handicap Chase","chased leaders, not fluent 4 out and ridden, kept on into 3rd jumping last, one pace run-in","6","None","Left Handed"," TT","39","7","Doyen (IRE)","Flat","1822","Mare","Tobrigids (IRE)","Definite Article","128",
"2024-01-02","13:45:00","Ayr","Jim Havana McPherson Handicap Chase","5yo+","Class 3",,"3m ","7922","Heavy","6","4th","2.25","Dorking Cock (IRE)","0","Crawford, S R B","10","Slevin, J J","0","168","3",,"128","6 mins 47.20s","407.2","7.15","121","24","4","National Hunt","3.95406416","2.24","2","2","5300","24","Handicap Chase","led narrowly, not fluent 8th, ridden before 3 out, headed before 2 out, no extra approaching last","1","None","Left Handed"," TT","24","23","Winged Love (IRE)","Flat","912","Gelding","Kiss Jolie (FR)","Cadoudal (FR)","128",
"2024-01-02","13:45:00","Ayr","Jim Havana McPherson Handicap Chase","5yo+","Class 3",,"3m ","7922","Heavy","6","5th","1.25","Mr Josiey Wales (IRE)","0","Russell, Miss Lucinda V","9","Mulqueen, S","0","162","18",,"122","6 mins 47.20s","407.2","8.4","121","24","5","National Hunt","22.98456453","9.75000925","2","2","5300","24","Handicap Chase","in rear, in touch, pushed along before 3 out, kept on, no telling impression and weakened run-in","3","None","Left Handed","CkPc","723","6","Milan","Flat","454","Gelding","Balwaney (FR)","Exit To Nowhere (USA)","128",
"2024-01-02","13:45:00","Ayr","Jim Havana McPherson Handicap Chase","5yo+","Class 3",,"3m ","7922","Heavy","6","6th","5.5","Haute Estime (IRE)","0","Russell, Miss Lucinda V","7","Doyle, Alan","5","155","5",,"120","6 mins 47.20s","407.2","13.9","121","24","6","National Hunt","7.2413692","2.98","2","2","5300","24","Handicap Chase","pressed leader, pushed along before 3 out, faded 2 out","4","None","Left Handed",,"38","17","Walk In The Park (IRE)","Flat","0","Mare","Terre Haute (IRE)","Oscar (IRE)","128",
"2024-01-02","14:15:00","Ayr","Ayrshire Wedding Show Novices Handicap Chase (GBB Race)","5yo+","Class 4",,"2m4.5f ","4753","Heavy","5","1st",,"Ballycoose (IRE)","0","Crawford, S R B","7","Jacob, Daryl","0","168","1.63","(Fav)","120","5 mins 39.15s","339.15",,"113","20.5","1","National Hunt","2.64814065","1.78561255","2","2","4510","18","Handicap Novices Chase","made all, went clear from 4th, reduced lead 10th, hit 5 out, shaken up 2 out, ridden before last, kept on, unchallenged","2","None","Left Handed",,"22","8","Mahler","Flat","4753","Gelding","Highly Presentable (IRE)","Presenting","122",
"2024-01-02","14:15:00","Ayr","Ayrshire Wedding Show Novices Handicap Chase (GBB Race)","5yo+","Class 4",,"2m4.5f ","4753","Heavy","5","2nd","2","Travail Dorfevre (FR)","0","Alexander, N W","8","McMenamin, Daniel","0","153","4",,"105","5 mins 39.15s","339.15","2","113","20.5","2","National Hunt","5.5","2.51561759","2","2","4510","18","Handicap Novices Chase","tracked leaders, went 2nd 4 out, ridden before 2 out, stayed on, no telling impression on winner","5","None","Left Handed"," TT","20","15","Martaline","Flat","2187","Gelding","Lady Needles (IRE)","Sri Pekan (USA)","122",
"2024-01-02","14:15:00","Ayr","Ayrshire Wedding Show Novices Handicap Chase (GBB Race)","5yo+","Class 4",,"2m4.5f ","4753","Heavy","5","3rd","17","Chapel Green (IRE)","0","Russell, Miss Lucinda V","7","Mulqueen, S","0","160","10",,"112","5 mins 39.15s","339.15","19","113","20.5","3","National Hunt","14","6.30485508","2","2","4510","18","Handicap Novices Chase","handy, chased clear leader from 4th, closed up 10th, pushed along and lost position 4 out, soon ridden, weakened 2 out, hit last","4","None","Left Handed",,"34","10","Dylan Thomas (IRE)","Flat","1094","Gelding","The Coolest Cat (IRE)","One Cool Cat (USA)","122",
"2024-01-02","14:15:00","Ayr","Ayrshire Wedding Show Novices Handicap Chase (GBB Race)","5yo+","Class 4",,"2m4.5f ","4753","Heavy","5","4th","3.25","Grain Doudairies (FR)","0","McCain Jnr, D","8","Hughes, Brian","0","161","7.5",,"113","5 mins 39.15s","339.15","22.25","113","20.5","4","National Hunt","9.69136303","4.50202975","2","2","4510","18","Handicap Novices Chase","held up in rear, mistake 10th, hit 11th, well held 4 out","3","None","Left Handed",,"21","6","Kapgarde (FR)","Flat","547","Gelding","Miss Destruval (FR)","Pistolet Bleu (IRE)","122",
"2024-01-02","14:15:00","Ayr","Ayrshire Wedding Show Novices Handicap Chase (GBB Race)","5yo+","Class 4",,"2m4.5f ","4753","Heavy","5","PU",,"Aubis Walk (FR)","0","Richards, N G","8","Quinlan, Sean","0","170","2.5",,"122","5 mins 39.15s","339.15",,"113","20.5","PU","National Hunt","3.38210252","1.79","2","2","4510","18","Handicap Novices Chase","towards rear, not fluent 12th, hit 5 out and pushed along, soon behind and pulled after 2 out","1","None","Left Handed",,"22","6","Walk In The Park (IRE)","Flat",,"Mare","Aubisquinette (FR)","Cadoudal (FR)","122",
"2024-01-02","14:45:00","Ayr","Golf Inn Prestwick Handicap Hurdle (GBB Race)","4yo+","Class 2",,"3m.5f ","10562","Heavy","4","1st",,"Ailie Rose (IRE)","0","Crawford, S R B","8","Slevin, J J","0","159","1.5","(Fav)","131","6 mins 33.53s","393.53",,"131.5","24.5","1","National Hunt","2.60422785","1.56335076","1","2","5350","60","Handicap Hurdle","pressed leader on outer, led narrowly 7th, pushed along before 2 out and faced challenge, ridden and asserted run-in, readily","3","None","Left Handed",,"24","16","Fame And Glory","Flat","10562","Mare","Topanberry (IRE)","Topanoora (IRE)","140",
"2024-01-02","14:45:00","Ayr","Golf Inn Prestwick Handicap Hurdle (GBB Race)","4yo+","Class 2",,"3m.5f ","10562","Heavy","4","2nd","8.5","Wakool (FR)","0","Alexander, N W","8","McMenamin, Daniel","0","168","2.5",,"140","6 mins 33.53s","393.53","8.5","131.5","24.5","2","National Hunt","3.84843531","2.06","1","2","5350","60","Handicap Hurdle","chased leaders, pushed along after 3 out and headway to press leader, ridden and every chance before last, kept on but outpaced by winner run-in","1","None","Left Handed","CkPc","38","24","Motivator","Flat","4860","Gelding","Symbas Dream (USA)","Vindication (USA)","140",
"2024-01-02","14:45:00","Ayr","Golf Inn Prestwick Handicap Hurdle (GBB Race)","4yo+","Class 2",,"3m.5f ","10562","Heavy","4","3rd","2.75","Barbados Bucks (IRE)","0","Bourke, D F","9","Mania, Ryan","0","160","8",,"132","6 mins 33.53s","393.53","11.25","131.5","24.5","3","National Hunt","11.12402114","3.65","1","2","5350","60","Handicap Hurdle","chased leaders, nudged along 2 out and no progress, plugged on same pace","2","None","Left Handed","CkPc","30","16","Getaway (GER)","Flat","2430","Gelding","Bucks Blue (FR)","Epervier Bleu","140",
"2024-01-02","14:45:00","Ayr","Golf Inn Prestwick Handicap Hurdle (GBB Race)","4yo+","Class 2",,"3m.5f ","10562","Heavy","4","4th","15","Raffertys Return","0","Menzies, Rebecca","9","Chapman, Ross","0","151","2.5",,"123","6 mins 33.53s","393.53","26.25","131.5","24.5","4","National Hunt","3.68631005","1.81273083","1","2","5350","60","Handicap Hurdle","led but pestered, hit 7th and headed narrowly, ridden after 3 out and weakened next","4","None","Left Handed",,"22","15","Schiaparelli (GER)","Flat","1216","Gelding","Duchess Theatre (IRE)","Kings Theatre (IRE)","140",
"2024-01-02","15:15:00","Ayr","Quiz Night At Golf Inn Prestwick Maiden Hurdle (GBB Race)","4yo+","Class 4",,"2m ","4547","Heavy","14","1st",,"Joshua Des Flos (FR)","0","Crawford, S R B","6","Jacob, Daryl","0","162","0.57","(Fav)","122","4 mins 11.62s","251.62",,"0","16","1","National Hunt","1.68272514","1.12435627","3","3","3520","30","Maiden Hurdle","handy, went clear with one other after 3 out travelling strongly, not fluent 2 out but soon led, asserted approaching last, readily drew clear run-in","4","None","Left Handed",,"22","5","Joshua Tree (IRE)","Flat","4547","Gelding","Royale Marie (FR)","Garde Royale (IRE)","123",
"2024-01-02","15:15:00","Ayr","Quiz Night At Golf Inn Prestwick Maiden Hurdle (GBB Race)","4yo+","Class 4",,"2m ","4547","Heavy","14","2nd","7.5","Myretown (IRE)","0","Russell, Miss Lucinda V","7","Doyle, Alan","5","157","6",,"0","4 mins 11.62s","251.62","7.5","0","16","2","National Hunt","8","2.21448583","3","3","3520","30","Maiden Hurdle","prominent, raced keenly, led 5th, went clear with one other after 3 out, joined 2 out, soon headed and pushed along, kept on, no match for winner","6","None","Left Handed",,"451","1","Dylan Thomas (IRE)","Flat","2095","Gelding","Miss Platinum (IRE)","Oscar (IRE)","123",
"2024-01-02","15:15:00","Ayr","Quiz Night At Golf Inn Prestwick Maiden Hurdle (GBB Race)","4yo+","Class 4",,"2m ","4547","Heavy","14","3rd","12","Professor Klump","0","McCain Jnr, D","5","Hughes, Brian","0","162","14",,"0","4 mins 11.62s","251.62","19.5","0","16","3","National Hunt","20","3.80885535","3","3","3520","30","Maiden Hurdle","led, headed and remained close up at 5th, ridden and beaten before 2 out","7","None","Left Handed","CkPc TT","13","2","Jack Hobbs","Flat","1047","Gelding","Buddy Love","Silver Patriarch (IRE)","123",
"2024-01-02","15:15:00","Ayr","Quiz Night At Golf Inn Prestwick Maiden Hurdle (GBB Race)","4yo+","Class 4",,"2m ","4547","Heavy","14","4th","11","Tommy Combats (IRE)","0","Todhunter, M","5","Quinlan, Sean","0","162","33",,"0","4 mins 11.62s","251.62","30.5","0","16","4","National Hunt","56.3514625","9.4","3","3","3520","30","Maiden Hurdle","front mid-division, plugged on from 3 out, never a factor","11","None","Left Handed",,"22","1","Kingston Hill","Flat","524","Gelding","Bestow (IRE)","Presenting","123",
"2024-01-02","15:15:00","Ayr","Quiz Night At Golf Inn Prestwick Maiden Hurdle (GBB Race)","4yo+","Class 4",,"2m ","4547","Heavy","14","5th","1.25","Lucky Soldier (IRE)","0","Alexander, N W","6","Mulqueen, S","0","162","18",,"0","4 mins 11.62s","251.62","31.75","0","16","5","National Hunt","26.45242599","4","3","3","3520","30","Maiden Hurdle","front mid-division, chased clear leaders 4 out, no progress from next","5","None","Left Handed",,"22","5","Soldier Of Fortune (IRE)","Flat","0","Gelding","Kilbarry Flame (IRE)","Flemensfirth (USA)","123",
"2024-01-02","15:15:00","Ayr","Quiz Night At Golf Inn Prestwick Maiden Hurdle (GBB Race)","4yo+","Class 4",,"2m ","4547","Heavy","14","6th","8","River Ayr (IRE)","0","Smith, R Michael","6","Bewley, Callum","0","162","80",,"0","4 mins 11.62s","251.62","39.75","0","16","6","National Hunt","168.67161589","15","3","3","3520","30","Maiden Hurdle","chased leaders, lost ground 4 out and soon beaten","8","None","Left Handed",,"22","3","Ol Man River (IRE)","Flat","0","Gelding","Sumability (IRE)","Oscar (IRE)","123",
"2024-01-02","15:15:00","Ayr","Quiz Night At Golf Inn Prestwick Maiden Hurdle (GBB Race)","4yo+","Class 4",,"2m ","4547","Heavy","14","7th","4.5","Heart Above","0","Sayer, Mrs Dianne","6","Brooke, Henry","0","162","11",,"0","4 mins 11.62s","251.62","44.25","0","16","7","National Hunt","17.75856369","3.65931397","3","3","3520","30","Maiden Hurdle","front mid-division, not fluent 3rd, dropped away after 4 out","3","None","Left Handed",,"15","4","Shirocco (GER)","Flat","0","Gelding","Cool Baranca (GER)","Beat Hollow","123",
"2024-01-02","15:15:00","Ayr","Quiz Night At Golf Inn Prestwick Maiden Hurdle (GBB Race)","4yo+","Class 4",,"2m ","4547","Heavy","14","8th","1.25","Captain Nelson (IRE)","0","Smith, R Michael","6","Hamilton, Jamie","0","162","250",,"74","4 mins 11.62s","251.62","45.5","0","16","8","National Hunt","1000","100","3","3","3520","30","Maiden Hurdle","rear mid-division, never on terms and weakened 2 out","1","None","Left Handed"," TT","216","7","Mount Nelson","Flat","0","Gelding","Dromod Mour (IRE)","Azamour (IRE)","123",
"2024-01-02","15:15:00","Ayr","Quiz Night At Golf Inn Prestwick Maiden Hurdle (GBB Race)","4yo+","Class 4",,"2m ","4547","Heavy","14","9th","1.25","Supreme Authority (FR)","0","Crawford, S R B","5","Bromley, Ben","5","157","14",,"0","4 mins 11.62s","251.62","46.75","0","16","9","National Hunt","28.0094835","5.4","3","3","3520","30","Maiden Hurdle","rear mid-division on outer, never in contention","10","None","Left Handed"," TT","7","1","Authorized (IRE)","Flat",,"Gelding","Amancaya (GER)","Dai Jin","123",
"2024-01-02","15:15:00","Ayr","Quiz Night At Golf Inn Prestwick Maiden Hurdle (GBB Race)","4yo+","Class 4",,"2m ","4547","Heavy","14","10th","7.5","Golden Swift (IRE)","0","Smith, R Michael","5","Smith, Ben","10","152","250",,"0","4 mins 11.62s","251.62","54.25","0","16","10","National Hunt","1000","95","3","3","3520","30","Maiden Hurdle","mid-division, tailed off after 4 out","2","None","Left Handed",,"22","2","Ol Man River (IRE)","Flat",,"Gelding","Karinswift","Karinga Bay","123",
"2024-01-02","15:15:00","Ayr","Quiz Night At Golf Inn Prestwick Maiden Hurdle (GBB Race)","4yo+","Class 4",,"2m ","4547","Heavy","14","11th","6.5","Midnight Alnwicky","0","Nicol, Adam","6","Nichol, Craig","0","155","250",,"0","4 mins 11.62s","251.62","60.75","0","16","11","National Hunt","1000","120","3","3","3520","30","Maiden Hurdle","rear mid-division, well behind 4 out","13","None","Left Handed",,"16","1","Millenary","Flat",,"Mare","Midnight Mayhem (IRE)","Presenting","123",
"2024-01-02","15:15:00","Ayr","Quiz Night At Golf Inn Prestwick Maiden Hurdle (GBB Race)","4yo+","Class 4",,"2m ","4547","Heavy","14","12th","3.5","Its For You Mum (FR)","0","Russell, Miss Lucinda V","6","Kington, John","0","155","100",,"0","4 mins 11.62s","251.62","64.25","0","16","12","National Hunt","386.93874836","26","3","3","3520","30","Maiden Hurdle","towards rear, never showed","12","None","Left Handed",,"20","4","Lord Du Sud (FR)","Flat",,"Mare","Odile (FR)","Smadoun (FR)","123",
"2024-01-02","15:15:00","Ayr","Quiz Night At Golf Inn Prestwick Maiden Hurdle (GBB Race)","4yo+","Class 4",,"2m ","4547","Heavy","14","PU",,"Skiddaw (IRE)","0","Alexander, N W","6","McMenamin, Daniel","0","162","14",,"0","4 mins 11.62s","251.62",,"0","16","PU","National Hunt","24.95401301","4.60412592","3","3","3520","30","Maiden Hurdle","mid-division, pushed along and weakened 4 out, soon pulled up","9","None","Left Handed"," TT","22","3","Mount Nelson","Flat",,"Gelding","Bonnie Theatre (IRE)","Kings Theatre (IRE)","123",
"2024-01-02","15:15:00","Ayr","Quiz Night At Golf Inn Prestwick Maiden Hurdle (GBB Race)","4yo+","Class 4",,"2m ","4547","Heavy","14","PU",,"Raynbo (IRE)","0","Crawford, S R B","5","Slevin, J J","0","155","16",,"0","4 mins 11.62s","251.62",,"0","16","PU","National Hunt","27.30164514","4.66573485","3","3","3520","30","Maiden Hurdle","not jump well in rear, pulled up after 4 out","14","None","Left Handed",,"None","0","Getaway (GER)","Flat",,"Mare","Lough Coyne (IRE)","Bob Back (USA)","123",
"2024-01-02","15:45:00","Ayr","Win A Wedding At Western House Handicap Chase","5yo+","Class 4",,"2m.5f ","4753","Heavy","6","1st",,"Ardera Cross (IRE)","0","Young Jnr, William","13","McMenamin, Daniel","0","142","14",,"94","4 mins 24.93s","264.93",,"106","16.5","1","National Hunt","16.60742425","6.02271304","2","2","3630","12","Handicap Chase","tracked leaders on outer, reminders after 5 out, pushed along and pressed leader 3 out, outjumped 2 out, kept on in dispute of 2nd, not fluent last, ridden and rallied run-in, led closing stages","6","None","Left Handed","CkPc","13","103","Shantou (USA)","Flat","4753","Gelding","Fair Maid Marion (IRE)","Executive Perk","121",
"2024-01-02","15:45:00","Ayr","Win A Wedding At Western House Handicap Chase","5yo+","Class 4",,"2m.5f ","4753","Heavy","6","2nd","2","Fia Fuinidh (IRE)","0","Todhunter, M","7","Quinlan, Sean","0","154","1.88","(Fav)","106","4 mins 24.93s","264.93","2","106","16.5","2","National Hunt","3","1.78531096","2","2","3630","12","Handicap Chase","prominent, led 5th, faced challenge 3 out, good jump and forged on 2 out, ridden before last, kept on until headed closing stages, no extra","3","None","Left Handed",,"16","7","Flemensfirth (USA)","Flat","2187","Gelding","Western Garden (IRE)","Westerner","121",
"2024-01-02","15:45:00","Ayr","Win A Wedding At Western House Handicap Chase","5yo+","Class 4",,"2m.5f ","4753","Heavy","6","3rd","1","Gandhi Maker (FR)","0","Coltherd, W S","8","Collier, Ellis","7","147","7.5",,"106","4 mins 24.93s","264.93","3","106","16.5","3","National Hunt","10.19613173","4.5","2","2","3630","12","Handicap Chase","chased leaders, mistake 6th, ridden in 3rd before 2 out, every chance approaching last, stayed on same pace run-in","4","None","Left Handed","CkPc","10","16","Policy Maker (IRE)","Flat","1094","Gelding","Thellya Darc (FR)","Assessor (IRE)","121",
"2024-01-02","15:45:00","Ayr","Win A Wedding At Western House Handicap Chase","5yo+","Class 4",,"2m.5f ","4753","Heavy","6","4th","13","Escapeandevade (IRE)","0","Ewart, J P L","8","Hughes, Brian","0","169","3.5",,"121","4 mins 24.93s","264.93","16","106","16.5","4","National Hunt","5.21756895","2.95249578","2","2","3630","12","Handicap Chase","led, headed and remained prominent 5th, pushed along and switched left before 3 out, weakened 2 out","1","None","Left Handed",,"34","8","Westerner","Flat","547","Gelding","Sandrinechoix (FR)","Daliapour (IRE)","121",
"2024-01-02","15:45:00","Ayr","Win A Wedding At Western House Handicap Chase","5yo+","Class 4",,"2m.5f ","4753","Heavy","6","5th","7.5","Heritier (FR)","0","Quinlan, Elizabeth","7","Hamilton, Jamie","0","153","2.5",,"105","4 mins 24.93s","264.93","23.5","106","16.5","5","National Hunt","4.1085289","2.10233906","2","2","3630","12","Handicap Chase","towards rear, not fluent 1st, slow jump 5th, hit 7th, bad mistake next, pushed along and weakened after 4 out","5","None","Left Handed"," TT","7","20","Fuisse (FR)","Flat","273","Gelding","Toscane (FR)","Shaanmer (IRE)","121",
"2024-01-02","15:45:00","Ayr","Win A Wedding At Western House Handicap Chase","5yo+","Class 4",,"2m.5f ","4753","Heavy","6","UR",,"Fearless (IRE)","0","Brooke, Daniel","9","Brooke, Henry","0","166","12",,"118","4 mins 24.93s","264.93",,"106","16.5","UR","National Hunt","17.5132304","6.2","2","2","3630","12","Handicap Chase","in rear, bad mistake and unseated rider 3rd","2","None","Left Handed","CkPc","38","21","Arakan (USA)","Flat",,"Gelding","La Spezia (IRE)","Danehill Dancer (IRE)","121",
"2024-01-02","17:00:00","Wolverhampton","Win 2,000,000 With BetMGMs Golden Goals Classified Stakes","4yo+","Class 6",,"1m.5f ","2983","Standard","11","1st",,"Romanovich (IRE)","11","Oshea, J G M","5","Marsh, Finley","0","135","4.5",,"49","1 mins 51.32s","111.32",,"48","8.5","1","All Weather","6.80810521","2.33008642","3","3","1902","0","Non-Handicap","soon pressing leader, led 3f out, went clear 2f out, in no danger after, reduced lead towards finish, always doing enough","8","Centre","Left Handed","CkPc","83","10","Dark Angel (IRE)","Tapeta","2983","Gelding","My Favourite Thing","Oasis Dream","50",
"2024-01-02","17:00:00","Wolverhampton","Win 2,000,000 With BetMGMs Golden Goals Classified Stakes","4yo+","Class 6",,"1m.5f ","2983","Standard","11","2nd","0.75","Duisker","9","Morrison, H","4","Lee, Clifford","0","134","10",,"48","1 mins 51.32s","111.32","0.75","48","8.5","2","All Weather","13.65278673","4.1505483","3","3","1902","0","Non-Handicap","held up towards rear, headway between horses turning in, soon hung left, went 2nd inside final furlong, closed on winner towards finish, always held","10","Centre","Left Handed"," TT","198","5","Stimulation (IRE)","Tapeta","1400","Filly","Supatov (USA)","Johannesburg (USA)","50",
"2024-01-02","17:00:00","Wolverhampton","Win 2,000,000 With BetMGMs Golden Goals Classified Stakes","4yo+","Class 6",,"1m.5f ","2983","Standard","11","3rd","2","Kenstone (FR)","3","Wintle, A","11","Jones, Ethan","7","128","6.5",,"49","1 mins 51.32s","111.32","2.75","48","8.5","3","All Weather","8.76816178","2.54","3","3","1902","0","Non-Handicap","mid-division out wide, headway between horses turning in, went 2nd over 1f out, no impression when dropped to 3rd inside final furlong","3","Centre","Left Handed","CkPc","15","84","Kendargent (FR)","Tapeta","699","Gelding","Little Stone (FR)","One Cool Cat (USA)","50",
"2024-01-02","17:00:00","Wolverhampton","Win 2,000,000 With BetMGMs Golden Goals Classified Stakes","4yo+","Class 6",,"1m.5f ","2983","Standard","11","4th","NK","Broughtons Flare (IRE)","8","Loughnane, Daniel Mark","8","Loughnane, Mr Billy","0","135","11",,"47","1 mins 51.32s","111.32","2.9","48","8.5","4","All Weather","15.5","4.25063526","3","3","1902","0","Non-Handicap","held up off the pace in rear, plugged on final furlong, never going pace to reach leaders","1","Centre","Left Handed",,"15","53","Rip Van Winkle (IRE)","Tapeta","350","Gelding","Purple Glow (IRE)","Orientate (USA)","50",
"2024-01-02","17:00:00","Wolverhampton","Win 2,000,000 With BetMGMs Golden Goals Classified Stakes","4yo+","Class 6",,"1m.5f ","2983","Standard","11","5th","0.5","Reformed Character (IRE)","2","Dunne, M","8","Peate, Jonny","3","132","3.33",,"46","1 mins 51.32s","111.32","3.4","48","8.5","5","All Weather","5.17542988","1.96698716","3","3","1902","0","Non-Handicap","mid-division on inside, pushed along over 3f out, headway towards inside turning in, ridden and no impression in 5th final furlong, weakened","6","Centre","Left Handed"," TT","23","17","Zoffany (IRE)","Tapeta","174","Gelding","Sallysaysso (IRE)","Danehill Dancer (IRE)","50",
"2024-01-02","17:00:00","Wolverhampton","Win 2,000,000 With BetMGMs Golden Goals Classified Stakes","4yo+","Class 6",,"1m.5f ","2983","Standard","11","6th","3","Desert Swirl (IRE)","5","French, Alex","4","Mangan, Gina","3","131","80",,"48","1 mins 51.32s","111.32","6.4","48","8.5","6","All Weather","168.04523984","29","3","3","1902","0","Non-Handicap","held up and behind, closer out wide and hung badly left turning in, no impression","9","Centre","Left Handed",,"188","5","Cracksman","Tapeta","0","Filly","Khaleesi Wind (IRE)","Exceed And Excel (AUS)","50",
"2024-01-02","17:00:00","Wolverhampton","Win 2,000,000 With BetMGMs Golden Goals Classified Stakes","4yo+","Class 6",,"1m.5f ","2983","Standard","11","7th","2.25","Mintnthat","1","Jardine, I","5","Mullen, Andrew","0","135","28",,"47","1 mins 51.32s","111.32","8.65","48","8.5","7","All Weather","43.64631024","9.2","3","3","1902","0","Non-Handicap","raced keenly tracking leaders, pushed along and outpaced inside final 3f, soon lost place","4","Centre","Left Handed","Blnk TT","293","18","Lawman (FR)","Tapeta","0","Gelding","Dream Dancing (IRE)","Dream Ahead (USA)","50",
"2024-01-02","17:00:00","Wolverhampton","Win 2,000,000 With BetMGMs Golden Goals Classified Stakes","4yo+","Class 6",,"1m.5f ","2983","Standard","11","8th","1","Glory And Gold","7","Morris, Patrick","5","Farragher, Adam J","0","135","100",,"47","1 mins 51.32s","111.32","9.65","48","8.5","8","All Weather","240","47.66877994","3","3","1902","0","Non-Handicap","wore hood to post, slowly into stride and switched left start, always towards rear","2","Centre","Left Handed",,"15","14","Havana Gold (IRE)","Tapeta","0","Mare","Grace And Glory (IRE)","Montjeu (IRE)","50",
"2024-01-02","17:00:00","Wolverhampton","Win 2,000,000 With BetMGMs Golden Goals Classified Stakes","4yo+","Class 6",,"1m.5f ","2983","Standard","11","9th","3.5","Reve De Magritte (FR)","6","De Giles, Ed","5","Muscutt, D","0","135","2.75","(Fav)","50","1 mins 51.32s","111.32","13.15","48","8.5","9","All Weather","3.85","1.55597536","3","3","1902","0","Non-Handicap","pulled hard and prominent, went 2nd over 2f out, no chance with winner when hung left and lost 2nd over 1f out, weakened final furlong","7","Centre","Left Handed",,"7","11","Dream Ahead (USA)","Tapeta",,"Mare","Lucy The Painter (IRE)","Excellent Art","50",
"2024-01-02","17:00:00","Wolverhampton","Win 2,000,000 With BetMGMs Golden Goals Classified Stakes","4yo+","Class 6",,"1m.5f ","2983","Standard","11","10th","6.5","Pontius (IRE)","10","Hills, Charles","6","Cox, William","0","135","8",,"50","1 mins 51.32s","111.32","19.65","48","8.5","10","All Weather","11","3.85","3","3","1902","0","Non-Handicap","raced keenly, soon tracking leaders out wide, ridden over 2f out, weakened quickly home turn, beaten when slightly hampered turning in","5","Centre","Left Handed","Blnk","17","10","No Nay Never (USA)","Tapeta",,"Gelding","Sacrament (IRE)","Acclamation","50",
"2024-01-02","17:00:00","Wolverhampton","Win 2,000,000 With BetMGMs Golden Goals Classified Stakes","4yo+","Class 6",,"1m.5f ","2983","Standard","11","11th","3.75","Grand Central","4","McEntee, P S","4","Heard, Tyler","3","131","22",,"45","1 mins 51.32s","111.32","23.4","48","8.5","11","All Weather","26.73824079","8.14447299","3","3","1902","0","Non-Handicap","led narrowly, ridden and headed 3f out, lost 2nd soon after, weakened rapidly, soon behind, tailed off and eased when no chance final furlong","11","Centre","Left Handed","Vsor","26","22","Sioux Nation (USA)","Tapeta",,"Gelding","Edessa (IRE)","Lawman (FR)","50",
"2024-01-02","17:30:00","Wolverhampton","Boost Your Acca-Fenwa With BetUK Classified Stakes (Div 1)","4yo+","Class 6",,"1m1.5f ","2983","Standard","8","1st",,"Rubellite (IRE)","6","Barclay, Stella","4","Shepherd, Callum","0","134","4",,"43","2 mins 2.46s","122.46",,"45.5","9.5","1","All Weather","5.70556576","2.26","3","3","2084","0","Non-Handicap","wore hood to post, steadied and switched left start, held up in last pair, closer on inside going well 3f out, smooth headway turning in, went 2nd over 1f out, led inside final final furlong, clear when edged right briefly, ran on well","8","Centre","Left Handed",,"44","7","Iffraaj","Tapeta","2983","Filly","Posh Claret","Royal Applause","47",
"2024-01-02","17:30:00","Wolverhampton","Boost Your Acca-Fenwa With BetUK Classified Stakes (Div 1)","4yo+","Class 6",,"1m1.5f ","2983","Standard","8","2nd","4","The Lion Strikes (IRE)","4","Oshea, J G M","5","Mangan, Gina","3","132","40",,"42","2 mins 2.46s","122.46","4","45.5","9.5","2","All Weather","53.91370187","11","3","3","2084","0","Non-Handicap","mid-division, headway out wide over 1f out, edged left and plugged on inside final furlong, went 2nd final 100 yards, no chance with winner","5","Centre","Left Handed",,"218","12","The Last Lion (IRE)","Tapeta","1400","Gelding","Seasons","Dubai Destination (USA)","47",
"2024-01-02","17:30:00","Wolverhampton","Boost Your Acca-Fenwa With BetUK Classified Stakes (Div 1)","4yo+","Class 6",,"1m1.5f ","2983","Standard","8","3rd","1.25","Captain St Lucifer","5","France, Suzzanne","7","Carver, William","3","132","8",,"46","2 mins 2.46s","122.46","5.25","45.5","9.5","3","All Weather","10.73877402","2.75658911","3","3","2084","0","Non-Handicap","tracked leader, ridden to lead over 1f out, headed inside final furlong, no chance with winner, weakened into 3rd final final 100 yards","2","Centre","Left Handed"," TT","26","35","Casamento (IRE)","Tapeta","699","Gelding","Delaware Dancer (IRE)","Danehill Dancer (IRE)","47",
"2024-01-02","17:30:00","Wolverhampton","Boost Your Acca-Fenwa With BetUK Classified Stakes (Div 1)","4yo+","Class 6",,"1m1.5f ","2983","Standard","8","4th","0.75","Gold Standard (IRE)","2","Carroll, A W","8","Carson, William","0","135","7",,"46","2 mins 2.46s","122.46","6","45.5","9.5","4","All Weather","10.47359688","2.38","3","3","2084","0","Non-Handicap","tracked leaders on inside, ridden and outpaced over 1f out, plugged on","4","Centre","Left Handed",,"15","46","Casamento (IRE)","Tapeta","350","Gelding","Goldplated (IRE)","Selkirk (USA)","47",
"2024-01-02","17:30:00","Wolverhampton","Boost Your Acca-Fenwa With BetUK Classified Stakes (Div 1)","4yo+","Class 6",,"1m1.5f ","2983","Standard","8","5th","1.5","Coconut Bay","1","Davidson, Tristan","5","Dennis, Phil","0","135","3",,"45","2 mins 2.46s","122.46","7.5","45.5","9.5","5","All Weather","3.95","1.64946523","3","3","2084","0","Non-Handicap","led, ridden and headed over 1f out, weakened inside final furlong","3","Centre","Left Handed",,"15","25","Bated Breath","Tapeta","174","Mare","Tropicana Bay","Oasis Dream","47",
"2024-01-02","17:30:00","Wolverhampton","Boost Your Acca-Fenwa With BetUK Classified Stakes (Div 1)","4yo+","Class 6",,"1m1.5f ","2983","Standard","8","6th","7.5","Marisitta","3","Loughnane, David","4","Muscutt, D","0","134","2.75","(Fav)","44","2 mins 2.46s","122.46","15","45.5","9.5","6","All Weather","4.17984844","1.71341177","3","3","2084","0","Non-Handicap","tracked leaders, pushed along over 2f out, ridden turning in, weakened soon after","7","Centre","Left Handed","Blnk","15","9","Intello (GER)","Tapeta","0","Filly","Nessita","Shamardal (USA)","47",
"2024-01-02","17:30:00","Wolverhampton","Boost Your Acca-Fenwa With BetUK Classified Stakes (Div 1)","4yo+","Class 6",,"1m1.5f ","2983","Standard","8","7th","1.25","Bessah","7","Brown, A D","9","Scott, Rowan","0","135","150",,"46","2 mins 2.46s","122.46","16.25","45.5","9.5","7","All Weather","650.24670728","85","3","3","2084","0","Non-Handicap","never going well and always behind","1","Centre","Left Handed",,"11","5","Dick Turpin (IRE)","Tapeta","0","Mare","Trompette (USA)","Bahri (USA)","47",
"2024-01-02","17:30:00","Wolverhampton","Boost Your Acca-Fenwa With BetUK Classified Stakes (Div 1)","4yo+","Class 6",,"1m1.5f ","2983","Standard","8","8th","9","Well Prepared","8","Loughnane, Daniel Mark","7","Loughnane, Mr Billy","0","135","4.5",,"47","2 mins 2.46s","122.46","25.25","45.5","9.5","8","All Weather","7.33425315","2.0628982","3","3","2084","0","Non-Handicap","raced wide in mid-division, weakened home turn","6","Centre","Left Handed"," TT","22","32","Due Diligence (USA)","Tapeta","0","Gelding","Amazed","Clantime","47",
"2024-01-02","18:00:00","Wolverhampton","Boost Your Acca-Fenwa With BetUK Classified Stakes (Div 2)","4yo+","Class 6",,"1m1.5f ","2983","Standard","8","1st",,"Elusive Tiger (IRE)","6","Watson, Archie","4","Doyle, Hollie","0","134","1.88","(Fav)","48","2 mins 3.62s","123.62",,"46.5","9.5","1","All Weather","3.01774712","1.45","3","3","2084","0","Non-Handicap","made all, set steady pace, quickened over 2f out, ridden and strongly pressed inside final furlong, found extra final 100 yards","7","Centre","Left Handed","Blnk","22","10","Jungle Cat (IRE)","Tapeta","2983","Gelding","Purple Tiger (IRE)","Rainbow Quest (USA)","48",
"2024-01-02","18:00:00","Wolverhampton","Boost Your Acca-Fenwa With BetUK Classified Stakes (Div 2)","4yo+","Class 6",,"1m1.5f ","2983","Standard","8","2nd","0.5","Gypsy Whisper","3","Dixon, Scott","7","ONeill, K T","0","135","2.5",,"48","2 mins 3.62s","123.62","0.5","46.5","9.5","2","All Weather","3.95527977","1.45","3","3","2084","0","Non-Handicap","pressed winner, ridden and every chance inside final furlong, no extra final 100 yards","3","Centre","Left Handed",,"7","41","Helmet (AUS)","Tapeta","1400","Mare","Secret Insider (USA)","Elusive Quality (USA)","48",
"2024-01-02","18:00:00","Wolverhampton","Boost Your Acca-Fenwa With BetUK Classified Stakes (Div 2)","4yo+","Class 6",,"1m1.5f ","2983","Standard","8","3rd","3.5","Two Rivers (IRE)","1","Jardine, I","4","Mullen, Andrew","0","134","8.5",,"46","2 mins 3.62s","123.62","4","46.5","9.5","3","All Weather","12.44363123","3.56806948","3","3","2084","0","Non-Handicap","raced in 3rd, pushed along over 2f out, ridden and outpaced turning in, no chance with leading duo","8","Centre","Left Handed","CkPc","56","15","Churchill (IRE)","Tapeta","699","Gelding","Balcony (IRE)","Fastnet Rock (AUS)","48",
"2024-01-02","18:00:00","Wolverhampton","Boost Your Acca-Fenwa With BetUK Classified Stakes (Div 2)","4yo+","Class 6",,"1m1.5f ","2983","Standard","8","4th","2","Channel Packet","7","Appleby, M","10","Rawlinson, Ali","0","135","11",,"45","2 mins 3.62s","123.62","6","46.5","9.5","4","All Weather","15.00201044","3.85","3","3","2084","0","Non-Handicap","tracked leaders out wide, ridden and outpaced in 4th over 2f out, ridden and weakened home turn","1","Centre","Left Handed","CkPc","42","64","Champs Elysees","Tapeta","350","Horse","Etarre (IRE)","Giants Causeway (USA)","48",
"2024-01-02","18:00:00","Wolverhampton","Boost Your Acca-Fenwa With BetUK Classified Stakes (Div 2)","4yo+","Class 6",,"1m1.5f ","2983","Standard","8","5th","0.75","Typical Man","5","Williams, Ian","6","Mathers, Patrick","0","135","9",,"47","2 mins 3.62s","123.62","6.75","46.5","9.5","5","All Weather","13.64249532","3.4","3","3","2084","0","Non-Handicap","wore hood to post, held up in last pair, slightly hampered home turn, plugged, never involved","5","Centre","Left Handed",,"15","23","Territories (IRE)","Tapeta","174","Gelding","Just Like A Woman","Observatory (USA)","48",
"2024-01-02","18:00:00","Wolverhampton","Boost Your Acca-Fenwa With BetUK Classified Stakes (Div 2)","4yo+","Class 6",,"1m1.5f ","2983","Standard","8","6th","2.75","Athena Ballerina","4","Millman, B R","4","Mangan, Gina","3","131","33",,"42","2 mins 3.62s","123.62","9.5","46.5","9.5","6","All Weather","41.47974095","8","3","3","2084","0","Non-Handicap","held up in 6th, pushed along over 2f out, soon outpaced","6","Centre","Left Handed","CkPc","22","8","Master Carpenter (IRE)","Tapeta","0","Filly","Tethys (IRE)","Born To Sea (IRE)","48",
"2024-01-02","18:00:00","Wolverhampton","Boost Your Acca-Fenwa With BetUK Classified Stakes (Div 2)","4yo+","Class 6",,"1m1.5f ","2983","Standard","8","7th","3.75","Chelsea Annie (IRE)","8","Mulholland, N P","5","Loughnane, Mr Billy","0","135","14",,"43","2 mins 3.62s","123.62","13.25","46.5","9.5","7","All Weather","19.68020008","4.2","3","3","2084","0","Non-Handicap","started very slowly and lost all chance","2","Centre","Left Handed","CkPc","87","23","Mehmas (IRE)","Tapeta","0","Mare","Miss Sally (IRE)","Danetime (IRE)","48",
"2024-01-02","18:00:00","Wolverhampton","Boost Your Acca-Fenwa With BetUK Classified Stakes (Div 2)","4yo+","Class 6",,"1m1.5f ","2983","Standard","8","8th","4","No Diggity (IRE)","2","Dunne, M","8","Probert, David","0","135","6.5",,"47","2 mins 3.62s","123.62","17.25","46.5","9.5","8","All Weather","8.14641561","2.54112942","3","3","2084","0","Non-Handicap","raced keenly in 5th, pushed along and struggling 3f out, soon outpaced and beaten","4","Centre","Left Handed","Vsor","120","49","Sir Prancealot (IRE)","Tapeta","0","Gelding","Monarchy (IRE)","Common Grounds","48",
"2024-01-02","18:30:00","Wolverhampton","Boost Your Acca With BetMGM Restricted Maiden Stakes (GBB Race)","3yo","Class 5",,"7f ","3942","Standard","8","1st",,"Inner Temple (IRE)","2","Watson, Archie","3","Doyle, Hollie","0","131","1.5","(Fav)","0","1 mins 29.19s","89.19",,"0","7","1","All Weather","2.51410134","1.23","3","3","1576","0","Maiden","made all, clear when shaken up over 1f out, ran on well, unchallenged","3","Outside","Left Handed",,"42","2","Inns Of Court (IRE)","Tapeta","3942","Colt","Teeline (IRE)","Exceed And Excel (AUS)","61",
"2024-01-02","18:30:00","Wolverhampton","Boost Your Acca With BetMGM Restricted Maiden Stakes (GBB Race)","3yo","Class 5",,"7f ","3942","Standard","8","2nd","2.5","Alreet Cha (IRE)","3","Lidster, Craig","3","Eaves, Tom","0","128","5.5",,"0","1 mins 29.19s","89.19","2.5","0","7","2","All Weather","9.34000356","1.84494332","3","3","1576","0","Maiden","raced keenly, chased leaders on inside, went 2nd inside final 2f, edged left over 1f out, ridden and stayed on same pace final furlong, no chance with winner","6","Outside","Left Handed",,"24","4","Dandy Man (IRE)","Tapeta","1851","Filly","Dutch Courage","Dutch Art","61",
"2024-01-02","18:30:00","Wolverhampton","Boost Your Acca With BetMGM Restricted Maiden Stakes (GBB Race)","3yo","Class 5",,"7f ","3942","Standard","8","3rd","2.5","Ten Commitments","1","Osborne, J A","3","Shepherd, Callum","0","131","33",,"0","1 mins 29.19s","89.19","5","0","7","3","All Weather","83.93671301","10.96587296","3","3","1576","0","Maiden","keen to post, held up in last trio, headway on inside turning in, kept on into modest 3rd inside final furlong","5","Outside","Left Handed",,"None","0","Due Diligence (USA)","Tapeta","926","Colt","Gilt Linked","Compton Place","61",
"2024-01-02","18:30:00","Wolverhampton","Boost Your Acca With BetMGM Restricted Maiden Stakes (GBB Race)","3yo","Class 5",,"7f ","3942","Standard","8","4th","1","Quick Away","5","Frost, Kevin","3","Gilligan, Jack","0","126","28",,"61","1 mins 29.19s","89.19","6","0","7","4","All Weather","55","7","3","3","1576","0","Maiden","raced wide tracking leaders, disputing 2nd inside final 2f until over 1f out, weakened into 4th inside final furlong","8","Outside","Left Handed",,"17","3","Muhaarar","Tapeta","463","Filly","Alaata (USA)","Smart Strike (CAN)","61",
"2024-01-02","18:30:00","Wolverhampton","Boost Your Acca With BetMGM Restricted Maiden Stakes (GBB Race)","3yo","Class 5",,"7f ","3942","Standard","8","5th","4","Teddy Brown","8","Botti, M","3","Farragher, Adam J","0","131","12",,"0","1 mins 29.19s","89.19","10","0","7","5","All Weather","19.21667792","3.55","3","3","1576","0","Maiden","slowly into stride, green in rear, never involved","4","Outside","Left Handed","CkPc","21","1","Coach House (IRE)","Tapeta","0","Colt","Amber Lane","Compton Place","61",
"2024-01-02","18:30:00","Wolverhampton","Boost Your Acca With BetMGM Restricted Maiden Stakes (GBB Race)","3yo","Class 5",,"7f ","3942","Standard","8","6th","0.5","Doha Bu Thaila (UNR)","7","Murphy, Amy","3","Lee, Clifford","0","128","14",,"0","1 mins 29.19s","89.19","10.5","0","7","6","All Weather","21","4.2","3","3","1576","0","Maiden","rearing in stalls,tracked leaders, pushed along and outpaced over 2f out, never dangerous after","7","Outside","Left Handed",,"27","1","Harry Angel (IRE)","Tapeta","0","Filly","Always Thankful","Showcasing","61",
"2024-01-02","18:30:00","Wolverhampton","Boost Your Acca With BetMGM Restricted Maiden Stakes (GBB Race)","3yo","Class 5",,"7f ","3942","Standard","8","7th","1.5","Solar Bentley (IRE)","6","Fahey, R A","3","Garritty, Jack","0","133","28",,"0","1 mins 29.19s","89.19","12","0","7","7","All Weather","54.80525772","7.73405228","3","3","1576","0","Maiden","steadied and switched left start, held up in last pair, never involved","2","Outside","Left Handed",,"21","2","Phoenix Of Spain (IRE)","Tapeta","0","Gelding","Fresh Mint (IRE)","Sadlers Wells (USA)","61",
"2024-01-02","18:30:00","Wolverhampton","Boost Your Acca With BetMGM Restricted Maiden Stakes (GBB Race)","3yo","Class 5",,"7f ","3942","Standard","8","8th","4.5","Le Geyt (IRE)","4","Balding, A M","3","Probert, David","0","133","1.63",,"0","1 mins 29.19s","89.19","16.5","0","7","8","All Weather","2.65764748","1.26621907","3","3","1576","0","Maiden","wore hood to post, pressed winner, pushed along and lost 2nd inside final 2f, weakened quickly turning in","1","Outside","Left Handed",,"43","2","Acclamation","Tapeta","0","Colt","Chica La Habana (IRE)","Havana Gold (IRE)","61",
"2024-01-02","19:00:00","Wolverhampton","BetUK. Its Where The UK Bets Handicap","4yo+","Class 4",,"6f ","4972","Standard","6","1st",,"Just A Spark","6","Millman, B R","4","Mangan, Gina","3","122","8",,"75","1 mins 13.19s","73.19",,"81","6","1","All Weather","14","4","2","2","1340","0","Handicap","raced keenly, chased leaders out wide, went 2nd 5f out, ridden to lead over 1f out, clear when edged left briefly inside final furlong, ran on well","7","Centre","Left Handed",,"98","13","Bungle Inthejungle","Tapeta","4972","Filly","One Kiss","Sayif (IRE)","91",
"2024-01-02","19:00:00","Wolverhampton","BetUK. Its Where The UK Bets Handicap","4yo+","Class 4",,"6f ","4972","Standard","6","2nd","2.25","Intervention","5","Appleby, M","7","Brookes, Aiden","5","136","0.73","(Fav)","91","1 mins 13.19s","73.19","2.25","81","6","2","All Weather","1.61596089","1.26","2","2","1340","0","Handicap","quickly away, led, ridden over 1f out, soon headed, stayed on same pace inside final furlong, no chance with winner","1","Centre","Left Handed","Hood","7","67","Swiss Spirit","Tapeta","2333","Gelding","Lady Lube Rye (IRE)","Catcher In The Rye (IRE)","91",
"2024-01-02","19:00:00","Wolverhampton","BetUK. Its Where The UK Bets Handicap","4yo+","Class 4",,"6f ","4972","Standard","6","3rd","1.5","Evocative Spark (IRE)","3","Holland, Darryll","5","Howarth, Christian","3","131","6.5",,"84","1 mins 13.19s","73.19","3.75","81","6","3","All Weather","7.4","3.4","2","2","1340","0","Handicap","chased leaders, pushed along and outpaced halfway, wide turning in, rallied out wide and plugged on in modest 3rd inside final furlong","2","Centre","Left Handed",,"13","20","Frankel","Tapeta","1166","Gelding","Hyper Dream (IRE)","Oasis Dream","91",
"2024-01-02","19:00:00","Wolverhampton","BetUK. Its Where The UK Bets Handicap","4yo+","Class 4",,"6f ","4972","Standard","6","4th","1.5","Venturous (IRE)","1","Barron, T D","11","Probert, David","0","129","10",,"79","1 mins 13.19s","73.19","5.25","81","6","4","All Weather","15.11245653","4.81337307","2","2","1340","0","Handicap","held up in last pair, headway between horses turning in, 4th and no impression inside final furlong","5","Centre","Left Handed",,"24","85","Ravens Pass (USA)","Tapeta","583","Gelding","Bold Desire","Cadeaux Genereux","91",
"2024-01-02","19:00:00","Wolverhampton","BetUK. Its Where The UK Bets Handicap","4yo+","Class 4",,"6f ","4972","Standard","6","5th","1.75","Sluzewiec (FR)","7","Dixon, Scott","5","ONeill, K T","0","132","40",,"82","1 mins 13.19s","73.19","7","81","6","5","All Weather","69.12246118","18.25469648","2","2","1340","0","Handicap","steadied start, held up in rear, never involved","3","Centre","Left Handed",,"50","3","Invincible Spirit (IRE)","Tapeta","291","Gelding","Causa Proxima (FR)","Kendor (FR)","91",
"2024-01-02","19:00:00","Wolverhampton","BetUK. Its Where The UK Bets Handicap","4yo+","Class 4",,"6f ","4972","Standard","6","6th","NK","Muscika","2","OMeara, D","10","Winn, Mark","3","127","4",,"80","1 mins 13.19s","73.19","7.15","81","6","6","All Weather","7.72222171","2.53253389","2","2","1340","0","Handicap","chased leader 1f, handy 3rd on inside, pushed along over 2f out, ridden and no impression over 1f out, weakened inside final furlong","4","Centre","Left Handed","Vsor","38","105","Kyllachy","Tapeta","0","Gelding","Miss Villefranche","Danehill Dancer (IRE)","91",
"2024-01-02","19:30:00","Wolverhampton","BetMGM: Its Showtime Handicap","3yo","Class 6",,"5f ","2983","Standard","7","1st",,"Zola Power","3","Appleby, M","3","Rawlinson, Ali","0","133","8",,"63","1 mins 1.75s","61.75",,"63","5","1","All Weather","10.16025394","4.9","2","2","1121","0","Handicap","sweating, went right start, made all, ran on well, unchallenged","4","Inside","Left Handed","Hood TT","80","8","Ulysses (IRE)","Tapeta","2983","Colt","Suerte Loca (IRE)","Peintre Celebre (USA)","65",
"2024-01-02","19:30:00","Wolverhampton","BetMGM: Its Showtime Handicap","3yo","Class 6",,"5f ","2983","Standard","7","2nd","1.25","Via Blanca","7","Murphy, Amy","3","Kavanagh, Ryan","7","125","4",,"62","1 mins 1.75s","61.75","1.25","63","5","2","All Weather","5.32015122","3.03680927","2","2","1121","0","Handicap","wet to post early, chased winner throughout, ridden and kept on same pace inside final furlong, never able to challenge","5","Inside","Left Handed","Hood","12","6","Havana Grey","Tapeta","1400","Filly","On Route","Pivotal","65",
"2024-01-02","19:30:00","Wolverhampton","BetMGM: Its Showtime Handicap","3yo","Class 6",,"5f ","2983","Standard","7","3rd","1.25","Rishi","2","Prescott, Sir Mark","3","Gilligan, Jack","0","128","11",,"58","1 mins 1.75s","61.75","2.5","63","5","3","All Weather","13.7679972","6.2776313","2","2","1121","0","Handicap","raced in 3rd on inside, pushed along turning in, plugged on final furlong, no chance with leading duo","7","Inside","Left Handed",,"28","4","Massaat (IRE)","Tapeta","699","Gelding","Sitting Pritty (IRE)","Compton Place","65",
"2024-01-02","19:30:00","Wolverhampton","BetMGM: Its Showtime Handicap","3yo","Class 6",,"5f ","2983","Standard","7","4th","0.5","Hearitfortheboys (IRE)","1","Tinkler, N","3","Scott, Rowan","0","135","2.25","(Fav)","65","1 mins 1.75s","61.75","3","63","5","4","All Weather","3.35560082","2.18","2","2","1121","0","Handicap","held up in last trio on inside, pushed along halfway, angled out turning in, ridden and laboured headway in 4th final furlong","2","Inside","Left Handed",,"17","5","Bated Breath","Tapeta","350","Gelding","Pop Art (IRE)","Excellent Art","65",
"2024-01-02","19:30:00","Wolverhampton","BetMGM: Its Showtime Handicap","3yo","Class 6",,"5f ","2983","Standard","7","5th","0.5","Relentless Warrior (IRE)","5","Balding, A M","3","Carver, William","3","130","3.33",,"63","1 mins 1.75s","61.75","3.5","63","5","5","All Weather","4.9","2.52","2","2","1121","0","Handicap","held up in last pair, some late headway, never going pace to get involved","3","Inside","Left Handed"," TT","7","7","Soldiers Call","Tapeta","174","Gelding","Iuturna (USA)","Intidab (USA)","65",
"2024-01-02","19:30:00","Wolverhampton","BetMGM: Its Showtime Handicap","3yo","Class 6",,"5f ","2983","Standard","7","6th","0.5","Rogue Rosie","6","Clover, Tom","3","Havlin, Robert","0","135","4",,"65","1 mins 1.75s","61.75","4","63","5","6","All Weather","5.9","2.58","2","2","1121","0","Handicap","steadied and switched left start, held up in rear, never going pace to get on terms","1","Inside","Left Handed",,"28","8","Magna Grecia (IRE)","Tapeta","0","Filly","Loveheart","Dubawi (IRE)","65",
"2024-01-02","19:30:00","Wolverhampton","BetMGM: Its Showtime Handicap","3yo","Class 6",,"5f ","2983","Standard","7","7th","2.25","Grecian Princess (IRE)","4","Tuer, Grant","3","James, S H","0","131","40",,"61","1 mins 1.75s","61.75","6.25","63","5","7","All Weather","50","19.03669048","2","2","1121","0","Handicap","chased leaders, pushed along halfway, ridden turning in, weakened soon after","6","Inside","Left Handed",,"181","4","Magna Grecia (IRE)","Tapeta","0","Filly","Camomile Lawn (IRE)","Camelot","65",
"2024-01-02","20:00:00","Wolverhampton","BetUK. Home Of The Acca-Fenwa Handicap","4yo+","Class 5",,"5f ","6281","Standard","11","1st",,"Reigning Profit (IRE)","10","Carr, Mrs R A","5","Sullivan, James P","0","134","6",,"66","1 mins 0.49s","60.49",,"64","5","1","All Weather","7.31016722","2.88","3","3","1121","0","Handicap","prominent out wide, went 2nd over 3f out, led inside final furlong, soon clear","3","Inside","Left Handed","Vsor","11","29","Profitable (IRE)","Tapeta","6281","Gelding","Reign (IRE)","Elusive City (USA)","67",
"2024-01-02","20:00:00","Wolverhampton","BetUK. Home Of The Acca-Fenwa Handicap","4yo+","Class 5",,"5f ","6281","Standard","11","2nd","2.75","Rodborough","8","Brown, A D","4","Scott, Rowan","0","135","8",,"67","1 mins 0.49s","60.49","2.75","64","5","2","All Weather","12","3.38716591","3","3","1121","0","Handicap","pressed leader, led 4f out, ridden over 1f out, headed and outpaced inside final furlong, no chance with winner but kept on for 2nd","1","Inside","Left Handed","CkPc","18","12","Mayson","Tapeta","2947","Filly","Fairy Shoes","Kyllachy","67",
"2024-01-02","20:00:00","Wolverhampton","BetUK. Home Of The Acca-Fenwa Handicap","4yo+","Class 5",,"5f ","6281","Standard","11","3rd","1","Gustav Graves","9","Shaw, D","6","Mason, Joanna","0","127","7.5",,"59","1 mins 0.49s","60.49","3.75","64","5","3","All Weather","9.24906488","2.78","3","3","1121","0","Handicap","outpaced in rear, headway out wide over 1f out, ran on inside final furlong, went modest 3rd post","10","Inside","Left Handed",,"6","45","Bobbys Kitten (USA)","Tapeta","1472","Gelding","Bondesire","Misu Bond (IRE)","67",
"2024-01-02","20:00:00","Wolverhampton","BetUK. Home Of The Acca-Fenwa Handicap","4yo+","Class 5",,"5f ","6281","Standard","11","4th","SH","Darlo Pride","3","Carson, Anthony","4","Carson, William","0","131","4","(Fav)","63","1 mins 0.49s","60.49","3.8","64","5","4","All Weather","5.4263457","2.3","3","3","1121","0","Handicap","held up in mid-division, headway out wide chasing leaders turning in, kept on inside final furlong, lost modest 3rd post","7","Inside","Left Handed","Vsor TT","10","18","Outstrip","Tapeta","737","Gelding","Doric Lady","Kyllachy","67",
"2024-01-02","20:00:00","Wolverhampton","BetUK. Home Of The Acca-Fenwa Handicap","4yo+","Class 5",,"5f ","6281","Standard","11","5th","HD","Thismydream (IRE)","2","Attwater, M J","5","Noble, Cameron","0","132","14",,"64","1 mins 0.49s","60.49","3.9","64","5","5","All Weather","18.52716403","4.4","3","3","1121","0","Handicap","held up towards rear, headway towards inside over 1f out, kept on inside final furlong, never going pace to reach leaders","6","Inside","Left Handed","CkPc","13","34","Camacho","Tapeta","367","Gelding","Ponty Royale (IRE)","Royal Applause","67",
"2024-01-02","20:00:00","Wolverhampton","BetUK. Home Of The Acca-Fenwa Handicap","4yo+","Class 5",,"5f ","6281","Standard","11","6th","NK","Sir Benedict (IRE)","4","Barclay, Stella","6","McManoman, Faye","0","120","33",,"52","1 mins 0.49s","60.49","4.05","64","5","6","All Weather","53.98371778","13.39380769","3","3","1121","0","Handicap","wore hood to post, raced keenly, held up in last pair, headway on inside over 1f out, kept on inside final furlong, never going pace to reach leaders","11","Inside","Left Handed",,"17","42","Dandy Man (IRE)","Tapeta","0","Gelding","Kingdomforthebride (IRE)","Titus Livius (FR)","67",
"2024-01-02","20:00:00","Wolverhampton","BetUK. Home Of The Acca-Fenwa Handicap","4yo+","Class 5",,"5f ","6281","Standard","11","7th","HD","Brownlee (IRE)","1","Barron, T D","4","Probert, David","0","135","6.5",,"67","1 mins 0.49s","60.49","4.15","64","5","7","All Weather","7.99607159","2.98068761","3","3","1121","0","Handicap","mid-division on inside, pushed along 3f out, headway inside final furlong, never going pace to get involved","2","Inside","Left Handed",,"18","7","Bungle Inthejungle","Tapeta","0","Gelding","Flashy Queen (IRE)","Bahamian Bounty","67",
"2024-01-02","20:00:00","Wolverhampton","BetUK. Home Of The Acca-Fenwa Handicap","4yo+","Class 5",,"5f ","6281","Standard","11","8th","1.75","Josies Kid (IRE)","7","Haynes, Alice","5","ONeill, K T","0","131","6.5",,"63","1 mins 0.49s","60.49","5.9","64","5","8","All Weather","8.8938868","2.96","3","3","1121","0","Handicap","led 1f, steadied 3rd on inside over 3f out, pushed along halfway, ridden over 1f out, weakened final furlong","8","Inside","Left Handed","CkPc","14","33","Ardad (IRE)","Tapeta","0","Gelding","Low Cut Affair (IRE)","Fast Company (IRE)","67",
"2024-01-02","20:00:00","Wolverhampton","BetUK. Home Of The Acca-Fenwa Handicap","4yo+","Class 5",,"5f ","6281","Standard","11","9th","0.75","Birkenhead","5","Midgley, P T","7","Nolan, D","0","133","8",,"65","1 mins 0.49s","60.49","6.65","64","5","9","All Weather","10","3.33209425","3","3","1121","0","Handicap","off the pace and always towards rear","4","Inside","Left Handed","CkPc","91","56","Captain Gerrard (IRE)","Tapeta",,"Gelding","Vilnius","Imperial Dancer","67",
"2024-01-02","20:00:00","Wolverhampton","BetUK. Home Of The Acca-Fenwa Handicap","4yo+","Class 5",,"5f ","6281","Standard","11","10th","1.5","Not Too Real Bad (IRE)","6","Appleby, M","4","Howarth, Christian","3","127","5",,"62","1 mins 0.49s","60.49","8.15","64","5","10","All Weather","8.4","2.92630677","3","3","1121","0","Handicap","raced keenly, chased leaders out wide, pushed along turning in, ridden over 1f out, weakened soon after","9","Inside","Left Handed"," TT","14","17","Exceed And Excel (AUS)","Tapeta",,"Filly","Shahabad","Shamardal (USA)","67",
"2024-01-02","20:00:00","Wolverhampton","BetUK. Home Of The Acca-Fenwa Handicap","4yo+","Class 5",,"5f ","6281","Standard","11","11th","5","In The Giving (IRE)","11","Midgley, P T","4","Sexton, Ryan","3","129","100",,"64","1 mins 0.49s","60.49","13.15","64","5","11","All Weather","293.47187413","65","3","3","1121","0","Handicap","outpaced and always in rear-division","5","Inside","Left Handed",,"46","12","Night Of Thunder (IRE)","Tapeta",,"Filly","Elope (GER)","Tiger Hill (IRE)","67",
"2024-01-02","20:30:00","Wolverhampton","Always Gamble Responsibly With BetUK Handicap","4yo+","Class 5",,"1m4f ","3716","Standard","8","1st",,"Havanazam","5","Symonds, Tom","4","Shepherd, Callum","0","131","25",,"65","2 mins 46.16s","166.16",,"67","12","1","All Weather","34","6.84494314","3","3","2691","0","Handicap","held up in last pair, good headway out wide tracking leaders 5f out, went 2nd over 3f out, led 2f out, ridden over 1f out, stayed on well","7","Inside","Left Handed",,"17","7","Havana Gold (IRE)","Tapeta","3716","Gelding","Mirzam (IRE)","Mastercraftsman (IRE)","69",
"2024-01-02","20:30:00","Wolverhampton","Always Gamble Responsibly With BetUK Handicap","4yo+","Class 5",,"1m4f ","3716","Standard","8","2nd","2","Raintown (IRE)","8","Moore, J S","4","Fisher, Taylor","3","132","2.5",,"69","2 mins 46.16s","166.16","2","67","12","2","All Weather","3.3","1.48667417","3","3","2691","0","Handicap","tracked leader 3f, handy 3rd, went 2nd again turning in, ridden and stayed on same pace inside final furlong, no chance with winner","3","Inside","Left Handed",,"13","12","Outstrip","Tapeta","1744","Gelding","Miss Fifty (IRE)","Whipper (USA)","69",
"2024-01-02","20:30:00","Wolverhampton","Always Gamble Responsibly With BetUK Handicap","4yo+","Class 5",,"1m4f ","3716","Standard","8","3rd","1","Starfighter","4","Loughnane, Daniel Mark","8","Loughnane, Mr Billy","0","134","7.5",,"65","2 mins 46.16s","166.16","3","67","12","3","All Weather","10.93384837","2.74","3","3","2691","0","Handicap","held up in 5th, headway out wide over 1f out, plugged on inside final furlong, went 3rd post, never going pace to get involved","5","Inside","Left Handed",,"50","60","Sea The Stars (IRE)","Tapeta","871","Gelding","Starlit Sands","Oasis Dream","69",
"2024-01-02","20:30:00","Wolverhampton","Always Gamble Responsibly With BetUK Handicap","4yo+","Class 5",,"1m4f ","3716","Standard","8","4th","SH","Blue Universe (IRE)","1","Attwater, M J","4","Havlin, Robert","0","135","14",,"69","2 mins 46.16s","166.16","3.05","67","12","4","All Weather","19.44907822","3.85","3","3","2691","0","Handicap","held up in 6th, headway on inside over 1f out, ridden and kept on inside final furlong, never going pace to get involved, lost 3rd post","2","Inside","Left Handed","CkPc","28","12","Iffraaj","Tapeta","436","Gelding","Zara (BRZ)","Redattore (BRZ)","69",
"2024-01-02","20:30:00","Wolverhampton","Always Gamble Responsibly With BetUK Handicap","4yo+","Class 5",,"1m4f ","3716","Standard","8","5th","0.5","Night At Sea","2","Balding, A M","4","Probert, David","0","134","3.33",,"68","2 mins 46.16s","166.16","3.55","67","12","5","All Weather","4.77125083","1.76","3","3","2691","0","Handicap","tracked leaders on inside, pushed along and outpaced home turn, ridden and stayed on same pace inside final furlong","6","Inside","Left Handed",,"42","5","Sea The Stars (IRE)","Tapeta","217","Filly","Wordless (IRE)","Rock Of Gibraltar (IRE)","69",
"2024-01-02","20:30:00","Wolverhampton","Always Gamble Responsibly With BetUK Handicap","4yo+","Class 5",,"1m4f ","3716","Standard","8","6th","SH","Hill Station (FR)","3","Newland, Dr R D P","5","Mangan, Gina","3","132","1.88","(Fav)","66","2 mins 46.16s","166.16","3.6","67","12","6","All Weather","3.01651225","1.35404824","3","3","2691","0","Handicap","raced keenly, led and set steady pace, headed 9f out, tracked leaders, pushed along over 2f out, angled out turning in, ridden and no extra final furlong","4","Inside","Left Handed",,"12","25","Born To Sea (IRE)","Tapeta","0","Gelding","Fulanis (IRE)","Tobougg (IRE)","69",
"2024-01-02","20:30:00","Wolverhampton","Always Gamble Responsibly With BetUK Handicap","4yo+","Class 5",,"1m4f ","3716","Standard","8","7th","7.5","Sir Laurence Graff (IRE)","6","Banham, Chelsea","4","Haynes, Joey","0","135","40",,"69","2 mins 46.16s","166.16","11.1","67","12","7","All Weather","65","10.5","3","3","2691","0","Handicap","raced keenly tracking leaders out wide, headway to lead 9f out, pushed along and headed 2f out, lost 2nd turning in, shaken up and weakened rapidly over 1f out","1","Inside","Left Handed",,"13","13","Galileo (IRE)","Tapeta","0","Gelding","Daldiyna (FR)","Dansili","69",
"2024-01-02","20:30:00","Wolverhampton","Always Gamble Responsibly With BetUK Handicap","4yo+","Class 5",,"1m4f ","3716","Standard","8","8th","0.5","Total Lockdown","7","Dunne, M","5","Hogan, D E","0","130","25",,"61","2 mins 46.16s","166.16","11.6","67","12","8","All Weather","38","6.11373076","3","3","2691","0","Handicap","steadied start, pulled hard in rear, never a factor","8","Inside","Left Handed","Hood","16","21","Finjaan","Tapeta","0","Gelding","Diamondsaretrumps (IRE)","Dick Turpin (IRE)","69",
