Date,RaceTime,Track,RaceName,Distance,Dist_Furlongs,Class,Going,PrizeMoney,Runners,Direction,CardNo,Horse,HorseAge,Jockey,JClaim,Trainer,Stall,OfficialRating,Weight_Pounds,Odds,Form,Days,Headgear,Stallion,Dam,HorseType,CD,numfences,RaceCode,RaceType,LR_Placing,Horse_Season_Runs,TodayDistance_Yards,Max_DistanceYards_Run,Max_DistanceYards_Win,SameDistance_Wins,GreaterDistance_Wins,LesserDistance_Wins,LR_Track,HorseRuns_365days,
"2024-02-26","14:05:00","Ayr","New Bet-In-Race With Coral Handicap Chase","2m4.5f ","20.5","Class 4","Heavy","4753","6","Left Handed","1","Fia Fuinidh (IRE)","7","Quinlan, Sean","0","Todhunter, M","0","107","166","5.00","3154224","13",,"Flemensfirth (USA)","Western Garden (IRE)","Gelding","C","17","National Hunt","Handicap Chase","Fourth","4","4510","3630","3520","0","0","1","Ayr","4",
"2024-02-26","14:05:00","Ayr","New Bet-In-Race With Coral Handicap Chase","2m4.5f ","20.5","Class 4","Heavy","4753","6","Left Handed","2","Indian Louis (IRE)","6","Fox, Derek R","0","Russell, Miss Lucinda V","0","105","164","5.50","963615","13"," TT","Mahler","Indian Fairy (IRE)","Gelding","D","17","National Hunt","Handicap Chase","Fifth","6","4510","4510","4510","1","0","0","Ayr","6",
"2024-02-26","14:05:00","Ayr","New Bet-In-Race With Coral Handicap Chase","2m4.5f ","20.5","Class 4","Heavy","4753","6","Left Handed","3","Travail Dorfevre (FR)","8","Lynn, Bruce","3","Alexander, N W","0","105","164","1.50","2331222","13"," TT","Martaline","Lady Needles (IRE)","Gelding","C","17","National Hunt","Handicap Chase","Second","4","4510","5060","4070","0","0","3","Ayr","6",
"2024-02-26","14:05:00","Ayr","New Bet-In-Race With Coral Handicap Chase","2m4.5f ","20.5","Class 4","Heavy","4753","6","Left Handed","4","Jolly Nellerie (FR)","5","Deutsch, Charlie","0","Williams, Miss Venetia","0","108","163","6.00","2744","65","Blnk","Nicaron (GER)","Jumper Nellerie (FR)","Gelding",,"17","National Hunt","Handicap Chase","Fourth","2","4510","3630","0","0","0","0","Newcastle","4",
"2024-02-26","14:05:00","Ayr","New Bet-In-Race With Coral Handicap Chase","2m4.5f ","20.5","Class 4","Heavy","4753","6","Left Handed","5","Nights In Venice","8","Brooke, Henry","0","Whillans, D W","0","98","157","3.33","6322764","21",,"Midnight Legend","Well Disguised (IRE)","Gelding",,"17","National Hunt","Handicap Chase","Fourth","3","4510","5830","0","0","0","0","Carlisle","5",
"2024-02-26","14:05:00","Ayr","New Bet-In-Race With Coral Handicap Chase","2m4.5f ","20.5","Class 4","Heavy","4753","6","Left Handed","6","Ardera Cross (IRE)","13","McMenamin, Daniel","0","Young Jnr, William","0","97","156","16.00","'PP95216","13","CkPc","Shantou (USA)","Fair Maid Marion (IRE)","Gelding","C D","17","National Hunt","Handicap Chase","Sixth","10","4510","5500","4730","1","5","12","Ayr","13",
"2024-02-26","14:20:00","Plumpton","Brough Scott Backs Jamies Farm Maiden Hurdle (GBB Race)","2m ","16","Class 4","Soft","4357","12","Left Handed","1","Come To Pass (IRE)","5","Pinchin, Miss L M","0","Carroll, A W","0","0","161","11.00","3943273","16",,"Mastercraftsman (IRE)","Chittenden (USA)","Gelding",,"9","National Hunt","Maiden Hurdle","Third","1","3520","3520","2200","0","0","2","Wolverhampton","12",
"2024-02-26","14:20:00","Plumpton","Brough Scott Backs Jamies Farm Maiden Hurdle (GBB Race)","2m ","16","Class 4","Soft","4357","12","Left Handed","2","Davids Well","5","Dingle, Rex","0","Gordon, C","0","0","161","0.67","495","16",,"Getaway (GER)","Drop Of Spirit (IRE)","Gelding",,"9","National Hunt","Maiden Hurdle","Fifth","3","3520","3740","0","0","0","0","Newbury","3",
"2024-02-26","14:20:00","Plumpton","Brough Scott Backs Jamies Farm Maiden Hurdle (GBB Race)","2m ","16","Class 4","Soft","4357","12","Left Handed","3","Dreadpoetssociety (IRE)","6","Frost, Bryony","0","Gordon, C","0","0","161","33.00","70P5","28",,"Mahler","Deadly Pursuit (IRE)","Gelding",,"9","National Hunt","Maiden Hurdle","Fifth","3","3520","3960","0","0","0","0","Plumpton","4",
"2024-02-26","14:20:00","Plumpton","Brough Scott Backs Jamies Farm Maiden Hurdle (GBB Race)","2m ","16","Class 4","Soft","4357","12","Left Handed","4","Hidalgo Des Bordes (FR)","7","Bowen, James C","0","Greatrex, W J","0","0","161","11.00","'07","20",,"Coastal Path","Ahkel Vie (FR)","Gelding",,"9","National Hunt","Maiden Hurdle","Seventh","2","3520","4290","0","0","0","0","Taunton","2",
"2024-02-26","14:20:00","Plumpton","Brough Scott Backs Jamies Farm Maiden Hurdle (GBB Race)","2m ","16","Class 4","Soft","4357","12","Left Handed","5","Inigo (FR)","6","Houlihan, Niall F","0","Moore, G L","0","0","161","14.00","37676","14",,"Authorized (IRE)","Cedilla (FR)","Gelding",,"9","National Hunt","Maiden Hurdle","Sixth","2","3520","3740","0","0","0","0","Plumpton","2",
"2024-02-26","14:20:00","Plumpton","Brough Scott Backs Jamies Farm Maiden Hurdle (GBB Race)","2m ","16","Class 4","Soft","4357","12","Left Handed","6","Just Aidan (IRE)","5","Poste, Ben J","0","Dickin, Harriet","0","0","161","50.00","966","9",,"Diamond Boy (FR)","Tastytimes (IRE)","Gelding",,"9","National Hunt","Maiden Hurdle","Sixth","3","3520","3740","0","0","0","0","Wincanton","3",
"2024-02-26","14:20:00","Plumpton","Brough Scott Backs Jamies Farm Maiden Hurdle (GBB Race)","2m ","16","Class 4","Soft","4357","12","Left Handed","7","Oval Street (IRE)","8","Gillard, Fergus","0","Gillard, Mark","0","80","161","28.00","'0F4354","188","Blnk","Dylan Thomas (IRE)","Days Over","Gelding",,"9","National Hunt","Maiden Hurdle","Fourth","4","3520","5610","0","0","0","0","Newton Abbot","4",
"2024-02-26","14:20:00","Plumpton","Brough Scott Backs Jamies Farm Maiden Hurdle (GBB Race)","2m ","16","Class 4","Soft","4357","12","Left Handed","8","Sir Maximus (IRE)","5","Bass, David","0","Hill,Mrs Lawney ","0","0","161","22.00","8","210",,"Kodi Bear (IRE)","Dubai Flower","Gelding",,"9","National Hunt","Maiden Hurdle","Eighth","1","3520","3740","0","0","0","0","Newton Abbot","1",
"2024-02-26","14:20:00","Plumpton","Brough Scott Backs Jamies Farm Maiden Hurdle (GBB Race)","2m ","16","Class 4","Soft","4357","12","Left Handed","9","Winter Reprise (FR)","7","Cannon, Tom J","0","King, A","0","0","161","3.33","5358P04","611","Hood","Intello (GER)","Winter Fashion (FR)","Gelding",,"9","National Hunt","Maiden Hurdle","Fourth","0","3520","2750","0","0","0","0","Newcastle","0",
"2024-02-26","14:20:00","Plumpton","Brough Scott Backs Jamies Farm Maiden Hurdle (GBB Race)","2m ","16","Class 4","Soft","4357","12","Left Handed","10","No Guarantee","4","Worsley, Tabitha","3","Woods, Mrs Cynthia","0","0","149","200.00","'09P5P","29",,"The Gurkha (IRE)","Tropical Rock","Gelding",,"9","National Hunt","Maiden Hurdle","Pulled Up","5","3520","3960","0","0","0","0","Fontwell","5",
"2024-02-26","14:20:00","Plumpton","Brough Scott Backs Jamies Farm Maiden Hurdle (GBB Race)","2m ","16","Class 4","Soft","4357","12","Left Handed","11","Lucky Rover (IRE)","4","Houlihan, Sean M","0","Phelan, P M","0","0","142","40.00","none",,,"Westerner","Theregoesthetruth (IRE)","Filly",,"9","National Hunt","Maiden Hurdle","No Run","0","3520","0","0","0","0","0",,"0",
"2024-02-26","14:20:00","Plumpton","Brough Scott Backs Jamies Farm Maiden Hurdle (GBB Race)","2m ","16","Class 4","Soft","4357","12","Left Handed","12","Royal Toast (USA)","4","Quinn, Caoilin","3","Carroll, A W","0","0","142","40.00","424P","12",,"Cloud Computing (USA)","Martini (USA)","Filly",,"9","National Hunt","Maiden Hurdle","Pulled Up","2","3520","3630","0","0","0","0","Hereford","4",
"2024-02-26","14:35:00","Ayr","Coral Racing Club Join For Free Maiden Hurdle (GBB Race)","2m3.5f ","19.5","Class 4","Heavy","4225","7","Left Handed","1","Adveram","5","Bewley, Callum","0","Duncan, I A","0","0","163","18.00","73779","13",,"Walk In The Park (IRE)","Lochnell (IRE)","Gelding",,"10","National Hunt","Maiden Hurdle","Ninth","3","4290","4510","0","0","0","0","Ayr","4",
"2024-02-26","14:35:00","Ayr","Coral Racing Club Join For Free Maiden Hurdle (GBB Race)","2m3.5f ","19.5","Class 4","Heavy","4225","7","Left Handed","2","Bleu Denfer (FR)","6","Jacob, Daryl","0","Crawford, S R B","0","115","163","0.33","4029223","34"," TT","Turgeon (USA)","Quesotho Royale (FR)","Gelding",,"10","National Hunt","Maiden Hurdle","Third","4","4290","4730","0","0","0","0","Down Royal","7",
"2024-02-26","14:35:00","Ayr","Coral Racing Club Join For Free Maiden Hurdle (GBB Race)","2m3.5f ","19.5","Class 4","Heavy","4225","7","Left Handed","3","Castlecomer Bill (IRE)","6","Williamson, Joseph","5","Neville, Patrick","0","0","163","40.00","8","21",,"Getaway (GER)","Macville (IRE)","Gelding",,"10","National Hunt","Maiden Hurdle","Eighth","1","4290","3740","0","0","0","0","Carlisle","1",
"2024-02-26","14:35:00","Ayr","Coral Racing Club Join For Free Maiden Hurdle (GBB Race)","2m3.5f ","19.5","Class 4","Heavy","4225","7","Left Handed","4","Cave Hill","5","Hughes, Brian","0","Duncan, I A","0","66","163","100.00","6500P0","13",,"Universal (IRE)","Belfast Central (IRE)","Gelding",,"10","National Hunt","Maiden Hurdle","Tenth","4","4290","4510","0","0","0","0","Ayr","5",
"2024-02-26","14:35:00","Ayr","Coral Racing Club Join For Free Maiden Hurdle (GBB Race)","2m3.5f ","19.5","Class 4","Heavy","4225","7","Left Handed","5","Sea Prince (FR)","7","Fox, Derek R","0","Kerr, L","0","85","163","66.00","'P25UFPP","13","CkPc","Great Pretender (IRE)","Sea Pearl (FR)","Gelding",,"10","National Hunt","Maiden Hurdle","Pulled Up","8","4290","5390","0","0","0","0","Ayr","10",
"2024-02-26","14:35:00","Ayr","Coral Racing Club Join For Free Maiden Hurdle (GBB Race)","2m3.5f ","19.5","Class 4","Heavy","4225","7","Left Handed","6","Sirekoff (IRE)","5","Bowen, Sean P","0","Hanlon, John Joseph","0","0","163","2.75","'0652P","56",,"Sholokhov (IRE)","What A Breeze (IRE)","Gelding",,"10","National Hunt","Maiden Hurdle","Pulled Up","4","4290","4730","0","0","0","0","Tramore","5",
"2024-02-26","14:35:00","Ayr","Coral Racing Club Join For Free Maiden Hurdle (GBB Race)","2m3.5f ","19.5","Class 4","Heavy","4225","7","Left Handed","7","Teddy Mac","5","Quinlan, Sean","0","Duncan, I A","0","0","163","100.00","58P","13",,"Black Sam Bellamy (IRE)","Spring Over (IRE)","Gelding",,"10","National Hunt","Maiden Hurdle","Pulled Up","2","4290","4510","0","0","0","0","Ayr","3",
"2024-02-26","14:50:00","Plumpton","Stonegate Homes Derby: Gallop To Glory Novices Limited Handicap Hurdle","2m ","16","Class 5","Soft","3829","7","Left Handed","1","Kotari (FR)","5","Houlihan, Niall F","0","Moore, G L","0","95","166","3.33","65584","28","Hood","Nathaniel (IRE)","Kotama (FR)","Gelding",,"9","National Hunt","Handicap Novices Hurdle","Fourth","4","3520","3960","0","0","0","0","Plumpton","5",
"2024-02-26","14:50:00","Plumpton","Stonegate Homes Derby: Gallop To Glory Novices Limited Handicap Hurdle","2m ","16","Class 5","Soft","3829","7","Left Handed","2","Grasshopper Time (IRE)","6","Bannister, Harry A A","0","Hales, A M","0","95","166","18.00","706265P","40"," TT","Califet (FR)","Thats The Goose (IRE)","Gelding",,"9","National Hunt","Handicap Novices Hurdle","Pulled Up","6","3520","4730","0","0","0","0","Southwell","7",
"2024-02-26","14:50:00","Plumpton","Stonegate Homes Derby: Gallop To Glory Novices Limited Handicap Hurdle","2m ","16","Class 5","Soft","3829","7","Left Handed","3","Sanitiser","5",,"3","Moore, G L","0","94","165","0.00","8354364","105",,"The Gurkha (IRE)","Spicy Dal","Gelding",,"9","National Hunt","Handicap Novices Hurdle","Fourth","1","3520","3740","2200","0","0","4","Kempton","3",
"2024-02-26","14:50:00","Plumpton","Stonegate Homes Derby: Gallop To Glory Novices Limited Handicap Hurdle","2m ","16","Class 5","Soft","3829","7","Left Handed","4","Aworkinprogress (IRE)","5","Davies, James","0","Gifford, N J","0","94","165","7.50","598","34",,"Soldier Of Fortune (IRE)","Reine Dor (IRE)","Gelding",,"9","National Hunt","Handicap Novices Hurdle","Eighth","3","3520","3630","0","0","0","0","Newbury","3",
"2024-02-26","14:50:00","Plumpton","Stonegate Homes Derby: Gallop To Glory Novices Limited Handicap Hurdle","2m ","16","Class 5","Soft","3829","7","Left Handed","5","Lone Soldier","6","Durrell, Mr T","3","Skelton, Daniel","0","87","158","5.50","68663","40","Hood TT","Soldier Of Fortune (IRE)","Alegralil","Gelding",,"9","National Hunt","Handicap Novices Hurdle","Third","4","3520","4510","0","0","0","0","Southwell","4",
"2024-02-26","14:50:00","Plumpton","Stonegate Homes Derby: Gallop To Glory Novices Limited Handicap Hurdle","2m ","16","Class 5","Soft","3829","7","Left Handed","6","Activist (FR)","5","Tudor, Jack","0","Pipe, D E","0","87","158","11.00","65562","13","CkPc","Iffraaj","Above The Clouds (FR)","Gelding",,"9","National Hunt","Handicap Novices Hurdle","Second","5","3520","4400","0","0","0","0","Lingfield","5",
"2024-02-26","14:50:00","Plumpton","Stonegate Homes Derby: Gallop To Glory Novices Limited Handicap Hurdle","2m ","16","Class 5","Soft","3829","7","Left Handed","7","Callin Baton Rouge (IRE)","6","Bowen, James C","0","Greatrex, W J","0","84","155","5.00","4FP9462","14","CkPc","Westerner","All My Judges","Mare",,"9","National Hunt","Handicap Novices Hurdle","Second","9","3520","4620","0","0","0","0","Plumpton","9",
"2024-02-26","14:50:00","Plumpton","Stonegate Homes Derby: Gallop To Glory Novices Limited Handicap Hurdle","2m ","16","Class 5","Soft","3829","7","Left Handed","8","Macari","4","Goldstein, Marc","0","West, Miss Sheena","0","87","146","14.00","76637","34",,"Sixties Icon","Potternello (IRE)","Gelding",,"9","National Hunt","Handicap Novices Hurdle","Seventh","5","3520","3630","0","0","0","0","Newbury","5",
"2024-02-26","15:05:00","Ayr","Coral Best Odds Guaranteed Novices Limited Handicap Chase (GBB Race)","2m.5f ","16.5","Class 3","Heavy","7922","5","Left Handed","1","Traprain Law (FR)","6","Wadge, P","3","Russell, Miss Lucinda V","0","128","164","2.75","2113315","30"," TT","Martaline","Pina (FR)","Gelding","C D","13","National Hunt","Handicap Novices Chase","Fifth","3","3630","3740","3740","1","1","2","Doncaster","5",
"2024-02-26","15:05:00","Ayr","Coral Best Odds Guaranteed Novices Limited Handicap Chase (GBB Race)","2m.5f ","16.5","Class 3","Heavy","7922","5","Left Handed","2","Gardener (FR)","8","Bowen, Sean P","0","Murphy, Olly","0","128","164","3.33","21401U1","21",,"Dragon Dancer","Alliance Doree (FR)","Gelding","D","13","National Hunt","Handicap Novices Chase","First","4","3630","3740","3630","1","0","2","Carlisle","4",
"2024-02-26","15:05:00","Ayr","Coral Best Odds Guaranteed Novices Limited Handicap Chase (GBB Race)","2m.5f ","16.5","Class 3","Heavy","7922","5","Left Handed","3","Ballycoose (IRE)","7","Jacob, Daryl","0","Crawford, S R B","0","125","161","2.25","'P439421","55",,"Mahler","Highly Presentable (IRE)","Gelding","C D","13","National Hunt","Handicap Novices Chase","First","3","3630","5390","4510","1","1","1","Ayr","3",
"2024-02-26","15:05:00","Ayr","Coral Best Odds Guaranteed Novices Limited Handicap Chase (GBB Race)","2m.5f ","16.5","Class 3","Heavy","7922","5","Left Handed","4","Carcaci Castle (IRE)","8","Mania, Ryan","0","Thomson, A M","0","122","158","4.00","111PP02","21","CkPc TT","Getaway (GER)","Hakuna (IRE)","Gelding","D","13","National Hunt","Handicap Novices Chase","Second","3","3630","4510","3740","2","1","0","Carlisle","4",
"2024-02-26","15:05:00","Ayr","Coral Best Odds Guaranteed Novices Limited Handicap Chase (GBB Race)","2m.5f ","16.5","Class 3","Heavy","7922","5","Left Handed","5","Leitrim Chief (IRE)","8","Hughes, Brian","0","Ewart, J P L","0","110","146","10.00","73345","44",,"Leading Light (IRE)","Leitrim Bridge (IRE)","Gelding",,"13","National Hunt","Handicap Novices Chase","Fifth","2","3630","4620","0","0","0","0","Wetherby","2",
"2024-02-26","15:20:00","Plumpton","Dine&Stay At The Jolly Sportsman Amateur Jockeys Handicap Chase","3m2f ","26","Class 4","Soft","5464","7","Left Handed","1","Atakan (FR)","8","Broughton, Mr T P","0","Boyle, J R","0","116","169","7.00","472P131","420",,"Sinndar (IRE)","Accusation (IRE)","Gelding","CD","18","National Hunt","Handicap Chase","First","0","5720","6270","6270","1","1","0","Plumpton","0",
"2024-02-26","15:20:00","Plumpton","Dine&Stay At The Jolly Sportsman Amateur Jockeys Handicap Chase","3m2f ","26","Class 4","Soft","5464","7","Left Handed","2","Windance (IRE)","9","Bament, Mr Chad","7","Honeyball, A J","0","115","168","7.50","1135P11","354"," TT","Shirocco (GER)","Maca Rince (IRE)","Gelding",,"18","National Hunt","Handicap Chase","First","0","5720","5830","5830","0","2","2","Wincanton","1",
"2024-02-26","15:20:00","Plumpton","Dine&Stay At The Jolly Sportsman Amateur Jockeys Handicap Chase","3m2f ","26","Class 4","Soft","5464","7","Left Handed","3","Everythingsontick (IRE)","8","Marshall, Miss I","5","Hill,Mrs Lawney ","0","115","168","6.00","3250137","34"," TT","Scorpion (IRE)","Atomic Betty (IRE)","Gelding",,"18","National Hunt","Handicap Chase","Seventh","3","5720","5610","4950","0","0","2","Leicester","6",
"2024-02-26","15:20:00","Plumpton","Dine&Stay At The Jolly Sportsman Amateur Jockeys Handicap Chase","3m2f ","26","Class 4","Soft","5464","7","Left Handed","4","Sublime Heights (IRE)","8","Gough, Mr William","7","Lawes, T","0","113","166","4.00","112P062","28","Vsor","Arcadio (GER)","Corrag Lass (IRE)","Gelding","CD","18","National Hunt","Handicap Chase","Second","4","5720","5720","5720","2","0","1","Plumpton","6",
"2024-02-26","15:20:00","Plumpton","Dine&Stay At The Jolly Sportsman Amateur Jockeys Handicap Chase","3m2f ","26","Class 4","Soft","5464","7","Left Handed","5","Gerico Ville (FR)","8","Andrews, Gina","0","Gordon, C","0","110","163","4.50","3121P64","99","CkPc","Protektor (GER)","Jadoudy Ville (FR)","Gelding","CD","18","National Hunt","Handicap Chase","Fourth","2","5720","6270","5720","1","0","1","Fontwell","5",
"2024-02-26","15:20:00","Plumpton","Dine&Stay At The Jolly Sportsman Amateur Jockeys Handicap Chase","3m2f ","26","Class 4","Soft","5464","7","Left Handed","6","Jemura (IRE)","6","Main, Henry","5","Henderson, N J","0","102","155","2.75","66433","29",,"Mahler","Joes Dream Catch (IRE)","Gelding",,"18","National Hunt","Handicap Chase","Third","3","5720","4840","0","0","0","0","Fontwell","5",
"2024-02-26","15:20:00","Plumpton","Dine&Stay At The Jolly Sportsman Amateur Jockeys Handicap Chase","3m2f ","26","Class 4","Soft","5464","7","Left Handed","7","Jessie Lightfoot (IRE)","10","Mathias, Imogen","7","Williams, Evan","0","92","145","10.00","4P1B334","34",,"Yeats (IRE)","Needle Doll (IRE)","Mare","D","18","National Hunt","Handicap Chase","Fourth","2","5720","5940","5720","1","0","1","Leicester","2",
"2024-02-26","15:35:00","Ayr","Coral Handicap Hurdle","2m4.5f ","20.5","Class 4","Heavy","4753","7","Left Handed","1","Better Getalong (IRE)","13","Bewley, Callum","0","Richards, N G","0","120","168","9.00","3324541","77",,"Gold Well","Arequipa (IRE)","Gelding","CD","12","National Hunt","Handicap Hurdle","First","2","4510","5390","4510","1","0","5","Ayr","3",
"2024-02-26","15:35:00","Ayr","Coral Handicap Hurdle","2m4.5f ","20.5","Class 4","Heavy","4753","7","Left Handed","2","Largy Shark","7","Jacob, Daryl","0","Crawford, S R B","0","116","164","5.50","754116P","79",,"Califet (FR)","Lady Of Scarvagh (IRE)","Gelding","C","12","National Hunt","Handicap Hurdle","Pulled Up","2","4510","4400","4290","0","0","2","Aintree","3",
"2024-02-26","15:35:00","Ayr","Coral Handicap Hurdle","2m4.5f ","20.5","Class 4","Heavy","4753","7","Left Handed","3","Duyfken","5","Lynn, Bruce","3","Alexander, N W","0","111","159","4.50","4213313","22"," TT","Le Havre (IRE)","Australienne (IRE)","Gelding",,"12","National Hunt","Handicap Hurdle","Third","4","4510","4400","4400","0","0","2","Musselburgh","7",
"2024-02-26","15:35:00","Ayr","Coral Handicap Hurdle","2m4.5f ","20.5","Class 4","Heavy","4753","7","Left Handed","4","Both Barrels","6","Nichol, Craig","0","Whillans, D W","0","109","157","5.50","34343","74",,"Saddlers Rock (IRE)","Red Legend","Gelding",,"12","National Hunt","Handicap Hurdle","Third","2","4510","4840","0","0","0","0","Newcastle","3",
"2024-02-26","15:35:00","Ayr","Coral Handicap Hurdle","2m4.5f ","20.5","Class 4","Heavy","4753","7","Left Handed","5","Dance Thief (IRE)","6","Smith, Ben","10","Smith, R Michael","0","103","151","12.00","9435220","22",,"Leading Light (IRE)","Dont Wait (IRE)","Gelding",,"12","National Hunt","Handicap Hurdle","Twelfth","6","4510","4510","0","0","0","0","Musselburgh","7",
"2024-02-26","15:35:00","Ayr","Coral Handicap Hurdle","2m4.5f ","20.5","Class 4","Heavy","4753","7","Left Handed","6","Fame Valley (IRE)","9","OFarrell, C","0","Duncan, I A","0","99","147","25.00","'0354426","741",,"Fame And Glory","Miss Island (IRE)","Gelding",,"12","National Hunt","Handicap Hurdle","Sixth","0","4510","4730","0","0","0","0","Ayr","0",
"2024-02-26","15:35:00","Ayr","Coral Handicap Hurdle","2m4.5f ","20.5","Class 4","Heavy","4753","7","Left Handed","7","Eire Street (IRE)","7","McMenamin, Daniel","0","Stephen, Mrs Jackie","0","98","146","1.20","239871","7",,"Flemensfirth (USA)","Miss Xian (IRE)","Gelding",,"12","National Hunt","Handicap Hurdle","First","4","4510","4510","3850","0","0","1","Carlisle","4",
"2024-02-26","15:55:00","Plumpton","Coral Racing Club Handicap Hurdle","3m1.5f ","25.5","Class 5","Soft","3829","7","Left Handed","1","Dear Ralphy (IRE)","8","Godfrey, Ben","3","Honeyball, A J","0","93","168","1.88","7FP212F","45"," TT","Westerner","Letterwoman (IRE)","Gelding",,"14","National Hunt","Handicap Hurdle","Fell","5","5610","5610","5390","0","0","1","Wincanton","6",
"2024-02-26","15:55:00","Plumpton","Coral Racing Club Handicap Hurdle","3m1.5f ","25.5","Class 5","Soft","3829","7","Left Handed","2","Flemens Tipple (IRE)","7","Sheppard, Stan","0","Irvine, Andy","0","90","165","2.50","5822524","20",,"Flemensfirth (USA)","Marie Des Anges (FR)","Gelding",,"14","National Hunt","Handicap Hurdle","Fourth","2","5610","5720","0","0","0","0","Market Rasen","5",
"2024-02-26","15:55:00","Plumpton","Coral Racing Club Handicap Hurdle","3m1.5f ","25.5","Class 5","Soft","3829","7","Left Handed","3","Weavers Answer","6","Johns, Alan","0","Vaughan, Tim","0","85","160","3.50","2443183","88","CkPc","Dunaden (FR)","Oskars Eva (IRE)","Gelding",,"14","National Hunt","Handicap Hurdle","Third","3","5610","5280","3520","0","0","1","Lingfield","6",
"2024-02-26","15:55:00","Plumpton","Coral Racing Club Handicap Hurdle","3m1.5f ","25.5","Class 5","Soft","3829","7","Left Handed","4","Cant Buy Time (IRE)","5","Worsley, Tabitha","3","Woods, Mrs Cynthia","0","84","159","18.00","606P","13"," TT","Getaway (GER)","Carrigeen Kigelia (IRE)","Gelding",,"14","National Hunt","Handicap Hurdle","Pulled Up","4","5610","5060","0","0","0","0","Lingfield","4",
"2024-02-26","15:55:00","Plumpton","Coral Racing Club Handicap Hurdle","3m1.5f ","25.5","Class 5","Soft","3829","7","Left Handed","5","Delgany Dreamer","6","Durrell, Mr T","3","Skelton, Daniel","0","80","155","6.50","5554074","40","Hood","Blue Bresil (FR)","New Bridge (FR)","Mare",,"14","National Hunt","Handicap Hurdle","Fourth","3","5610","4510","0","0","0","0","Southwell","7",
"2024-02-26","15:55:00","Plumpton","Coral Racing Club Handicap Hurdle","3m1.5f ","25.5","Class 5","Soft","3829","7","Left Handed","6","Set In The West (IRE)","8","Houlihan, Niall F","0","Rowe, R","0","75","150","20.00","'P6P853P","29",,"Westerner","Set In Her Ways (IRE)","Mare",,"14","National Hunt","Handicap Hurdle","Pulled Up","1","5610","5610","0","0","0","0","Fontwell","1",
"2024-02-26","15:55:00","Plumpton","Coral Racing Club Handicap Hurdle","3m1.5f ","25.5","Class 5","Soft","3829","7","Left Handed","7","Cards Are Dealt (IRE)","8","Ryder, Isabelle","10","Brown, G","0","75","150","22.00","'0050005","361"," TT","Mastercraftsman (IRE)","High Praise (USA)","Gelding",,"14","National Hunt","Handicap Hurdle","Fifth","0","5610","4290","0","0","0","0","Ludlow","1",
"2024-02-26","16:10:00","Ayr","Coral Were Here For It Novices Hurdle (GBB Race)","2m ","16","Class 4","Heavy","4357","6","Left Handed","1","Dont Look Back","6","Coltherd, Sam W","0","Young Jnr, William","0","83","161","100.00","8348896","8",,"Oasis Dream","Ronaldsay","Gelding",,"9","National Hunt","Novices Hurdle","Sixth","2","3520","3850","2200","0","0","1","Musselburgh","15",
"2024-02-26","16:10:00","Ayr","Coral Were Here For It Novices Hurdle (GBB Race)","2m ","16","Class 4","Heavy","4357","6","Left Handed","2","I Am Max (IRE)","6","Mania, Ryan","0","Thomson, A M","0","0","161","0.91","1","21",,"Vendangeur (IRE)","Betty Scott","Gelding",,"9","National Hunt","Novices Hurdle","First","1","3520","3740","3740","0","1","0","Carlisle","1",
"2024-02-26","16:10:00","Ayr","Coral Were Here For It Novices Hurdle (GBB Race)","2m ","16","Class 4","Heavy","4357","6","Left Handed","3","The Best Way (FR)","6","McMenamin, Daniel","0","Richards, N G","0","0","161","20.00","48","21",,"Thewayyouare (USA)","Valentine (FR)","Gelding",,"9","National Hunt","Novices Hurdle","Eighth","1","3520","3740","0","0","0","0","Carlisle","1",
"2024-02-26","16:10:00","Ayr","Coral Were Here For It Novices Hurdle (GBB Race)","2m ","16","Class 4","Heavy","4357","6","Left Handed","4","Two Auld Pals (IRE)","6","Fox, Derek R","0","Russell, Miss Lucinda V","0","106","161","1.75","2214822","51"," TT","The Carbon Unit (USA)","Lady Jock (IRE)","Gelding",,"9","National Hunt","Novices Hurdle","Second","2","3520","3960","3740","0","1","2","Newcastle","12",
"2024-02-26","16:10:00","Ayr","Coral Were Here For It Novices Hurdle (GBB Race)","2m ","16","Class 4","Heavy","4357","6","Left Handed","5","Dollar Collar (IRE)","6","Mulqueen, S","0","Russell, Miss Lucinda V","0","0","154","5.00","none",,,"Kingston Hill","Another Dollar (IRE)","Mare",,"9","National Hunt","Novices Hurdle","No Run","0","3520","0","0","0","0","0",,"0",
"2024-02-26","16:10:00","Ayr","Coral Were Here For It Novices Hurdle (GBB Race)","2m ","16","Class 4","Heavy","4357","6","Left Handed","6","Suleiman Artist (IRE)","4","Doyle, Alan","5","Hamilton, A B","0","0","149","50.00","766","42",,"Zoffany (IRE)","Tanyeli (IRE)","Gelding",,"9","National Hunt","Novices Hurdle","Sixth","3","3520","3630","0","0","0","0","Hereford","3",
"2024-02-26","16:30:00","Plumpton","BetGoodwin Handicap Chase","2m1f ","17","Class 5","Soft","4225","5","Left Handed","1","Hector Jaguen (FR)","7","Quinn, Caoilin","3","Moore, G L","0","98","168","4.00","3U1UP74","62","Blnk","Creachadoir (IRE)","Quen Dites Vous (FR)","Gelding",,"12","National Hunt","Handicap Chase","Fourth","3","3740","4730","3960","0","1","0","Fontwell","7",
"2024-02-26","16:30:00","Plumpton","BetGoodwin Handicap Chase","2m1f ","17","Class 5","Soft","4225","5","Left Handed","2","Time To Bite (IRE)","9","Carver, Bryan","0","Honour, Chris","0","84","154","2.50","3335135","26","Blnk","Scorpion (IRE)","Time To Act","Gelding",,"12","National Hunt","Handicap Chase","Fifth","6","3740","5280","4180","0","1","0","Exeter","6",
"2024-02-26","16:30:00","Plumpton","BetGoodwin Handicap Chase","2m1f ","17","Class 5","Soft","4225","5","Left Handed","3","Shaws Cross (IRE)","12","Sheppard, Stan","0","Irvine, Andy","0","81","151","4.50","4253425","50","CkPc","Mr Dinos (IRE)","Capparoe Cross (IRE)","Gelding","C","12","National Hunt","Handicap Chase","Fifth","4","3740","4840","3850","0","1","2","Plumpton","8",
"2024-02-26","16:30:00","Plumpton","BetGoodwin Handicap Chase","2m1f ","17","Class 5","Soft","4225","5","Left Handed","4","Clondaw Robin (IRE)","11","Armson, Philip","3","Irvine, Andy","0","79","149","3.00","'P65232F","28","CkPc","Robin Des Champs (FR)","Old Town Queen (IRE)","Gelding",,"12","National Hunt","Handicap Chase","Fell","6","3740","5280","3960","0","1","0","Plumpton","10",
"2024-02-26","16:30:00","Plumpton","BetGoodwin Handicap Chase","2m1f ","17","Class 5","Soft","4225","5","Left Handed","5","Robins Field (IRE)","9","Poste, Ben J","0","Dickin, Harriet","0","74","144","3.50","2245522","23","CkPc TT","Robin Des Champs (FR)","Sweet Poli (IRE)","Gelding",,"12","National Hunt","Handicap Chase","Second","6","3740","5170","0","0","0","0","Wetherby","8",
"2024-02-26","16:45:00","Ayr","Coral Mares Handicap Hurdle","3m.5f ","24.5","Class 5","Heavy","4225","7","Left Handed","1","Wild Polly (IRE)","10","Johnston, Dylan","5","Dobbin, Mrs R","0","99","168","12.00","364PB75","13","CkPc","Mahler","Dalzenia (FR)","Mare","C","12","National Hunt","Handicap Hurdle","Fifth","2","5390","5610","4510","0","0","1","Ayr","4",
"2024-02-26","16:45:00","Ayr","Coral Mares Handicap Hurdle","3m.5f ","24.5","Class 5","Heavy","4225","7","Left Handed","2","Similar Story (IRE)","6","Coltherd, Sam W","0","Coltherd, W S","0","99","168","5.50","5423","59",,"Mahler","Bell Walks Eve (IRE)","Mare",,"12","National Hunt","Handicap Hurdle","Third","4","5390","4400","0","0","0","0","Kelso","4",
"2024-02-26","16:45:00","Ayr","Coral Mares Handicap Hurdle","3m.5f ","24.5","Class 5","Heavy","4225","7","Left Handed","3","Not Staying Long (IRE)","6","Hughes, Brian","0","Smith, R Michael","0","99","168","7.50","581P43","24",,"Soldier Of Fortune (IRE)","Princess Bella (IRE)","Mare",,"12","National Hunt","Handicap Hurdle","Third","3","5390","5720","5610","0","1","0","Catterick","3",
"2024-02-26","16:45:00","Ayr","Coral Mares Handicap Hurdle","3m.5f ","24.5","Class 5","Heavy","4225","7","Left Handed","4","Fiveafterfour (IRE)","6","Wadge, P","3","Russell, Miss Lucinda V","0","98","167","1.63","8431","13"," TT","Flemensfirth (USA)","Tarantella Lady","Mare","C","12","National Hunt","Handicap Hurdle","First","4","5390","4510","4510","0","0","1","Ayr","4",
"2024-02-26","16:45:00","Ayr","Coral Mares Handicap Hurdle","3m.5f ","24.5","Class 5","Heavy","4225","7","Left Handed","5","Joie De Vivre (IRE)","9","Maggs, Mr William","7","Todhunter, M","0","84","153","4.50","5495313","13",,"Mastercraftsman (IRE)","Fragonard","Mare","C","12","National Hunt","Handicap Hurdle","Third","5","5390","4950","4620","0","0","5","Ayr","6",
"2024-02-26","16:45:00","Ayr","Coral Mares Handicap Hurdle","3m.5f ","24.5","Class 5","Heavy","4225","7","Left Handed","6","Gypseys Secret (IRE)","9","Mulqueen, S","0","Forster, Miss S E","0","80","149","6.50","3P76P63","43",,"Dylan Thomas (IRE)","Lady Howe","Mare",,"12","National Hunt","Handicap Hurdle","Third","3","5390","5610","0","0","0","0","Kelso","5",
"2024-02-26","16:45:00","Ayr","Coral Mares Handicap Hurdle","3m.5f ","24.5","Class 5","Heavy","4225","7","Left Handed","7","You Say Its Over (IRE)","6","OFarrell, C","0","Hammond, Micky","0","79","148","9.00","46P2226","32",,"Kingston Hill","Beg La Eile (IRE)","Mare",,"12","National Hunt","Handicap Hurdle","Sixth","9","5390","5610","0","0","0","0","Wetherby","10",
"2024-02-26","16:55:00","Wolverhampton","BetUK. Home Of The Acca Amateur Jockeys Handicap (Div 1)","1m1.5f ","9.5","Class 5","Standard","4669","8","Left Handed","1","Asgards Captain (IRE)","4","Yarham, Fletcher","3","Cunha, Dylan","6","68","156","0.67","6131152","24",,"Make Believe","Twiggys Girl (IRE)","Gelding","C","0","All Weather","Handicap","Second","3","2090","2200","1980","0","0","3","Newcastle","9",
"2024-02-26","16:55:00","Wolverhampton","BetUK. Home Of The Acca Amateur Jockeys Handicap (Div 1)","1m1.5f ","9.5","Class 5","Standard","4669","8","Left Handed","2","Renesmee","4","Walker, Mr S","0","Dunne, M","1","66","154","5.50","1800437","21",,"Iffraaj","Magique (IRE)","Filly",,"0","All Weather","Handicap","Seventh","4","2090","2200","1760","0","0","1","Lingfield","10",
"2024-02-26","16:55:00","Wolverhampton","BetUK. Home Of The Acca Amateur Jockeys Handicap (Div 1)","1m1.5f ","9.5","Class 5","Standard","4669","8","Left Handed","3","Glencalvie (IRE)","4","Tucker, Miss Amy","7","McEntee, P S","5","62","150","9.00","'0827175","7",,"Gleneagles (IRE)","Considered Opinion","Filly",,"0","All Weather","Handicap","Fifth","6","2090","2200","1760","0","0","1","Wolverhampton","11",
"2024-02-26","16:55:00","Wolverhampton","BetUK. Home Of The Acca Amateur Jockeys Handicap (Div 1)","1m1.5f ","9.5","Class 5","Standard","4669","8","Left Handed","4","Prince Ali","6","Lewis, Miss Zoe","7","Faulkner, Ms D C","4","62","150","5.50","4242260","50",,"Twilight Son","Desert Liaison","Gelding","C","0","All Weather","Handicap","Tenth","5","2090","3630","2200","0","1","2","Wolverhampton","15",
"2024-02-26","16:55:00","Wolverhampton","BetUK. Home Of The Acca Amateur Jockeys Handicap (Div 1)","1m1.5f ","9.5","Class 5","Standard","4669","8","Left Handed","5","Zooks (FR)","4","Holder, Miss Ellie","7","Williams, Ian","8","59","147","16.00","354459","11",,"Camelot","Tristesse (USA)","Filly",,"0","All Weather","Handicap","Ninth","3","2090","3630","0","0","0","0","Chelmsford City","6",
"2024-02-26","16:55:00","Wolverhampton","BetUK. Home Of The Acca Amateur Jockeys Handicap (Div 1)","1m1.5f ","9.5","Class 5","Standard","4669","8","Left Handed","6","Possible Ambition","6","Wingrove, Miss Jodie","7","Wingrove, D","7","58","146","7.00","5398315","13",,"Territories (IRE)","Kotsi (IRE)","Gelding",,"0","All Weather","Handicap","Fifth","5","2090","2200","2200","0","1","2","Newcastle","7",
"2024-02-26","16:55:00","Wolverhampton","BetUK. Home Of The Acca Amateur Jockeys Handicap (Div 1)","1m1.5f ","9.5","Class 5","Standard","4669","8","Left Handed","7","Inclement Weather","6","Scott, Miss Poppy","5","Hales, A M","3","52","140","16.00","3526076","16"," TT","Bated Breath","Rapid Recruit (IRE)","Mare",,"0","All Weather","Handicap","Sixth","3","2090","1870","1540","0","0","1","Wolverhampton","6",
"2024-02-26","16:55:00","Wolverhampton","BetUK. Home Of The Acca Amateur Jockeys Handicap (Div 1)","1m1.5f ","9.5","Class 5","Standard","4669","8","Left Handed","8","Fast Deal","7","Bowers-Carter, Miss Aaliyah","7","Chapman, M C","2","49","137","50.00","6U89589","20",,"Fast Company (IRE)","Maven","Gelding",,"0","All Weather","Handicap","Ninth","2","2090","4620","0","0","0","0","Market Rasen","5",
"2024-02-26","17:05:00","Plumpton","HotToTrot Racing Supports Jamies Farm Mares Handicap Hurdle","2m5f ","21","Class 5","Soft","3829","5","Left Handed","1","Our Bills Aunt (IRE)","8","Bannister, Harry A A","0","Hales, A M","0","105","168","3.00","1333233","48"," TT","Blueprint (IRE)","Carrigmoorna Oak (IRE)","Mare",,"12","National Hunt","Handicap Hurdle","Third","2","4620","5500","4400","0","0","1","Market Rasen","5",
"2024-02-26","17:05:00","Plumpton","HotToTrot Racing Supports Jamies Farm Mares Handicap Hurdle","2m5f ","21","Class 5","Soft","3829","5","Left Handed","2","Parikarma (IRE)","7","Quinn, Caoilin","3","Moore, G L","0","105","168","5.00","2592716","17","CkPc","Canford Cliffs (IRE)","Pushkar","Mare",,"12","National Hunt","Handicap Hurdle","Sixth","5","4620","4290","3850","0","0","5","Kempton","7",
"2024-02-26","17:05:00","Plumpton","HotToTrot Racing Supports Jamies Farm Mares Handicap Hurdle","2m5f ","21","Class 5","Soft","3829","5","Left Handed","3","Molto Bene (IRE)","5","Pinchin, Miss L M","0","Longsdon, C E","0","103","166","3.50","5P3","35"," TT","Jukebox Jury (IRE)","Molo","Mare",,"12","National Hunt","Handicap Hurdle","Third","3","4620","4730","0","0","0","0","Warwick","3",
"2024-02-26","17:05:00","Plumpton","HotToTrot Racing Supports Jamies Farm Mares Handicap Hurdle","2m5f ","21","Class 5","Soft","3829","5","Left Handed","4","Politacus (IRE)","6",,"7","OBrien, Fergal","0","101","164","0.00","5214446","20"," TT","Epaulette (AUS)","Santacus (IRE)","Mare",,"12","National Hunt","Handicap Hurdle","Sixth","3","4620","4400","3520","0","0","1","Taunton","4",
"2024-02-26","17:05:00","Plumpton","HotToTrot Racing Supports Jamies Farm Mares Handicap Hurdle","2m5f ","21","Class 5","Soft","3829","5","Left Handed","5","Only Fools (IRE)","5","Tudor, Jack","0","Pipe, D E","0","82","145","2.00","2435713","34","Hood TT","Mondialiste (IRE)","Only Together (IRE)","Mare",,"12","National Hunt","Handicap Hurdle","Third","9","4620","4730","4730","0","1","0","Leicester","12",
"2024-02-26","17:05:00","Plumpton","HotToTrot Racing Supports Jamies Farm Mares Handicap Hurdle","2m5f ","21","Class 5","Soft","3829","5","Left Handed","6","Wonderweasle","6","Johns, Alan","0","Vaughan, Tim","0","82","145","7.00","35458","77",,"Clovis Du Berlais (FR)","Silver Gypsy (IRE)","Mare",,"12","National Hunt","Handicap Hurdle","Eighth","4","4620","3850","0","0","0","0","Lingfield","4",
"2024-02-26","17:20:00","Ayr","Coral Committed To Safer Gambling NH Flat Race (Conditional & Amateur Jockeys) (GBB Race)","2m ","16","Class 5","Heavy","2178","6","Left Handed","1","Cusack Park (IRE)","5","Davies, Miss Megan","7","Russell, Miss Lucinda V","0","0","156","16.00","none",,,"Westerner","My Viking Bay (IRE)","Gelding",,"0","National Hunt","NH Flat","No Run","0","3520","0","0","0","0","0",,"0",
"2024-02-26","17:20:00","Ayr","Coral Committed To Safer Gambling NH Flat Race (Conditional & Amateur Jockeys) (GBB Race)","2m ","16","Class 5","Heavy","2178","6","Left Handed","2","Derryhassen Paddy (IRE)","5","Wadge, P","3","Russell, Miss Lucinda V","0","0","156","1.88","none",," TT","Arctic Cosmos (USA)","Kerrie Girl (IRE)","Gelding",,"0","National Hunt","NH Flat","No Run","0","3520","0","0","0","0","0",,"0",
"2024-02-26","17:20:00","Ayr","Coral Committed To Safer Gambling NH Flat Race (Conditional & Amateur Jockeys) (GBB Race)","2m ","16","Class 5","Heavy","2178","6","Left Handed","3","Frisby (IRE)","6","Hanlon, Mr P","7","Neville, Patrick","0","0","156","4.50","none",,,"Flemensfirth (USA)","Je Taime (IRE)","Gelding",,"0","National Hunt","NH Flat","No Run","0","3520","0","0","0","0","0",,"0",
"2024-02-26","17:20:00","Ayr","Coral Committed To Safer Gambling NH Flat Race (Conditional & Amateur Jockeys) (GBB Race)","2m ","16","Class 5","Heavy","2178","6","Left Handed","4","Jirko (FR)","5","Lynn, Bruce","3","Alexander, N W","0","0","156","10.00","none",,,"Balko (FR)","Belle Du Luy (FR)","Gelding",,"0","National Hunt","NH Flat","No Run","0","3520","0","0","0","0","0",,"0",
"2024-02-26","17:20:00","Ayr","Coral Committed To Safer Gambling NH Flat Race (Conditional & Amateur Jockeys) (GBB Race)","2m ","16","Class 5","Heavy","2178","6","Left Handed","5","Red Ned (IRE)","5","Dobb, Lewis","7","Thomson, A M","0","0","156","2.75","2","90",,"Diamond Boy (FR)","Kilbarry Marien (IRE)","Gelding",,"0","National Hunt","NH Flat","Second","1","3520","3520","0","0","0","0","Southwell","1",
"2024-02-26","17:20:00","Ayr","Coral Committed To Safer Gambling NH Flat Race (Conditional & Amateur Jockeys) (GBB Race)","2m ","16","Class 5","Heavy","2178","6","Left Handed","6","Sovereign Star (IRE)","6","Kavanagh, Peter J","3","McCain Jnr, D","0","0","156","4.50","none",,,"Soldier Of Fortune (IRE)","Sovereign Lass (IRE)","Gelding",,"0","National Hunt","NH Flat","No Run","0","3520","0","0","0","0","0",,"0",
"2024-02-26","17:30:00","Wolverhampton","BetUK. Home Of The Acca Amateur Jockeys Handicap (Div 2)","1m1.5f ","9.5","Class 5","Standard","4669","8","Left Handed","1","Khathak","5","Cagney, Eireann","0","Fahey, R A","3","68","156","4.50","'0252667","27","Vsor TT","Iffraaj","Mujarah (IRE)","Gelding",,"0","All Weather","Handicap","Seventh","5","2090","2310","1760","0","0","1","Southwell","11",
"2024-02-26","17:30:00","Wolverhampton","BetUK. Home Of The Acca Amateur Jockeys Handicap (Div 2)","1m1.5f ","9.5","Class 5","Standard","4669","8","Left Handed","2","Covert Legend","4","Walker, Mr S","0","Collier, Tjade","1","63","151","5.50","4394876","22","CkPc TT","Zoustar (AUS)","Miss You Too","Gelding",,"0","All Weather","Handicap","Sixth","4","2090","2200","0","0","0","0","Newcastle","10",
"2024-02-26","17:30:00","Wolverhampton","BetUK. Home Of The Acca Amateur Jockeys Handicap (Div 2)","1m1.5f ","9.5","Class 5","Standard","4669","8","Left Handed","3","Girl From Italy (IRE)","4","Barlow, Patrick","3","Walford, Mark","2","62","150","6.50","2611275","72",,"Holy Roman Emperor (IRE)","Keilogue (IRE)","Filly","C","0","All Weather","Handicap","Fifth","4","2090","1870","1870","0","0","2","Wolverhampton","13",
"2024-02-26","17:30:00","Wolverhampton","BetUK. Home Of The Acca Amateur Jockeys Handicap (Div 2)","1m1.5f ","9.5","Class 5","Standard","4669","8","Left Handed","4","Harbour Vision","9","Tett, Frederick","0","Dixon, Scott","7","60","148","2.75","8682522","7","Vsor","Harbour Watch (IRE)","Holy Nola (USA)","Gelding","CD","0","All Weather","Handicap","Second","9","2090","2310","2090","1","0","9","Wolverhampton","21",
"2024-02-26","17:30:00","Wolverhampton","BetUK. Home Of The Acca Amateur Jockeys Handicap (Div 2)","1m1.5f ","9.5","Class 5","Standard","4669","8","Left Handed","5","Breguet Boy (IRE)","7","Hampson, Brodie","0","Watson, Archie","6","58","146","4.00","3643351","126","Blnk","Requinto (IRE)","Holly Hawk (IRE)","Gelding","C","0","All Weather","Handicap","First","0","2090","3740","3520","0","4","4","Windsor","13",
"2024-02-26","17:30:00","Wolverhampton","BetUK. Home Of The Acca Amateur Jockeys Handicap (Div 2)","1m1.5f ","9.5","Class 5","Standard","4669","8","Left Handed","6","Escobedo","6","Jones, Lily","7","Kirk, S","5","53","141","7.00","6145637","17",,"Nathaniel (IRE)","Notary","Gelding",,"0","All Weather","Handicap","Seventh","4","2090","4620","3740","0","1","0","Chelmsford City","9",
"2024-02-26","17:30:00","Wolverhampton","BetUK. Home Of The Acca Amateur Jockeys Handicap (Div 2)","1m1.5f ","9.5","Class 5","Standard","4669","8","Left Handed","7","Dark Company (IRE)","6","Fryer, Miss Ella","7","Loughnane, Daniel Mark","4","49","137","20.00","8507468","17","CkPc","Fast Company (IRE)","Roseraie (IRE)","Gelding",,"0","All Weather","Handicap","Eighth","6","2090","2200","2200","0","1","2","Chelmsford City","18",
"2024-02-26","17:30:00","Wolverhampton","BetUK. Home Of The Acca Amateur Jockeys Handicap (Div 2)","1m1.5f ","9.5","Class 5","Standard","4669","8","Left Handed","8","Dancing Master (IRE)","6","Horrigan, Clodagh","7","Mulholland, N P","8","49","137","25.00","14905P0","14"," TT","Mastercraftsman (IRE)","Poisson Dor","Gelding","C","0","All Weather","Handicap","Eleventh","0","2090","3630","3630","0","1","0","Plumpton","2",
"2024-02-26","18:00:00","Wolverhampton","BetMGM: Its Showtime Fillies Novice Stakes (GBB Race)","6f ","6","Class 4","Standard","6156","7","Left Handed","1","Colour Code (IRE)","3","Jakes, Tommie","5","Perratt, Miss L A","2","74","128","2.75","622","35",,"Due Diligence (USA)","Riot Of Colour","Filly",,"0","All Weather","Novices","Second","2","1320","1540","0","0","0","0","Kempton","3",
"2024-02-26","18:00:00","Wolverhampton","BetMGM: Its Showtime Fillies Novice Stakes (GBB Race)","6f ","6","Class 4","Standard","6156","7","Left Handed","2","Easy Company (IRE)","3","Hart, Jason","0","Quinn, J J","7","0","128","80.00","49","46","CkPc","Ten Sovereigns (IRE)","Awjila","Filly",,"0","All Weather","Novices","Ninth","2","1320","1320","0","0","0","0","Southwell","2",
"2024-02-26","18:00:00","Wolverhampton","BetMGM: Its Showtime Fillies Novice Stakes (GBB Race)","6f ","6","Class 4","Standard","6156","7","Left Handed","3","Midnight Call (IRE)","3","Tudhope, Daniel","0","Johnston, Charlie","3","0","128","9.00","none",,,"Caravaggio (USA)","Sneaky Snooze (IRE)","Filly",,"0","All Weather","Novices","No Run","0","1320","0","0","0","0","0",,"0",
"2024-02-26","18:00:00","Wolverhampton","BetMGM: Its Showtime Fillies Novice Stakes (GBB Race)","6f ","6","Class 4","Standard","6156","7","Left Handed","4","Miss Stormy Night","3","Ryan, Rossa","0","Cox, C G","4","0","128","4.50","7","46",,"Night Of Thunder (IRE)","Jumeirah Palm Star","Filly",,"0","All Weather","Novices","Seventh","1","1320","1320","0","0","0","0","Southwell","1",
"2024-02-26","18:00:00","Wolverhampton","BetMGM: Its Showtime Fillies Novice Stakes (GBB Race)","6f ","6","Class 4","Standard","6156","7","Left Handed","5","Shaz","3","Pearson, Laura","0","Loughnane, David","5","0","128","80.00","97","11",,"Massaat (IRE)","Our Greta (IRE)","Filly",,"0","All Weather","Novices","Seventh","2","1320","1540","0","0","0","0","Southwell","2",
"2024-02-26","18:00:00","Wolverhampton","BetMGM: Its Showtime Fillies Novice Stakes (GBB Race)","6f ","6","Class 4","Standard","6156","7","Left Handed","6","Siobhanbrogan (IRE)","3","Murphy, Oisin","0","Palmer, Hugo","1","0","128","1.75","53","25",,"Starspangledbanner (AUS)","Felissa (GER)","Filly",,"0","All Weather","Novices","Third","1","1320","1320","0","0","0","0","Chelmsford City","2",
"2024-02-26","18:00:00","Wolverhampton","BetMGM: Its Showtime Fillies Novice Stakes (GBB Race)","6f ","6","Class 4","Standard","6156","7","Left Handed","7","Spiritual Pursuit (IRE)","3","Doyle, Hollie","0","Watson, Archie","6","76","128","4.00","223","18",,"Invincible Spirit (IRE)","Aaraamm (USA)","Filly",,"0","All Weather","Novices","Third","2","1320","1650","0","0","0","0","Lingfield","3",
"2024-02-26","18:30:00","Wolverhampton","Bet 10 Get 40 At BetMGM Handicap","1m.5f ","8.5","Class 3","Standard","7851","4","Left Handed","1","Dr Foster","3","Murphy, Oisin","0","Appleby, M","1","79","135","2.00","92321","131","Blnk","Advertise","Spotlight","Gelding",,"0","All Weather","Handicap","First","0","1870","1760","1760","0","0","1","Kempton","5",
"2024-02-26","18:30:00","Wolverhampton","Bet 10 Get 40 At BetMGM Handicap","1m.5f ","8.5","Class 3","Standard","7851","4","Left Handed","2","Ippotheos (IRE)","3","Ryan, Rossa","0","Appleby, M","3","78","134","2.50","6601472","15","CkPc TT","Cotai Glory","Hello Brigette (IRE)","Gelding","C","0","All Weather","Handicap","Second","4","1870","1760","1320","0","0","1","Lingfield","7",
"2024-02-26","18:30:00","Wolverhampton","Bet 10 Get 40 At BetMGM Handicap","1m.5f ","8.5","Class 3","Standard","7851","4","Left Handed","3","Sennockian (IRE)","3","Fanning, Joe","0","Johnston, Charlie","2","77","133","1.63","3265911","15",,"No Nay Never (USA)","Lady Gorgeous","Gelding",,"0","All Weather","Handicap","First","2","1870","1760","1760","0","0","2","Lingfield","8",
"2024-02-26","18:30:00","Wolverhampton","Bet 10 Get 40 At BetMGM Handicap","1m.5f ","8.5","Class 3","Standard","7851","4","Left Handed","4","Love Yours (IRE)","3","Scott, Rowan","0","Tutty, Gemma","4","63","119","9.00","6763724","9",,"Invincible Spirit (IRE)","Rekindle","Filly",,"0","All Weather","Handicap","Fourth","5","1870","1760","0","0","0","0","Newcastle","10",
"2024-02-26","19:00:00","Wolverhampton","Boost Your Acca At BetMGM Handicap","5f ","5","Class 5","Standard","4920","5","Left Handed","1","Lieutenant Rascal (IRE)","3","Muscutt, D","0","Scott, George","2","74","135","1.75","4034128","142",,"U S Navy Flag (USA)","Try Yes","Gelding",,"0","All Weather","Handicap","Eighth","0","1100","1320","1210","0","1","0","Newmarket (Rowley)","9",
"2024-02-26","19:00:00","Wolverhampton","Boost Your Acca At BetMGM Handicap","5f ","5","Class 5","Standard","4920","5","Left Handed","2","Doctor Vuby (IRE)","3","Garritty, Billy","0","Easterby, M W","4","73","134","2.50","6242","36"," TT","Footstepsinthesand","Rohesia","Colt",,"0","All Weather","Handicap","Second","3","1100","1320","0","0","0","0","Chelmsford City","4",
"2024-02-26","19:00:00","Wolverhampton","Boost Your Acca At BetMGM Handicap","5f ","5","Class 5","Standard","4920","5","Left Handed","3","Bint Alfella (IRE)","3","Gray, S A","0","Ryan, K A","1","68","129","14.00","2266","18"," TT","Too Darn Hot","Rainbow Royal (IRE)","Filly",,"0","All Weather","Handicap","Sixth","3","1100","1100","0","0","0","0","Newcastle","4",
"2024-02-26","19:00:00","Wolverhampton","Boost Your Acca At BetMGM Handicap","5f ","5","Class 5","Standard","4920","5","Left Handed","4","Ziggys Missile (IRE)","3","Morris, Luke","0","Cowell, R M H","3","66","127","2.50","376","153",,"Blue Point (IRE)","Shafaani","Colt",,"0","All Weather","Handicap","Sixth","0","1100","1100","0","0","0","0","Nottingham","3",
"2024-02-26","19:00:00","Wolverhampton","Boost Your Acca At BetMGM Handicap","5f ","5","Class 5","Standard","4920","5","Left Handed","5","Pinpoint","3","Scott, Rowan","0","Whillans, Ewan","5","59","120","12.00","1323266","13","Hood","Due Diligence (USA)","Primrose Place","Gelding","D","0","All Weather","Handicap","Sixth","2","1100","1540","1100","1","0","0","Newcastle","10",
"2024-02-26","19:30:00","Wolverhampton","BetUK Its Where The UK Bets Handicap","5f ","5","Class 5","Standard","4920","11","Left Handed","1","Twilight Fun","4","Haynes, Joey","0","Banham, Chelsea","7","68","135","4.50","5146","33",,"Twilight Son","Sweet Applause (IRE)","Gelding","CD","0","All Weather","Handicap","Sixth","2","1100","1100","1100","1","0","0","Lingfield","2",
"2024-02-26","19:30:00","Wolverhampton","BetUK Its Where The UK Bets Handicap","5f ","5","Class 5","Standard","4920","11","Left Handed","2","Darlo Pride","4","Carson, William","0","Carson, Anthony","2","68","135","3.33","1122421","14","Vsor TT","Outstrip","Doric Lady","Gelding","CD","0","All Weather","Handicap","First","7","1100","1760","1320","3","1","0","Wolverhampton","20",
"2024-02-26","19:30:00","Wolverhampton","BetUK Its Where The UK Bets Handicap","5f ","5","Class 5","Standard","4920","11","Left Handed","3","Recon Mission (IRE)","8","Doughty, Jack","7","Carroll, A W","6","67","134","12.00","3637565","18",,"Kodiac","Ermine Ruby","Gelding","D","0","All Weather","Handicap","Fifth","3","1100","1320","1320","4","3","0","Lingfield","11",
"2024-02-26","19:30:00","Wolverhampton","BetUK Its Where The UK Bets Handicap","5f ","5","Class 5","Standard","4920","11","Left Handed","4","Catch Cunningham (IRE)","5","Eaves, Tom","0","Herrington,M ","5","67","134","12.00","7040648","129",,"Kodiac","Faithful Duchess (IRE)","Gelding","D","0","All Weather","Handicap","Eighth","0","1100","1320","1100","2","0","0","Redcar","9",
"2024-02-26","19:30:00","Wolverhampton","BetUK Its Where The UK Bets Handicap","5f ","5","Class 5","Standard","4920","11","Left Handed","5","New Hope Bullet (IRE)","4","ONeill, K T","0","Haynes, Alice","1","65","132","11.00","4985836","20","CkPc","New Bay","Morning Frost (IRE)","Filly","D","0","All Weather","Handicap","Sixth","4","1100","1320","1100","3","0","0","Wolverhampton","6",
"2024-02-26","19:30:00","Wolverhampton","BetUK Its Where The UK Bets Handicap","5f ","5","Class 5","Standard","4920","11","Left Handed","6","Sounds Of Spring (IRE)","7","Morris, Luke","0","Butler, John","10","65","132","8.00","'0103049","131",,"Dark Angel (IRE)","Rock Exhibition","Gelding","D","0","All Weather","Handicap","Ninth","0","1100","1760","1210","1","2","0","Navan","4",
"2024-02-26","19:30:00","Wolverhampton","BetUK Its Where The UK Bets Handicap","5f ","5","Class 5","Standard","4920","11","Left Handed","7","Spanish Angel (IRE)","7","Sullivan, James P","0","Carr, Mrs R A","4","65","132","18.00","2126669","160",,"Gutaifan (IRE)","City Dazzler (IRE)","Gelding","CD","0","All Weather","Handicap","Ninth","0","1100","1320","1320","4","2","0","Redcar","15",
"2024-02-26","19:30:00","Wolverhampton","BetUK Its Where The UK Bets Handicap","5f ","5","Class 5","Standard","4920","11","Left Handed","8","Rogue De Vega","4","Hardie, Cameron","0","Brittain, Antony","9","64","131","14.00","1208749","21","Hood","Lope De Vega (IRE)","Lamps Of Heaven (IRE)","Gelding","D","0","All Weather","Handicap","Ninth","3","1100","1320","1100","1","0","0","Southwell","8",
"2024-02-26","19:30:00","Wolverhampton","BetUK Its Where The UK Bets Handicap","5f ","5","Class 5","Standard","4920","11","Left Handed","9","Gustav Graves","6","Mason, Joanna","0","Shaw, D","8","64","131","3.33","2131312","3",,"Bobbys Kitten (USA)","Bondesire","Gelding","CD","0","All Weather","Handicap","Second","9","1100","1320","1320","4","1","0","Wolverhampton","28",
"2024-02-26","19:30:00","Wolverhampton","BetUK Its Where The UK Bets Handicap","5f ","5","Class 5","Standard","4920","11","Left Handed","10","The Defiant","8","Murphy, Oisin","0","Dace, L A","3","63","130","7.50","8584533","11"," TT","Morpheus","Killer Class","Gelding","CD","0","All Weather","Handicap","Third","2","1100","1320","1100","8","0","0","Chelmsford City","15",
"2024-02-26","19:30:00","Wolverhampton","BetUK Its Where The UK Bets Handicap","5f ","5","Class 5","Standard","4920","11","Left Handed","11","Miss Belladonna","5","Keenan, Darragh","0","Shaw, D","11","59","126","28.00","2216325","219",,"Brazen Beau (AUS)","Ming Meng (IRE)","Mare","D","0","All Weather","Handicap","Fifth","0","1100","1320","1100","3","0","0","Doncaster","3",
"2024-02-26","20:00:00","Wolverhampton","Best Odds Guaranteed At BetMGM Handicap","1m4f ","12","Class 6","Standard","5757","7","Left Handed","1","Dibble Dabble","3","Muscutt, D","0","Ferguson, James","1","52","135","4.00","'0084","17",,"Time Test","Dabble (IRE)","Filly",,"0","All Weather","Handicap","Fourth","1","2640","2200","0","0","0","0","Chelmsford City","4",
"2024-02-26","20:00:00","Wolverhampton","Best Odds Guaranteed At BetMGM Handicap","1m4f ","12","Class 6","Standard","5757","7","Left Handed","2","Northgate","3","Hardie, Cameron","0","Brittain, Antony","2","52","135","4.00","77924","28",,"Dutch Art","Prominence","Colt",,"0","All Weather","Handicap","Fourth","4","2640","2640","0","0","0","0","Wolverhampton","5",
"2024-02-26","20:00:00","Wolverhampton","Best Odds Guaranteed At BetMGM Handicap","1m4f ","12","Class 6","Standard","5757","7","Left Handed","3","Subaltern (IRE)","3","Ghiani, Marco","0","Murphy, Amy","7","49","132","2.25","'0000441","17","Blnk TT","No Nay Never (USA)","Subaana (IRE)","Gelding",,"0","All Weather","Handicap","First","5","2640","2200","2200","0","0","1","Chelmsford City","8",
"2024-02-26","20:00:00","Wolverhampton","Best Odds Guaranteed At BetMGM Handicap","1m4f ","12","Class 6","Standard","5757","7","Left Handed","4","Lunar Rocks","3","Farragher, Adam J","0","Sangster, Ollie","4","45","128","1.88","'00843","17","CkPc","Ten Sovereigns (IRE)","Red Fantasy (IRE)","Filly",,"0","All Weather","Handicap","Third","5","2640","2200","0","0","0","0","Chelmsford City","5",
"2024-02-26","20:00:00","Wolverhampton","Best Odds Guaranteed At BetMGM Handicap","1m4f ","12","Class 6","Standard","5757","7","Left Handed","5","Ludberg","3","Swift, Mr Dale","0","Wallis, Charlie","6","45","128","20.00","'0536408","10",,"Territories (IRE)","Holberg Suite","Gelding",,"0","All Weather","Handicap","Eighth","2","2640","1540","0","0","0","0","Wolverhampton","7",
"2024-02-26","20:00:00","Wolverhampton","Best Odds Guaranteed At BetMGM Handicap","1m4f ","12","Class 6","Standard","5757","7","Left Handed","6","Onelastcall","3","Larson, Frederick","3","Murphy, Amy","3","45","128","33.00","9970","12","CkPc TT","Mayson","Shes Queen (IRE)","Filly",,"0","All Weather","Handicap","Eleventh","4","2640","1870","0","0","0","0","Kempton","4",
"2024-02-26","20:00:00","Wolverhampton","Best Odds Guaranteed At BetMGM Handicap","1m4f ","12","Class 6","Standard","5757","7","Left Handed","7","Darkest Mile","3","Jary, Alex","5","Williamson, Mrs L","5","45","128","66.00","'08898","24",,"Heeraat (IRE)","Many A Tale","Filly",,"0","All Weather","Handicap","Eighth","1","2640","1760","0","0","0","0","Newcastle","5",
"2024-02-26","20:30:00","Wolverhampton","Boost Your Acca With BetUK Handicap","1m4f ","12","Class 5","Standard","4920","7","Left Handed","1","Melek Alreeh (USA)","5","Morris, Luke","0","Simcock, D M","5","72","136","11.00","1545656","177",,"Lemon Drop Kid (USA)","Bargain Blitz (USA)","Gelding","D","0","All Weather","Handicap","Sixth","0","2640","2640","2640","1","0","0","Wolverhampton","4",
"2024-02-26","20:30:00","Wolverhampton","Boost Your Acca With BetUK Handicap","1m4f ","12","Class 5","Standard","4920","7","Left Handed","2","Sax Appeal","4","Young, Archie","7","Johnston, Charlie","2","74","136","8.50","71286","26",,"Saxon Warrior (JPN)","Isobel Archer","Gelding",,"0","All Weather","Handicap","Sixth","2","2640","2640","2420","0","0","1","Kempton","2",
"2024-02-26","20:30:00","Wolverhampton","Boost Your Acca With BetUK Handicap","1m4f ","12","Class 5","Standard","4920","7","Left Handed","3","Daheer (USA)","7","Marsh, Finley","0","Loughnane, Daniel Mark","1","72","136","6.00","2645897","14"," TT","Speightstown (USA)","Elraazy (USA)","Gelding","C","0","All Weather","Handicap","Seventh","3","2640","2750","2090","0","0","5","Wolverhampton","9",
"2024-02-26","20:30:00","Wolverhampton","Boost Your Acca With BetUK Handicap","1m4f ","12","Class 5","Standard","4920","7","Left Handed","4","Lawmaker","4","Murphy, Oisin","0","Bell, M L W","3","74","136","1.25","'0661","33",,"Mastercraftsman (IRE)","Zacchera","Gelding","D","0","All Weather","Handicap","First","1","2640","2640","2640","1","0","0","Kempton","1",
"2024-02-26","20:30:00","Wolverhampton","Boost Your Acca With BetUK Handicap","1m4f ","12","Class 5","Standard","4920","7","Left Handed","5","Pour Me A Drink","8","Keniry, L P","0","Best, Jim/Suzi","6","71","135","12.00","6097895","68",,"Nathaniel (IRE)","Euroceleb (IRE)","Gelding",,"0","All Weather","Handicap","Fifth","2","2640","3520","2200","0","0","2","Lingfield","3",
"2024-02-26","20:30:00","Wolverhampton","Boost Your Acca With BetUK Handicap","1m4f ","12","Class 5","Standard","4920","7","Left Handed","6","Victory March (IRE)","7","Swift, Mr Dale","0","Menzies, Rebecca","7","71","135","18.00","6534630","112",,"Zoffany (IRE)","Seatone (USA)","Gelding","CD","0","All Weather","Handicap","Tenth","0","2640","3740","3080","1","4","0","Wolverhampton","4",
"2024-02-26","20:30:00","Wolverhampton","Boost Your Acca With BetUK Handicap","1m4f ","12","Class 5","Standard","4920","7","Left Handed","7","Upepo (IRE)","4","Ryan, Rossa","0","Carroll, A W","4","68","130","2.50","'0014112","31",,"Roaring Lion (USA)","Kanes Pass (IRE)","Gelding","D","0","All Weather","Handicap","Second","4","2640","3080","2860","2","1","0","Wolverhampton","10",

