Date,RaceTime,Track,RaceName,Distance,Dist_Furlongs,Class,Going,PrizeMoney,Runners,Direction,CardNo,Horse,HorseAge,Jockey,JClaim,Trainer,Stall,OfficialRating,Weight_Pounds,Odds,Form,Days,Headgear,Stallion,Dam,HorseType,CD,numfences,
"2022-05-15","13:45:00","Naas","Coolmore Stud Calyx Race","5f ","5",,"Good","21239","4","Straight","1","The Antarctic (IRE)","2","Heffernan, J A","0","OBrien, A P","2","0","134","0.44","1","24",,"Dark Angel (IRE)","Anna Law (IRE)","Colt","D","0",
"2022-05-15","13:45:00","Naas","Coolmore Stud Calyx Race","5f ","5",,"Good","21239","4","Straight","2","Mehmar (IRE)","2","Roche, L F","0","OCallaghan, M D","4","0","131","6.50","none",,,"Mehmas (IRE)","Shes Different (IRE)","Colt",,"0",
"2022-05-15","13:45:00","Naas","Coolmore Stud Calyx Race","5f ","5",,"Good","21239","4","Straight","3","Wodao (FR)","2","Ryan, Gavin","0","Obrien, Donnacha","1","0","131","3.33","52","24",,"Showcasing","Dadao","Colt",,"0",
"2022-05-15","13:45:00","Naas","Coolmore Stud Calyx Race","5f ","5",,"Good","21239","4","Straight","4","Little Keilee (IRE)","2","Keane, C T","0","OConnell, Eamon","3","0","126","22.00","5","20",,"Sioux Nation (USA)","Bayan Kasirga (IRE)","Filly",,"0",
"2022-05-15","13:52:00","Stratford","Riverside Stratford Restaurant Open To All Maiden Hurdle (GBB Race)","2m6.5f ","22.5","Class 4","Good","4738","5","Left Handed","1","Armchair Farmer (IRE)","6","Brace, Connor","0","OBrien, Fergal","0","0","158","6.00","66","157"," TT","Brian Boru","Cobajay Lady (IRE)","Gelding",,"11",
"2022-05-15","13:52:00","Stratford","Riverside Stratford Restaurant Open To All Maiden Hurdle (GBB Race)","2m6.5f ","22.5","Class 4","Good","4738","5","Left Handed","2","Give Me A Cuddle (IRE)","6","Quinlan, Jack","0","King, N B","0","0","158","2.00","621","27",,"Court Cave (IRE)","Social Society (IRE)","Gelding",,"11",
"2022-05-15","13:52:00","Stratford","Riverside Stratford Restaurant Open To All Maiden Hurdle (GBB Race)","2m6.5f ","22.5","Class 4","Good","4738","5","Left Handed","3","Glengeever (IRE)","6","Dingle, Rex","0","Lund, B V","0","108","158","2.50","56322","28","CkPc","Scorpion (IRE)","Anns Island (IRE)","Gelding",,"11",
"2022-05-15","13:52:00","Stratford","Riverside Stratford Restaurant Open To All Maiden Hurdle (GBB Race)","2m6.5f ","22.5","Class 4","Good","4738","5","Left Handed","4","Hoochygoochyman","6","Ring, C V","3","Lampard, N M","0","0","158","300.00","500663","26",,"Gentlewave (IRE)","Goochypoochyprader","Gelding",,"11",
"2022-05-15","13:52:00","Stratford","Riverside Stratford Restaurant Open To All Maiden Hurdle (GBB Race)","2m6.5f ","22.5","Class 4","Good","4738","5","Left Handed","5","Royal Lake (IRE)","6","Burke, Jonathan","0","Sherwood, O","0","110","158","2.00","972","45",,"Fame And Glory","Gran Chis (IRE)","Gelding",,"11",
"2022-05-15","14:00:00","Killarney","Killarney Towers Hotel Maiden Hurdle","2m1f ","17",,"Good","5575","15","Left Handed","1","Tammany Hall (IRE)","4","McInerney, Donal J","0","OBrien, Joseph Patrick","0","0","161","50.00","2175400","205",,"No Nay Never (USA)","Anna David","Gelding",,"10",
"2022-05-15","14:00:00","Killarney","Killarney Towers Hotel Maiden Hurdle","2m1f ","17",,"Good","5575","15","Left Handed","2","Victory Heights (IRE)","4","Fenelon, S","7","Hanlon, John Joseph","0","0","161","66.00","2311570","323"," TT","Siyouni (FR)","Zibeling (IRE)","Gelding",,"10",
"2022-05-15","14:00:00","Killarney","Killarney Towers Hotel Maiden Hurdle","2m1f ","17",,"Good","5575","15","Left Handed","3","Vocito (IRE)","4","Meyler, D","0","Doyle, Eoin","0","110","161","12.00","6743535","34","CkPc","Vocalised (USA)","Astralai (IRE)","Gelding",,"10",
"2022-05-15","14:00:00","Killarney","Killarney Towers Hotel Maiden Hurdle","2m1f ","17",,"Good","5575","15","Left Handed","4","Igraine (IRE)","4","Slevin, J J","0","OBrien, Joseph Patrick","0","0","154","1.63","'0935222","8",,"Camelot","Sea Picture (IRE)","Filly",,"10",
"2022-05-15","14:00:00","Killarney","Killarney Towers Hotel Maiden Hurdle","2m1f ","17",,"Good","5575","15","Left Handed","5","But I Wont Do That (IRE)","4","Doyle, R A","0","Kelly, Muredach","0","0","153","150.00","99","13",,"Dragon Pulse (IRE)","Epistoliere (IRE)","Gelding",,"10",
"2022-05-15","14:00:00","Killarney","Killarney Towers Hotel Maiden Hurdle","2m1f ","17",,"Good","5575","15","Left Handed","6","Cedar Rapids (IRE)","4","Mulcahy, Shane","7","Hogan, Denis Gerard","0","0","153","33.00","5248260","53"," TT","Australia","Song Of My Heart (IRE)","Gelding",,"10",
"2022-05-15","14:00:00","Killarney","Killarney Towers Hotel Maiden Hurdle","2m1f ","17",,"Good","5575","15","Left Handed","7","Celine Man (IRE)","4",,"7","Fahey, Mark","0","0","153","0.00","'09","3",,"Milan","One Cool Dame (IRE)","Gelding",,"10",
"2022-05-15","14:00:00","Killarney","Killarney Towers Hotel Maiden Hurdle","2m1f ","17",,"Good","5575","15","Left Handed","8","Elle Dorado Rock (IRE)","4","Carberry, Peter","0","Martin, A J","0","0","153","100.00","'F","34",,"Fascinating Rock (IRE)","Elle Dorado","Gelding",,"10",
"2022-05-15","14:00:00","Killarney","Killarney Towers Hotel Maiden Hurdle","2m1f ","17",,"Good","5575","15","Left Handed","9","Ishan (FR)","4","Enright, P T","0","Curling, S","0","0","153","50.00","'06","3","Hood","Voiladenuo (FR)","Roziana (FR)","Gelding",,"10",
"2022-05-15","14:00:00","Killarney","Killarney Towers Hotel Maiden Hurdle","2m1f ","17",,"Good","5575","15","Left Handed","10","Luck Of The Irish (IRE)","4","Walsh, E","5","OSullivan, Eugene M","0","0","153","40.00","none",,,"Life Force (IRE)","Talk Of Saafend (IRE)","Gelding",,"10",
"2022-05-15","14:00:00","Killarney","Killarney Towers Hotel Maiden Hurdle","2m1f ","17",,"Good","5575","15","Left Handed","11","Mr Social (IRE)","4","McDonagh, Mark M","7","Griffin, Eoin","0","0","153","80.00","'009","24",,"Getaway (GER)","Present Strategy (IRE)","Gelding",,"10",
"2022-05-15","14:00:00","Killarney","Killarney Towers Hotel Maiden Hurdle","2m1f ","17",,"Good","5575","15","Left Handed","12","Open The Gate (IRE)","4","Sexton, K C","0","Fahey, Peter","0","0","153","16.00","none",,,"Vendangeur (IRE)","Easy Mate (IRE)","Gelding",,"10",
"2022-05-15","14:00:00","Killarney","Killarney Towers Hotel Maiden Hurdle","2m1f ","17",,"Good","5575","15","Left Handed","13","Putemunderpressure (IRE)","4","Walsh, M P","0","Bolger, E","0","0","153","11.00","none",,,"Getaway (GER)","No Kidding (IRE)","Gelding",,"10",
"2022-05-15","14:00:00","Killarney","Killarney Towers Hotel Maiden Hurdle","2m1f ","17",,"Good","5575","15","Left Handed","14","Rock Ya Boy Ya (IRE)","4","OHanlon, P J","5","Casey, Francis","0","0","153","2.00","566F764","45",,"Red Jazz (USA)","Fingal Rock (IRE)","Gelding",,"10",
"2022-05-15","14:00:00","Killarney","Killarney Towers Hotel Maiden Hurdle","2m1f ","17",,"Good","5575","15","Left Handed","15","Word Of Wisdom (IRE)","4","Canavan, Jordan J","7","OSullivan, Eugene M","0","0","153","100.00","none",,,"Watar (IRE)","Janets Pearl (IRE)","Gelding",,"10",
"2022-05-15","14:00:00","Killarney","Killarney Towers Hotel Maiden Hurdle","2m1f ","17",,"Good","5575","15","Left Handed","16","Wrecking Ball Paul (IRE)","4","Kennedy, J W","0","Elliott, Gordon","0","0","153","4.50","30","59",,"Jet Away","Virginia Rose (IRE)","Gelding",,"10",
"2022-05-15","14:00:00","Killarney","Killarney Towers Hotel Maiden Hurdle","2m1f ","17",,"Good","5575","15","Left Handed","17","College Causeway (IRE)","4",,"0","McConnell, John C","0","0","153","0.00","7","27",,"Pour Moi (IRE)","Still Small Voice","Gelding",,"10",
"2022-05-15","14:00:00","Killarney","Killarney Towers Hotel Maiden Hurdle","2m1f ","17",,"Good","5575","15","Left Handed","18","Must Meet Cecil (IRE)","4",,"0","Brown, Miss Katy","0","0","153","0.00","796","45",,"Mustameet (USA)","Jaya Bella (IRE)","Gelding",,"10",
"2022-05-15","14:00:00","Killarney","Killarney Towers Hotel Maiden Hurdle","2m1f ","17",,"Good","5575","15","Left Handed","19","Down The Road (IRE)","4",,"0","Martin, A J","0","0","146","0.00","6","38",,"Champs Elysees","Nerissa (IRE)","Filly",,"10",
"2022-05-15","14:10:00","Ripon","Calder Cabins Supporting Yorkshire Wooden Spoon Apprentice Handicap","5f ","5","Class 6","Good To Firm","3186","13","Straight","1","Lady Celia","5","Peate, Jonny","5","Fahey, R A","7","66","141","6.50","2225747","215",,"Mayson","Fairy Shoes","Mare","D","0",
"2022-05-15","14:10:00","Ripon","Calder Cabins Supporting Yorkshire Wooden Spoon Apprentice Handicap","5f ","5","Class 6","Good To Firm","3186","13","Straight","2","Latin Five (IRE)","5","Howarth, Christian","5","Midgley, P T","5","64","139","40.00","1588906","14","CkPc","Camacho","Penolva (IRE)","Gelding","D","0",
"2022-05-15","14:10:00","Ripon","Calder Cabins Supporting Yorkshire Wooden Spoon Apprentice Handicap","5f ","5","Class 6","Good To Firm","3186","13","Straight","3","Buniann (IRE)","6","McSweeney, O","3","Midgley, P T","13","63","138","11.00","8388979","8","Vsor","Tamayuz","Darajaat (USA)","Gelding","D","0",
"2022-05-15","14:10:00","Ripon","Calder Cabins Supporting Yorkshire Wooden Spoon Apprentice Handicap","5f ","5","Class 6","Good To Firm","3186","13","Straight","4","High Security","4","Jary, Alex","7","Tinkler, N","9","63","138","3.33","3010423","5",,"Acclamation","Excelette (IRE)","Gelding","D","0",
"2022-05-15","14:10:00","Ripon","Calder Cabins Supporting Yorkshire Wooden Spoon Apprentice Handicap","5f ","5","Class 6","Good To Firm","3186","13","Straight","5","Birkenhead","5","Sexton, Ryan","5","Midgley, P T","12","60","135","10.00","'0100206","18","CkPc","Captain Gerrard (IRE)","Vilnius","Gelding","D","0",
"2022-05-15","14:10:00","Ripon","Calder Cabins Supporting Yorkshire Wooden Spoon Apprentice Handicap","5f ","5","Class 6","Good To Firm","3186","13","Straight","6","Spanish Angel (IRE)","5","McManoman, Faye","0","Carr, Mrs R A","3","59","134","7.00","'0056733","19",,"Gutaifan (IRE)","City Dazzler (IRE)","Gelding","D","0",
"2022-05-15","14:10:00","Ripon","Calder Cabins Supporting Yorkshire Wooden Spoon Apprentice Handicap","5f ","5","Class 6","Good To Firm","3186","13","Straight","7","Sunset Glow (IRE)","4","Stammers, Oliver","0","Tuer, Grant","11","58","133","16.00","740","421",,"Pride Of Dubai (AUS)","Golden Shine","Gelding",,"0",
"2022-05-15","14:10:00","Ripon","Calder Cabins Supporting Yorkshire Wooden Spoon Apprentice Handicap","5f ","5","Class 6","Good To Firm","3186","13","Straight","8","Young Tiger","9","Garritty, Billy","0","Tate, T P","6","56","131","25.00","5998485","12","Hood","Captain Gerrard (IRE)","Blades Princess","Gelding","D","0",
"2022-05-15","14:10:00","Ripon","Calder Cabins Supporting Yorkshire Wooden Spoon Apprentice Handicap","5f ","5","Class 6","Good To Firm","3186","13","Straight","9","Brazen Belle","4","Muir, Paula","0","Teague, C J","10","55","130","40.00","3185770","8",,"Brazen Beau (AUS)","Pepper Lane","Filly","D","0",
"2022-05-15","14:10:00","Ripon","Calder Cabins Supporting Yorkshire Wooden Spoon Apprentice Handicap","5f ","5","Class 6","Good To Firm","3186","13","Straight","10","Gullane One (IRE)","7","Wilkie, Brandon","7","Easterby, T D","2","55","130","8.00","2935674","9","CkPc TT","Dream Ahead (USA)","Shamsalmaidan (IRE)","Gelding","C","0",
"2022-05-15","14:10:00","Ripon","Calder Cabins Supporting Yorkshire Wooden Spoon Apprentice Handicap","5f ","5","Class 6","Good To Firm","3186","13","Straight","11","Refuge","5","Planas, Connor","7","Easterby, M W","4","54","129","5.50","2786604","21"," TT","Harbour Watch (IRE)","Beldale Memory (IRE)","Gelding","D","0",
"2022-05-15","14:10:00","Ripon","Calder Cabins Supporting Yorkshire Wooden Spoon Apprentice Handicap","5f ","5","Class 6","Good To Firm","3186","13","Straight","12","Qaaraat","7","Russell, Harry","0","Brittain, Antony","8","50","125","12.00","3744425","6","Vsor","Acclamation","Ladyship","Gelding","D","0",
"2022-05-15","14:10:00","Ripon","Calder Cabins Supporting Yorkshire Wooden Spoon Apprentice Handicap","5f ","5","Class 6","Good To Firm","3186","13","Straight","13","Cuppacoco","7","Osborne, Saffie","0","Duffield, Mrs A","1","48","123","18.00","'0027377","6","Blnk","Stimulation (IRE)","Glen Molly (IRE)","Mare","D","0",
"2022-05-15","14:15:00","Naas","Sole Power Sprint Stakes (Listed)","5f ","5","Listed Race","Good","26549","7","Straight","1","Logo Hunter (IRE)","4","Heffernan, J A","0","Browne, Michael J","3","111","138","3.00","2121157","42"," TT","Brazen Beau (AUS)","Jadanna (IRE)","Gelding","CD","0",
"2022-05-15","14:15:00","Naas","Sole Power Sprint Stakes (Listed)","5f ","5","Listed Race","Good","26549","7","Straight","2","Majestic Colt (IRE)","7","Doyle, Joe","0","Hogan, Denis Gerard","6","107","138","22.00","'0","9","CkPc","Clodovil (IRE)","Majestic Dubawi","Colt",,"0",
"2022-05-15","14:15:00","Naas","Sole Power Sprint Stakes (Listed)","5f ","5","Listed Race","Good","26549","7","Straight","3","Make A Challenge (IRE)","7",,"0","Hogan, Denis Gerard","4","106","135","0.00","4347284","302","CkPc","Invincible Spirit (IRE)","Crinoline (USA)","Gelding","CD","0",
"2022-05-15","14:15:00","Naas","Sole Power Sprint Stakes (Listed)","5f ","5","Listed Race","Good","26549","7","Straight","4","Quarantine Dreams (IRE)","4","Lee, W J","0","Condon, K J","7","101","135","10.00","'015355","20"," TT","Make Believe","Chiarezza (AUS)","Gelding","D","0",
"2022-05-15","14:15:00","Naas","Sole Power Sprint Stakes (Listed)","5f ","5","Listed Race","Good","26549","7","Straight","5","Chocquinto (IRE)","5","Slattery, A J","0","McLoughlin, Hilary","1","72","130","80.00","7034680","213",,"Requinto (IRE)","Sara Hammock (IRE)","Mare","D","0",
"2022-05-15","14:15:00","Naas","Sole Power Sprint Stakes (Listed)","5f ","5","Listed Race","Good","26549","7","Straight","6","Measure Of Magic (IRE)","4","Coen, Ben M","0","Murtagh, J P","2","102","130","3.33","1137935","42",,"Kodi Bear (IRE)","Lilly Be (IRE)","Filly","D","0",
"2022-05-15","14:15:00","Naas","Sole Power Sprint Stakes (Listed)","5f ","5","Listed Race","Good","26549","7","Straight","7","Geocentric (IRE)","3","Keane, C T","0","Lyons, G M","8","104","124","1.38","212312","20",,"Kodiac","Rajmahal (UAE)","Filly","D","0",
"2022-05-15","14:15:00","Naas","Sole Power Sprint Stakes (Listed)","5f ","5","Listed Race","Good","26549","7","Straight","8","Brostaigh (IRE)","3","McMonagle, Dylan B","0","OBrien, Joseph Patrick","5","93","121","9.00","3277214","9",,"Footstepsinthesand","Coachella","Filly",,"0",
"2022-05-15","14:22:00","Stratford","Hot Stones Restaurant At Riverside Mares Handicap Chase","2m3f ","19","Class 4","Good","4084","6","Left Handed","1","Admirals Sunset","9","Davies, James","0","Weston, D J","0","105","168","16.00","3211547","163"," TT","Mount Nelson","Early Evening","Mare","C","14",
"2022-05-15","14:22:00","Stratford","Hot Stones Restaurant At Riverside Mares Handicap Chase","2m3f ","19","Class 4","Good","4084","6","Left Handed","2","Howdilyoudo (IRE)","7","Sheehan, Gavin","0","Snowden, Jamie","0","103","166","2.75","6131223","38"," TT","Presenting","Little Dil (IRE)","Mare",,"14",
"2022-05-15","14:22:00","Stratford","Hot Stones Restaurant At Riverside Mares Handicap Chase","2m3f ","19","Class 4","Good","4084","6","Left Handed","3","Rose Ohara","6","Fuller, Page","0","Snowden, Jamie","0","94","157","5.50","3069442","26"," TT","Kayf Tara","Cinderella Rose","Mare",,"14",
"2022-05-15","14:22:00","Stratford","Hot Stones Restaurant At Riverside Mares Handicap Chase","2m3f ","19","Class 4","Good","4084","6","Left Handed","4","Achy Breaky Heart (IRE)","8","Bastyan, Mitchell S","0","Harris, M F","0","88","151","2.50","4221147","10"," TT","Milan","Hazy Outlook (IRE)","Mare",,"14",
"2022-05-15","14:22:00","Stratford","Hot Stones Restaurant At Riverside Mares Handicap Chase","2m3f ","19","Class 4","Good","4084","6","Left Handed","5","Daenerys Stormborn (IRE)","9","Noonan, David G","0","Oliver, Henry","0","83","146","7.50","7503P38","25"," TT","September Storm (GER)","Ceo Draiochta (IRE)","Mare",,"14",
"2022-05-15","14:22:00","Stratford","Hot Stones Restaurant At Riverside Mares Handicap Chase","2m3f ","19","Class 4","Good","4084","6","Left Handed","6","Princess Midnight","8","Twiston-Davies, Sam","0","Tizzard, Joe","0","79","142","3.50","9610043","26"," TT","Midnight Legend","Setters Princess","Mare",,"14",
"2022-05-15","14:30:00","Killarney","Seamus Weldon John Deere Maiden Hurdle","2m1f ","17",,"Good","5575","16","Left Handed","1","Anyonecanhaveitall","6","Holden, Daniel P","7","Doyle, Eoin","0","0","166","66.00","6841310","57",,"Nathaniel (IRE)","Floriade (IRE)","Gelding",,"10",
"2022-05-15","14:30:00","Killarney","Seamus Weldon John Deere Maiden Hurdle","2m1f ","17",,"Good","5575","16","Left Handed","2","Elusive Rain (IRE)","5","Enright, P T","0","Byrnes, C","0","0","166","14.00","100","272",,"Elusive Pimpernel (USA)","Rainbowskia (FR)","Gelding",,"10",
"2022-05-15","14:30:00","Killarney","Seamus Weldon John Deere Maiden Hurdle","2m1f ","17",,"Good","5575","16","Left Handed","3","Ivaquestion (IRE)","5","Treacy, R P","0","McNamara, E","0","0","166","25.00","9324680","28",,"Ivawood (IRE)","Parlour","Gelding",,"10",
"2022-05-15","14:30:00","Killarney","Seamus Weldon John Deere Maiden Hurdle","2m1f ","17",,"Good","5575","16","Left Handed","4","Moulane West (IRE)","6","Fitzgerald, S","5","Foley, Richard Anthony","0","111","166","7.00","61835F3","28",,"Jet Away","Celtic Blaze (IRE)","Gelding","CD","10",
"2022-05-15","14:30:00","Killarney","Seamus Weldon John Deere Maiden Hurdle","2m1f ","17",,"Good","5575","16","Left Handed","5","The Banger Doyle (IRE)","6","Foley, J B","5","Queally, John","0","0","166","14.00","2210440","59","Hood","Windsor Knot (IRE)","Knockcroghery (IRE)","Gelding",,"10",
"2022-05-15","14:30:00","Killarney","Seamus Weldon John Deere Maiden Hurdle","2m1f ","17",,"Good","5575","16","Left Handed","6","Western Australia (IRE)","6","Doyle, R A","0","Halley, John","0","0","166","28.00","2510788","925"," TT","Australia","What A Treasure (IRE)","Gelding",,"10",
"2022-05-15","14:30:00","Killarney","Seamus Weldon John Deere Maiden Hurdle","2m1f ","17",,"Good","5575","16","Left Handed","7","Babylon Beach (IRE)","7","McCurtin, Ambrose","3","Hartnett, Debbie","0","102","158","40.00","4238459","28",,"Le Fou (IRE)","Dranamol (IRE)","Gelding",,"10",
"2022-05-15","14:30:00","Killarney","Seamus Weldon John Deere Maiden Hurdle","2m1f ","17",,"Good","5575","16","Left Handed","8","Itsabeautifulnoise (IRE)","5","OKeeffe, Darragh","0","Gibney, Thomas","0","0","158","16.00","'0","70",,"Califet (FR)","Zihuatanejo Breeze (IRE)","Gelding",,"10",
"2022-05-15","14:30:00","Killarney","Seamus Weldon John Deere Maiden Hurdle","2m1f ","17",,"Good","5575","16","Left Handed","9","Little Big Rocky (IRE)","7","McNamara, Conor","0","Downey, P","0","0","158","40.00","'027P7","28",,"Califet (FR)","Rock High Lady (IRE)","Gelding",,"10",
"2022-05-15","14:30:00","Killarney","Seamus Weldon John Deere Maiden Hurdle","2m1f ","17",,"Good","5575","16","Left Handed","10","Marvel De Cerisy (FR)","5","Blackmore, Rachael","0","Bromhead, Henry De","0","0","158","0.67","3P52","92"," TT","Masked Marvel","Midalisy (FR)","Gelding",,"10",
"2022-05-15","14:30:00","Killarney","Seamus Weldon John Deere Maiden Hurdle","2m1f ","17",,"Good","5575","16","Left Handed","11","Milan Echo (IRE)","6","Power, I J","0","Halley, Vincent Laurence","0","0","158","125.00","none",," TT","Milan","Sailon Silvergirl (IRE)","Gelding",,"10",
"2022-05-15","14:30:00","Killarney","Seamus Weldon John Deere Maiden Hurdle","2m1f ","17",,"Good","5575","16","Left Handed","12","Mizuma (IRE)","7","Mullins, D E","0","Halley, Vincent Laurence","0","0","158","40.00","'00","387"," TT","Milan","Cercle Des Amis (FR)","Gelding",,"10",
"2022-05-15","14:30:00","Killarney","Seamus Weldon John Deere Maiden Hurdle","2m1f ","17",,"Good","5575","16","Left Handed","13","Mr Brogue (IRE)","6","Slevin, J J","0","Braddish, S","0","0","158","200.00","'09P","8",,"Dylan Thomas (IRE)","Knocknabrogue (IRE)","Gelding",,"10",
"2022-05-15","14:30:00","Killarney","Seamus Weldon John Deere Maiden Hurdle","2m1f ","17",,"Good","5575","16","Left Handed","14","Olord (IRE)","6","Deegan, R","0","McCarthy, Eoin Christopher","0","0","158","33.00","5436","202",,"Imperial Monarch (IRE)","Looking Down","Gelding",,"10",
"2022-05-15","14:30:00","Killarney","Seamus Weldon John Deere Maiden Hurdle","2m1f ","17",,"Good","5575","16","Left Handed","15","Roaring Potter (FR)","5","Kennedy, J W","0","Elliott, Gordon","0","0","158","4.00","284","106",,"Martaline","Kiva De La Vallee (FR)","Gelding",,"10",
"2022-05-15","14:30:00","Killarney","Seamus Weldon John Deere Maiden Hurdle","2m1f ","17",,"Good","5575","16","Left Handed","16","Simpatico (IRE)","6",,"0","Murphy, C A","0","0","158","0.00","33","31",,"Sageburg (IRE)","Little Luv (IRE)","Gelding",,"10",
"2022-05-15","14:30:00","Killarney","Seamus Weldon John Deere Maiden Hurdle","2m1f ","17",,"Good","5575","16","Left Handed","17","Good Girl Robin (IRE)","5","Hayes, Brian","0","OShea, Miss Denise Marie","0","0","151","80.00","none",," TT","Robin Des Champs (FR)","Gentle Memory (IRE)","Mare",,"10",
"2022-05-15","14:30:00","Killarney","Seamus Weldon John Deere Maiden Hurdle","2m1f ","17",,"Good","5575","16","Left Handed","18","Kushkame (IRE)","5",,"0","Murphy, B T","0","0","158","0.00","26839","513"," TT","Sidestep (AUS)","Pearls Of Wisdom","Gelding",,"10",
"2022-05-15","14:30:00","Killarney","Seamus Weldon John Deere Maiden Hurdle","2m1f ","17",,"Good","5575","16","Left Handed","19","Verini (FR)","5",,"0","Doyle, Miss Elizabeth","0","0","158","0.00","5","457",,"Mastercraftsman (IRE)","Verriya (FR)","Gelding",,"10",
"2022-05-15","14:40:00","Ripon","Hammond Associates Celebrates Yorkshire Spoons 30 Years Novice Stakes (GBB Race)","6f ","6","Class 4","Good To Firm","5400","10","Straight","1","Common Acclaim (IRE)","2","Allan, David","0","Easterby, T D","1","0","133","14.00","none",,,"Acclamation","Casual Remark (IRE)","Colt",,"0",
"2022-05-15","14:40:00","Ripon","Hammond Associates Celebrates Yorkshire Spoons 30 Years Novice Stakes (GBB Race)","6f ","6","Class 4","Good To Firm","5400","10","Straight","2","Dukono","2","Hanagan, Paul","0","Fahey, R A","10","0","133","8.50","5","15",,"Expert Eye","Deep Dream","Colt",,"0",
"2022-05-15","14:40:00","Ripon","Hammond Associates Celebrates Yorkshire Spoons 30 Years Novice Stakes (GBB Race)","6f ","6","Class 4","Good To Firm","5400","10","Straight","3","Gulmarg (IRE)","2","Egan, David","0","Woods, S P C","3","0","133","2.25","2","18",,"Dandy Man (IRE)","Baileys Pursuit","Colt",,"0",
"2022-05-15","14:40:00","Ripon","Hammond Associates Celebrates Yorkshire Spoons 30 Years Novice Stakes (GBB Race)","6f ","6","Class 4","Good To Firm","5400","10","Straight","4","Lakota Blue","2","McManoman, Faye","3","Tinkler, N","9","0","133","28.00","none",,,"Sioux Nation (USA)","Thiel","Colt",,"0",
"2022-05-15","14:40:00","Ripon","Hammond Associates Celebrates Yorkshire Spoons 30 Years Novice Stakes (GBB Race)","6f ","6","Class 4","Good To Firm","5400","10","Straight","5","Leading Company (IRE)","2","Hart, Jason","0","Quinn, J J","5","0","133","66.00","6","22",,"Fast Company (IRE)","Leading Actress (IRE)","Gelding",,"0",
"2022-05-15","14:40:00","Ripon","Hammond Associates Celebrates Yorkshire Spoons 30 Years Novice Stakes (GBB Race)","6f ","6","Class 4","Good To Firm","5400","10","Straight","6","Prince Nabeel (IRE)","2","Lee, Clifford","0","Burke, K R","8","0","133","14.00","none",,,"Smooth Daddy (USA)","Luminance (IRE)","Colt",,"0",
"2022-05-15","14:40:00","Ripon","Hammond Associates Celebrates Yorkshire Spoons 30 Years Novice Stakes (GBB Race)","6f ","6","Class 4","Good To Firm","5400","10","Straight","7","Royal Mariner (IRE)","2","Tudhope, Daniel","0","Tate, James","7","0","133","18.00","5","31",,"No Nay Never (USA)","Learza (IRE)","Colt",,"0",
"2022-05-15","14:40:00","Ripon","Hammond Associates Celebrates Yorkshire Spoons 30 Years Novice Stakes (GBB Race)","6f ","6","Class 4","Good To Firm","5400","10","Straight","8","Shouldvebeenaring","2","Fanning, Joe","0","Hannon (Jnr), Richard","4","0","133","2.75","4","16",,"Havana Grey","Lady Estella (IRE)","Colt",,"0",
"2022-05-15","14:40:00","Ripon","Hammond Associates Celebrates Yorkshire Spoons 30 Years Novice Stakes (GBB Race)","6f ","6","Class 4","Good To Firm","5400","10","Straight","9","Latifolia (IRE)","2","Coakley, Ross","0","Crisford, Simon","2","0","128","22.00","none",," TT","Camacho","Lavande (FR)","Filly",,"0",
"2022-05-15","14:40:00","Ripon","Hammond Associates Celebrates Yorkshire Spoons 30 Years Novice Stakes (GBB Race)","6f ","6","Class 4","Good To Firm","5400","10","Straight","10","Ti Amo Sempre (IRE)","2","Ryan, Rossa","0","Haynes, Alice","6","0","128","3.50","none",,,"Galileo Gold","Best Steps (IRE)","Filly",,"0",
"2022-05-15","14:45:00","Naas","Coolmore Stud Irish EBF Fillies Sprint Stakes (Group 3)","6f ","6","Group 3","Good","36106","7","Straight","1","Comanche Country (IRE)","2","Maxwell, C D","0","Kinsella, J A","4","0","128","22.00","2","20",,"Highland Reel (IRE)","Honey Hunter (IRE)","Filly",,"0",
"2022-05-15","14:45:00","Naas","Coolmore Stud Irish EBF Fillies Sprint Stakes (Group 3)","6f ","6","Group 3","Good","36106","7","Straight","2","Comhra (IRE)","2","Manning, K J","0","Bolger, J S","3","0","128","4.50","21","6",,"Vocalised (USA)","Gold Mirage (IRE)","Filly",,"0",
"2022-05-15","14:45:00","Naas","Coolmore Stud Irish EBF Fillies Sprint Stakes (Group 3)","6f ","6","Group 3","Good","36106","7","Straight","3","Its Showtime Baby","2","Foley, Shane","0","Harrington, Mrs John","2","0","128","12.00","1","44",,"Showcasing","Minoria","Filly",,"0",
"2022-05-15","14:45:00","Naas","Coolmore Stud Irish EBF Fillies Sprint Stakes (Group 3)","6f ","6","Group 3","Good","36106","7","Straight","4","La Dolce Vita (IRE)","2","Ryan, Gavin","0","Obrien, Donnacha","5","0","128","12.00","3","20",,"Caravaggio (USA)","Ask Me Nicely (IRE)","Filly",,"0",
"2022-05-15","14:45:00","Naas","Coolmore Stud Irish EBF Fillies Sprint Stakes (Group 3)","6f ","6","Group 3","Good","36106","7","Straight","5","Matilda Picotte (IRE)","2","McDonogh, D P","0","Cotter, Kieran P","1","0","128","1.63","1","13","CkPc","Sioux Nation (USA)","Hallies Comet (IRE)","Filly","D","0",
"2022-05-15","14:45:00","Naas","Coolmore Stud Irish EBF Fillies Sprint Stakes (Group 3)","6f ","6","Group 3","Good","36106","7","Straight","6","Meditate (IRE)","2","Lordan, W M","0","OBrien, A P","7","0","128","2.25","1","35",,"No Nay Never (USA)","Pembina (IRE)","Filly",,"0",
"2022-05-15","14:45:00","Naas","Coolmore Stud Irish EBF Fillies Sprint Stakes (Group 3)","6f ","6","Group 3","Good","36106","7","Straight","7","Treasure Trove (IRE)","2","Lee, W J","0","Twomey, P","6","0","128","9.00","33","13",,"Siyouni (FR)","Pichola Dance (IRE)","Filly",,"0",
"2022-05-15","14:52:00","Stratford","Allen Vs Ford Novices Selling Hurdle","2m.5f ","16.5","Class 4","Good","4738","14","Left Handed","1","Absolute Altitude","5","Kennedy, W T","0","Davies, Miss Sarah-Jayne","0","0","156","50.00","7080058","525",,"Cacique (IRE)","Nougaboo (USA)","Gelding",,"8",
"2022-05-15","14:52:00","Stratford","Allen Vs Ford Novices Selling Hurdle","2m.5f ","16.5","Class 4","Good","4738","14","Left Handed","2","Canal Rocks","6","Price, Charlie","3","Llewellyn, B J","0","74","156","22.00","90U6398","29","CkPc TT","Aussie Rules (USA)","In Secret","Gelding",,"8",
"2022-05-15","14:52:00","Stratford","Allen Vs Ford Novices Selling Hurdle","2m.5f ","16.5","Class 4","Good","4738","14","Left Handed","3","Full Aux Rois (FR)","7","Scudamore, Tom","0","Mulholland, N P","0","90","156","4.50","335P609","11",,"Diamond Boy (FR)","Jouable (FR)","Gelding",,"8",
"2022-05-15","14:52:00","Stratford","Allen Vs Ford Novices Selling Hurdle","2m.5f ","16.5","Class 4","Good","4738","14","Left Handed","4","Gealach Ghorm (IRE)","8","Ward, Christopher","5","Hollinshead, Sarah","0","0","156","33.00","'0535505","1342","Hood","Finsceal Fior (IRE)","Saintly Wish (USA)","Gelding",,"8",
"2022-05-15","14:52:00","Stratford","Allen Vs Ford Novices Selling Hurdle","2m.5f ","16.5","Class 4","Good","4738","14","Left Handed","5","Janus (IRE)","7","Reed, Harry","0","Harris, M F","0","97","156","2.00","4435544","512","CkPc","Rock Of Gibraltar (IRE)","Jardina (GER)","Gelding",,"8",
"2022-05-15","14:52:00","Stratford","Allen Vs Ford Novices Selling Hurdle","2m.5f ","16.5","Class 4","Good","4738","14","Left Handed","6","Overtougeorge","8","Armson, Philip","5","Pogson, Charles and Adam","0","68","156","28.00","806P865","69",,"Overbury (IRE)","Captivating Tyna (IRE)","Gelding",,"8",
"2022-05-15","14:52:00","Stratford","Allen Vs Ford Novices Selling Hurdle","2m.5f ","16.5","Class 4","Good","4738","14","Left Handed","7","Sukat (IRE)","5","Obrien, P V","0","Bridgwater, D G","0","68","156","66.00","80PP0","40",,"War Command (USA)","Precious Gem (IRE)","Gelding",,"8",
"2022-05-15","14:52:00","Stratford","Allen Vs Ford Novices Selling Hurdle","2m.5f ","16.5","Class 4","Good","4738","14","Left Handed","8","Appreciate (IRE)","4","Bastyan, Mitchell S","0","Harris, M F","0","86","150","10.00","6608778","21"," TT","Australia","Became (USA)","Gelding",,"8",
"2022-05-15","14:52:00","Stratford","Allen Vs Ford Novices Selling Hurdle","2m.5f ","16.5","Class 4","Good","4738","14","Left Handed","9","Royal Advice (IRE)","4","Worsley, Tabitha","3","Hanmer, G D","0","0","150","8.50","2880089","16","CkPc","Anjaal","Tamara Love (IRE)","Gelding",,"8",
"2022-05-15","14:52:00","Stratford","Allen Vs Ford Novices Selling Hurdle","2m.5f ","16.5","Class 4","Good","4738","14","Left Handed","10","Shielded (IRE)","4","Noonan, David G","0","Hawke, N J","0","79","150","33.00","20P0004","16","Blnk","Buratino (IRE)","Shambolique","Gelding",,"8",
"2022-05-15","14:52:00","Stratford","Allen Vs Ford Novices Selling Hurdle","2m.5f ","16.5","Class 4","Good","4738","14","Left Handed","11","Thesethingshappen","4","Harrison, Liam","3","OBrien, Fergal","0","0","150","18.00","889","272",,"Siyouni (FR)","National Day (IRE)","Gelding",,"8",
"2022-05-15","14:52:00","Stratford","Allen Vs Ford Novices Selling Hurdle","2m.5f ","16.5","Class 4","Good","4738","14","Left Handed","12","Top Brass","4","Bannister, Harry A A","0","Greatrex, W J","0","0","150","4.00","5724P45","51","CkPc","Gleneagles (IRE)","California (IRE)","Gelding",,"8",
"2022-05-15","14:52:00","Stratford","Allen Vs Ford Novices Selling Hurdle","2m.5f ","16.5","Class 4","Good","4738","14","Left Handed","13","Donya (IRE)","4","Stones, Lewis","5","Williams, Ian","0","0","143","9.00","1297675","18","CkPc TT","Dawn Approach (IRE)","Ibiza Dream","Filly",,"8",
"2022-05-15","14:52:00","Stratford","Allen Vs Ford Novices Selling Hurdle","2m.5f ","16.5","Class 4","Good","4738","14","Left Handed","14","Sunline","4","Goldstein, Marc","0","West, Miss Sheena","0","0","143","50.00","'0777096","28",,"Cityscape","Symboline","Filly",,"8",
"2022-05-15","15:00:00","Killarney","Easyclean Tourist Attraction Mares Hurdle (Listed)","2m1f ","17","Listed Race","Good","13805","11","Left Handed","1","Lunar Display (IRE)","6","Slevin, J J","0","OBrien, Joseph Patrick","0","128","161","10.00","2136275","19",,"Getaway (GER)","Lunar Beauty (IRE)","Mare",,"10",
"2022-05-15","15:00:00","Killarney","Easyclean Tourist Attraction Mares Hurdle (Listed)","2m1f ","17","Listed Race","Good","13805","11","Left Handed","2","Ally Cay (IRE)","6","Hayes, Brian","0","McConnell, John C","0","121","158","66.00","'0121287","161",,"Alhebayeb (IRE)","Terme Cay (USA)","Mare",,"10",
"2022-05-15","15:00:00","Killarney","Easyclean Tourist Attraction Mares Hurdle (Listed)","2m1f ","17","Listed Race","Good","13805","11","Left Handed","3","Santa Rossa (IRE)","8","Donoghue, K M","0","McLoughlin, D A","0","134","158","1.25","1353112","27",,"Jeremy (USA)","Panther Moon (IRE)","Mare",,"10",
"2022-05-15","15:00:00","Killarney","Easyclean Tourist Attraction Mares Hurdle (Listed)","2m1f ","17","Listed Race","Good","13805","11","Left Handed","4","Whosgotyanow (IRE)","6","Quirke, Mr C M","0","Slattery, Andrew","0","119","158","40.00","4011648","18",,"Getaway (GER)","Park Athlete (IRE)","Mare",,"10",
"2022-05-15","15:00:00","Killarney","Easyclean Tourist Attraction Mares Hurdle (Listed)","2m1f ","17","Listed Race","Good","13805","11","Left Handed","5","Anna Bunina (FR)","6","Torrens, Simon","0","McConnell, John C","0","133","154","2.75","8254315","8"," TT","Poets Voice","Russian Society","Mare",,"10",
"2022-05-15","15:00:00","Killarney","Easyclean Tourist Attraction Mares Hurdle (Listed)","2m1f ","17","Listed Race","Good","13805","11","Left Handed","6","Copper Nation (IRE)","5","Allen, Mr D","0","Coffey, Donal","0","0","154","10.00","4138251","28",,"Westerner","Copper Destiny (IRE)","Mare",,"10",
"2022-05-15","15:00:00","Killarney","Easyclean Tourist Attraction Mares Hurdle (Listed)","2m1f ","17","Listed Race","Good","13805","11","Left Handed","7","Elegant Lass (IRE)","7","OKeeffe, Darragh","0","Gibney, Thomas","0","117","154","33.00","'013342U","19"," TT","Dandy Man (IRE)","Tralanza (IRE)","Mare",,"10",
"2022-05-15","15:00:00","Killarney","Easyclean Tourist Attraction Mares Hurdle (Listed)","2m1f ","17","Listed Race","Good","13805","11","Left Handed","8","Elite Des Mottes (FR)","8","Deegan, R","0","McCarthy, Eoin Christopher","0","105","154","40.00","6329131","180",,"Network (GER)","Qasino Des Mottes (FR)","Mare","CD","10",
"2022-05-15","15:00:00","Killarney","Easyclean Tourist Attraction Mares Hurdle (Listed)","2m1f ","17","Listed Race","Good","13805","11","Left Handed","9","Getaway Queen (IRE)","8",,"0","Budds, David Kenneth","0","104","154","0.00","2601630","33"," TT","Getaway (GER)","Queen Of Dubai (IRE)","Mare",,"10",
"2022-05-15","15:00:00","Killarney","Easyclean Tourist Attraction Mares Hurdle (Listed)","2m1f ","17","Listed Race","Good","13805","11","Left Handed","10","Heia (FR)","5","Townend, P","0","Mullins, W P","0","127","154","3.00","41030","15",,"No Risk At All (FR)","Ulla De Montot (FR)","Mare",,"10",
"2022-05-15","15:00:00","Killarney","Easyclean Tourist Attraction Mares Hurdle (Listed)","2m1f ","17","Listed Race","Good","13805","11","Left Handed","11","Hidden Land (USA)","5","Dempsey, Luke","0","Kinirons, A","0","117","154","25.00","'0217001","9",,"Hard Spun (USA)","Absolute Crackers (IRE)","Mare",,"10",
"2022-05-15","15:00:00","Killarney","Easyclean Tourist Attraction Mares Hurdle (Listed)","2m1f ","17","Listed Race","Good","13805","11","Left Handed","12","Quarry Lil (IRE)","8","Enright, P T","0","OFlynn, Paul","0","106","154","80.00","1588P34","31",,"Jeremy (USA)","Quarryvale (IRE)","Mare","CD","10",
"2022-05-15","15:10:00","Ripon","GoodbyeFlys Ripon Racecourse Stable Staff Championships Handicap","1m2f ","10","Class 4","Good To Firm","6156","7","Right Handed","1","Adjuvant (IRE)","3","Egan, David","0","Bell, M L W","2","85","135","4.50","11693","23",,"New Bay","Levanto (IRE)","Gelding",,"0",
"2022-05-15","15:10:00","Ripon","GoodbyeFlys Ripon Racecourse Stable Staff Championships Handicap","1m2f ","10","Class 4","Good To Firm","6156","7","Right Handed","2","Haunted Dream (IRE)","3","Muscutt, D","0","Dunlop, E A L","4","85","135","1.25","6512112","3",,"Oasis Dream","Red Halo (IRE)","Gelding","D","0",
"2022-05-15","15:10:00","Ripon","GoodbyeFlys Ripon Racecourse Stable Staff Championships Handicap","1m2f ","10","Class 4","Good To Firm","6156","7","Right Handed","3","Taj Alola (IRE)","3","Lee, Clifford","0","Burke, K R","6","84","134","18.00","141226","47","CkPc","El Kabeir (USA)","Girl Ranger (IRE)","Gelding",,"0",
"2022-05-15","15:10:00","Ripon","GoodbyeFlys Ripon Racecourse Stable Staff Championships Handicap","1m2f ","10","Class 4","Good To Firm","6156","7","Right Handed","4","Franz","3","Stott, Kevin","0","Ryan, K A","5","82","132","2.50","12","41",,"Almanzor (FR)","Gemstone (IRE)","Colt",,"0",
"2022-05-15","15:10:00","Ripon","GoodbyeFlys Ripon Racecourse Stable Staff Championships Handicap","1m2f ","10","Class 4","Good To Firm","6156","7","Right Handed","5","Rollajam (IRE)","3","Tudhope, Daniel","0","OKeeffe, Jedd","3","76","126","9.00","5473243","17",,"Belardo (IRE)","Papaya (IRE)","Gelding",,"0",
"2022-05-15","15:10:00","Ripon","GoodbyeFlys Ripon Racecourse Stable Staff Championships Handicap","1m2f ","10","Class 4","Good To Firm","6156","7","Right Handed","6","Boulivar (IRE)","3","Burns, Harry","5","Woods, S P C","7","75","125","20.00","153","18",,"Tagula (IRE)","Concra Girl (IRE)","Gelding",,"0",
"2022-05-15","15:10:00","Ripon","GoodbyeFlys Ripon Racecourse Stable Staff Championships Handicap","1m2f ","10","Class 4","Good To Firm","6156","7","Right Handed","7","Flippin Eck (IRE)","3","Fentiman, Duran","0","Easterby, T D","1","70","120","40.00","83165","31","CkPc","Gleneagles (IRE)","Sweet Serendipity","Gelding",,"0",
"2022-05-15","15:15:00","Naas","Owenstown Stud Stakes (Listed)","7f ","7","Listed Race","Good","21239","6","Left Handed","1","Bopedro (FR)","6","Foley, Shane","0","Harrington, Mrs John","3","107","137","2.50","1030136","229","Vsor","Pedro The Great (USA)","Breizh Touch (FR)","Gelding","D","0",
"2022-05-15","15:15:00","Naas","Owenstown Stud Stakes (Listed)","7f ","7","Listed Race","Good","21239","6","Left Handed","2","Dantes Pass (IRE)","4",,"0","OBrien, Joseph Patrick","5","97","137","6.00","115","197",,"Dark Angel (IRE)","Freedom Pass (USA)","Gelding","D","0",
"2022-05-15","15:15:00","Naas","Owenstown Stud Stakes (Listed)","7f ","7","Listed Race","Good","21239","6","Left Handed","3","Laughifuwant (IRE)","7","Heffernan, J A","0","Keane, Gerard","6","97","137","11.00","'0036085","22"," TT","Roderic OConnor (IRE)","Red Fanfare","Gelding","D","0",
"2022-05-15","15:15:00","Naas","Owenstown Stud Stakes (Listed)","7f ","7","Listed Race","Good","21239","6","Left Handed","4","Lust (IRE)","4","Keane, C T","0","Lyons, G M","4","102","137","2.25","1510132","24"," TT","Fastnet Rock (AUS)","Desire Moi (IRE)","Gelding","D","0",
"2022-05-15","15:15:00","Naas","Owenstown Stud Stakes (Listed)","7f ","7","Listed Race","Good","21239","6","Left Handed","5","Real Force","5","McCullagh, N G","0","OLeary, Gerard","2","97","137","12.00","4211054","24",,"Lethal Force (IRE)","Real Me","Gelding","CD","0",
"2022-05-15","15:15:00","Naas","Owenstown Stud Stakes (Listed)","7f ","7","Listed Race","Good","21239","6","Left Handed","6","Diadora (IRE)","4","Lee, W J","0","Twomey, P","1","98","135","3.33","none",,"Vsor","Dansili","Diatribe","Filly",,"0",
"2022-05-15","15:15:00","Naas","Owenstown Stud Stakes (Listed)","7f ","7","Listed Race","Good","21239","6","Left Handed","7","Princess Olly (IRE)","3","Halpin, G P","0","Murray, Adrian","7","92","120","5.00","17","7",,"Invincible Spirit (IRE)","Cristal Fashion (IRE)","Filly","D","0",
"2022-05-15","15:22:00","Stratford","Fantastic Sunday Roasts At Riverside Novices Handicap Chase","2m1f ","17","Class 5","Good","2995","5","Left Handed","1","Ragamuffin (IRE)","7","Twiston-Davies, Sam","0","Mulholland, N P","0","107","170","0.91","4211332","13"," TT","Arcadio (GER)","Mill Race Annie (IRE)","Gelding","D","12",
"2022-05-15","15:22:00","Stratford","Fantastic Sunday Roasts At Riverside Novices Handicap Chase","2m1f ","17","Class 5","Good","2995","5","Left Handed","2","Pawpaw","5","Gethings, Ciaran","0","Webber, P R","0","104","167","8.50","2465483","40"," TT","Showcasing","Papaya (IRE)","Gelding",,"12",
"2022-05-15","15:22:00","Stratford","Fantastic Sunday Roasts At Riverside Novices Handicap Chase","2m1f ","17","Class 5","Good","2995","5","Left Handed","3","Above Suspicion (IRE)","7","Burke, Jonathan","0","George, T R","0","101","164","5.00","343P375","24",,"Oscar (IRE)","The Sailors Bonnet (IRE)","Gelding",,"12",
"2022-05-15","15:22:00","Stratford","Fantastic Sunday Roasts At Riverside Novices Handicap Chase","2m1f ","17","Class 5","Good","2995","5","Left Handed","4","Gambie Tiep (FR)","6","Sheppard, Stan","0","Walford, Robert","0","98","161","3.33","492","55",,"Zambezi Sun","Uitiepy (FR)","Gelding",,"12",
"2022-05-15","15:22:00","Stratford","Fantastic Sunday Roasts At Riverside Novices Handicap Chase","2m1f ","17","Class 5","Good","2995","5","Left Handed","5","Begoodtoyourself (IRE)","7","Reed, Harry","0","Kellett, C N","0","79","142","12.00","6222P4P","36","CkPc","Getaway (GER)","Loreley (IRE)","Gelding",,"12",
"2022-05-15","15:30:00","Killarney","Kelly Farm Modernisation Ltd Handicap Hurdle (Grade B)","2m1f ","17","Grade 2","Good","23894","16","Left Handed","1","Hannon (IRE)","7","OKeeffe, Darragh","0","Gibney, Thomas","0","136","166","14.00","'0250F00","15","Blnk","Canford Cliffs (IRE)","Lady Rua Dargent (IRE)","Gelding",,"10",
"2022-05-15","15:30:00","Killarney","Kelly Farm Modernisation Ltd Handicap Hurdle (Grade B)","2m1f ","17","Grade 2","Good","23894","16","Left Handed","2","Goodbye Someday (IRE)","8","McGrath, Mr D T","7","Kiely, John E","0","133","163","28.00","4346677","28",,"Stowaway","Liss A Paoraigh (IRE)","Gelding",,"10",
"2022-05-15","15:30:00","Killarney","Kelly Farm Modernisation Ltd Handicap Hurdle (Grade B)","2m1f ","17","Grade 2","Good","23894","16","Left Handed","3","Wolf Prince (IRE)","6","Donoghue, K M","0","Cromwell, Gavin Patrick","0","133","163","33.00","'F63605P","28",,"Pour Moi (IRE)","Preach (IRE)","Gelding",,"10",
"2022-05-15","15:30:00","Killarney","Kelly Farm Modernisation Ltd Handicap Hurdle (Grade B)","2m1f ","17","Grade 2","Good","23894","16","Left Handed","4","Glan (IRE)","7","Walsh, M P","0","Elliott, Gordon","0","130","160","4.50","313251P","19","Hood","Getaway (GER)","Fleur (GER)","Mare",,"10",
"2022-05-15","15:30:00","Killarney","Kelly Farm Modernisation Ltd Handicap Hurdle (Grade B)","2m1f ","17","Grade 2","Good","23894","16","Left Handed","5","Mighty Tom (IRE)","7","Cooper, Bryan J","0","Cooper, Thomas","0","130","160","33.00","52531P0","29",,"Dylan Thomas (IRE)","Polly Anthus","Gelding",,"10",
"2022-05-15","15:30:00","Killarney","Kelly Farm Modernisation Ltd Handicap Hurdle (Grade B)","2m1f ","17","Grade 2","Good","23894","16","Left Handed","6","Bread And Butter (IRE)","7","Kelly, Aidan","7","Markham, Ms Helen P","0","126","156","16.00","2323303","15",,"Westerner","Wells Diamond (IRE)","Gelding",,"10",
"2022-05-15","15:30:00","Killarney","Kelly Farm Modernisation Ltd Handicap Hurdle (Grade B)","2m1f ","17","Grade 2","Good","23894","16","Left Handed","7","Eclair De Beaufeu (FR)","8","Kennedy, J W","0","Elliott, Gordon","0","125","155","25.00","'020P003","23","CkPc","Monitor Closely (IRE)","Tenebreuse Gemm (FR)","Gelding","D","10",
"2022-05-15","15:30:00","Killarney","Kelly Farm Modernisation Ltd Handicap Hurdle (Grade B)","2m1f ","17","Grade 2","Good","23894","16","Left Handed","8","Ardla (IRE)","7","Townend, P","0","Halford, M","0","124","154","7.50","4822130","19"," TT","Delegator","Tamaletta (IRE)","Gelding",,"10",
"2022-05-15","15:30:00","Killarney","Kelly Farm Modernisation Ltd Handicap Hurdle (Grade B)","2m1f ","17","Grade 2","Good","23894","16","Left Handed","9","Sit Down Lucy (IRE)","8","ODwyer, Charlie","7","Fahey, Peter","0","124","154","11.00","4224034","19",,"Doyen (IRE)","Lakyle Lady (IRE)","Mare",,"10",
"2022-05-15","15:30:00","Killarney","Kelly Farm Modernisation Ltd Handicap Hurdle (Grade B)","2m1f ","17","Grade 2","Good","23894","16","Left Handed","10","Celestial Horizon (IRE)","4","Slevin, J J","0","OBrien, Joseph Patrick","0","127","151","7.00","1682512","27",,"Fastnet Rock (AUS)","Cocoon (IRE)","Gelding",,"10",
"2022-05-15","15:30:00","Killarney","Kelly Farm Modernisation Ltd Handicap Hurdle (Grade B)","2m1f ","17","Grade 2","Good","23894","16","Left Handed","11","Rich Belief","5","Meyler, D","0","Thornton, Karl","0","120","150","22.00","1226618","22","Blnk","Make Believe","Realt Eile (IRE)","Gelding",,"10",
"2022-05-15","15:30:00","Killarney","Kelly Farm Modernisation Ltd Handicap Hurdle (Grade B)","2m1f ","17","Grade 2","Good","23894","16","Left Handed","12","Blanketontheground (IRE)","9","Noonan, G B","7","McCarthy, Eoin Christopher","0","118","148","33.00","'P78121/","70",,"Flemensfirth (USA)","Lady Wagtail (IRE)","Mare",,"10",
"2022-05-15","15:30:00","Killarney","Kelly Farm Modernisation Ltd Handicap Hurdle (Grade B)","2m1f ","17","Grade 2","Good","23894","16","Left Handed","13","Clarens (IRE)","5","Mullins, D E","0","Flavin, J P","0","118","148","6.00","'0070111","175",,"Dream Ahead (USA)","Better Be Mine (IRE)","Gelding",,"10",
"2022-05-15","15:30:00","Killarney","Kelly Farm Modernisation Ltd Handicap Hurdle (Grade B)","2m1f ","17","Grade 2","Good","23894","16","Left Handed","14","Magnor Glory (IRE)","6","Foley, J B","5","OBrien, Terence","0","118","148","6.50","6155351","37","Hood","Fame And Glory","Andreas Pride (IRE)","Gelding","D","10",
"2022-05-15","15:30:00","Killarney","Kelly Farm Modernisation Ltd Handicap Hurdle (Grade B)","2m1f ","17","Grade 2","Good","23894","16","Left Handed","15","Bonarc (IRE)","8","McDonagh, Mark M","7","Ryan, John Patrick","0","109","147","5.50","6253631","2",,"Arcadio (GER)","Bonnie Theatre (IRE)","Mare",,"10",
"2022-05-15","15:30:00","Killarney","Kelly Farm Modernisation Ltd Handicap Hurdle (Grade B)","2m1f ","17","Grade 2","Good","23894","16","Left Handed","16","Rock On Seamie (IRE)","7","Blackmore, Rachael","0","Hackett, Ray","0","109","140","7.00","2312732","8",,"Lilbourne Lad (IRE)","Sahaayeb (IRE)","Gelding",,"10",
"2022-05-15","15:30:00","Killarney","Kelly Farm Modernisation Ltd Handicap Hurdle (Grade B)","2m1f ","17","Grade 2","Good","23894","16","Left Handed","17","Golf Marin (FR)","6",,"0","Martin, A J","0","107","140","0.00","3606P44","17",,"No Risk At All (FR)","Angesse (FR)","Gelding",,"10",
"2022-05-15","15:30:00","Killarney","Kelly Farm Modernisation Ltd Handicap Hurdle (Grade B)","2m1f ","17","Grade 2","Good","23894","16","Left Handed","18","Sil Ver Klass (FR)","8",,"0","Martin, A J","0","106","140","0.00","2817333","17",,"Noroit (GER)","Belle Et Polie (FR)","Gelding","D","10",
"2022-05-15","15:40:00","Ripon","Ripon, Cathedral City Of The Dales Handicap","1m2f ","10","Class 3","Good To Firm","7731","8","Right Handed","1","Brilliant Light","5","Steward, Louis","0","Suroor, Saeed Bin","5","92","137","4.50","2116004","302",,"Sea The Stars (IRE)","Flame Of Gibraltar (IRE)","Gelding","D","0",
"2022-05-15","15:40:00","Ripon","Ripon, Cathedral City Of The Dales Handicap","1m2f ","10","Class 3","Good To Firm","7731","8","Right Handed","2","Fishable","5","Allan, David","0","Easterby, T D","4","91","136","2.50","8150954","22","CkPc TT","Dutch Art","Sweet Stream (ITY)","Gelding","CD","0",
"2022-05-15","15:40:00","Ripon","Ripon, Cathedral City Of The Dales Handicap","1m2f ","10","Class 3","Good To Firm","7731","8","Right Handed","3","Copper And Five","6","Mason, Joanna","0","Carr, Mrs R A","1","85","130","7.50","2613664","15",,"Paco Boy (IRE)","Peachez","Gelding","C","0",
"2022-05-15","15:40:00","Ripon","Ripon, Cathedral City Of The Dales Handicap","1m2f ","10","Class 3","Good To Firm","7731","8","Right Handed","4","Society Red","8","Hanagan, Paul","0","Fahey, R A","7","82","127","22.00","6411215","73",,"Arcano (IRE)","Idonea (CAN)","Gelding","D","0",
"2022-05-15","15:40:00","Ripon","Ripon, Cathedral City Of The Dales Handicap","1m2f ","10","Class 3","Good To Firm","7731","8","Right Handed","5","Fairmac","4","Fanning, Joe","0","Johnston, M","8","81","126","10.00","3424350","10","Blnk","Lethal Force (IRE)","Kenyan Cat","Gelding","D","0",
"2022-05-15","15:40:00","Ripon","Ripon, Cathedral City Of The Dales Handicap","1m2f ","10","Class 3","Good To Firm","7731","8","Right Handed","6","Benadalid","7","Hart, Jason","0","Fairhurst, C W","6","78","123","2.50","8537592","22",,"Assertive","Gambatte","Gelding","CD","0",
"2022-05-15","15:40:00","Ripon","Ripon, Cathedral City Of The Dales Handicap","1m2f ","10","Class 3","Good To Firm","7731","8","Right Handed","7","Grangeclare View (IRE)","4","Hamilton, Tony","0","Fahey, R A","3","76","121","12.00","3412743","29",,"Ajaya","Eucharist (IRE)","Gelding",,"0",
"2022-05-15","15:40:00","Ripon","Ripon, Cathedral City Of The Dales Handicap","1m2f ","10","Class 3","Good To Firm","7731","8","Right Handed","8","Briardale (IRE)","10","Pyle, William","7","Bethell, Ed","2","74","119","14.00","1051346","20",,"Arcano (IRE)","Marine City (JPN)","Gelding","CD","0",
"2022-05-15","15:45:00","Naas","Goffs Lacken Stakes (Group 3)","6f ","6","Group 3","Good","29204","7","Straight","1","Andreas Vesalius (IRE)","3","McDonogh, D P","0","OBrien, Joseph Patrick","7","99","131","18.00","441062","302",,"Caravaggio (USA)","Vitello","Colt","C","0",
"2022-05-15","15:45:00","Naas","Goffs Lacken Stakes (Group 3)","6f ","6","Group 3","Good","29204","7","Straight","2","Beauty Inspire (IRE)","3","Carroll, G F","0","Lyons, G M","4","101","131","7.50","11","302",,"Mehmas (IRE)","Darwell (IRE)","Colt","D","0",
"2022-05-15","15:45:00","Naas","Goffs Lacken Stakes (Group 3)","6f ","6","Group 3","Good","29204","7","Straight","3","New York City (IRE)","3","Lordan, W M","0","OBrien, A P","3","108","131","1.50","3293211","22",,"Invincible Spirit (IRE)","Rajeem","Colt",,"0",
"2022-05-15","15:45:00","Naas","Goffs Lacken Stakes (Group 3)","6f ","6","Group 3","Good","29204","7","Straight","4","Straight Answer","3","Keane, C T","0","Lyons, G M","6","110","131","2.00","1182","22"," TT","Kodiac","Straight Thinking (USA)","Colt","D","0",
"2022-05-15","15:45:00","Naas","Goffs Lacken Stakes (Group 3)","6f ","6","Group 3","Good","29204","7","Straight","5","Twilight Jet (IRE)","3","Roche, L F","0","OCallaghan, M D","2","110","131","4.50","7563351","219",,"Twilight Son","My Lucky Liz (IRE)","Colt",,"0",
"2022-05-15","15:45:00","Naas","Goffs Lacken Stakes (Group 3)","6f ","6","Group 3","Good","29204","7","Straight","6","Elliptic (IRE)","3","Ryan, Gavin","0","Obrien, Donnacha","5","95","128","12.00","12643","9","Blnk","Caravaggio (USA)","Aqua De Vida (IRE)","Filly",,"0",
"2022-05-15","15:45:00","Naas","Goffs Lacken Stakes (Group 3)","6f ","6","Group 3","Good","29204","7","Straight","7","Saliteh","3","Halpin, G P","0","Murray, Adrian","1","88","128","50.00","'0755145","9",,"Ardad (IRE)","Poesy","Filly","C","0",
"2022-05-15","15:52:00","Stratford","Live Music At Riverside Stratford Mares Handicap Hurdle","3m3f ","27","Class 4","Good","4030","5","Left Handed","1","Catchmeifyoucan (IRE)","8","Quinlan, Sean","0","Candlish, Jennie","0","113","168","6.00","122683P","159",,"Touch Of Land (FR)","Irish Honey (IRE)","Mare",,"13",
"2022-05-15","15:52:00","Stratford","Live Music At Riverside Stratford Mares Handicap Hurdle","3m3f ","27","Class 4","Good","4030","5","Left Handed","2","Martha Brae","7","Skelton, Harry","0","Skelton, Daniel","0","112","167","3.00","3265165","139",,"Shirocco (GER)","Harringay","Mare",,"13",
"2022-05-15","15:52:00","Stratford","Live Music At Riverside Stratford Mares Handicap Hurdle","3m3f ","27","Class 4","Good","4030","5","Left Handed","3","Shantou Sunset","8","Martin, Jack","10","Hobbs, P J","0","100","155","7.50","11368P6","13","CkPc","Shantou (USA)","Kingara","Mare","D","13",
"2022-05-15","15:52:00","Stratford","Live Music At Riverside Stratford Mares Handicap Hurdle","3m3f ","27","Class 4","Good","4030","5","Left Handed","4","Lily Glitters","6","OBrien, T J","0","Daly, H D","0","97","152","1.25","7195321","25","Vsor","Shirocco (GER)","Alegralil","Mare",,"13",
"2022-05-15","15:52:00","Stratford","Live Music At Riverside Stratford Mares Handicap Hurdle","3m3f ","27","Class 4","Good","4030","5","Left Handed","5","Viking Ruby","9","Twiston-Davies, Sam","0","Mulholland, N P","0","93","148","7.00","4PP0308","10","CkPc TT","Sulamani (IRE)","Viking Torch","Mare",,"13",
"2022-05-15","16:00:00","Killarney","Gerard OSullivan Memorial Novice Chase","2m7f ","23",,"Good","6903","5","Left Handed","1","Baptism Of Fire (IRE)","7","Blackmore, Rachael","0","Bromhead, Henry De","0","128","164","4.50","'P000501","23","CkPc","Jeremy (USA)","Julia Glynn (IRE)","Gelding",,"16",
"2022-05-15","16:00:00","Killarney","Gerard OSullivan Memorial Novice Chase","2m7f ","23",,"Good","6903","5","Left Handed","2","Egality Mans (FR)","8","Townend, P","0","Mullins, W P","0","135","164","1.63","1FF4134","18",,"Network (GER)","Quissisia Mans (FR)","Gelding",,"16",
"2022-05-15","16:00:00","Killarney","Gerard OSullivan Memorial Novice Chase","2m7f ","23",,"Good","6903","5","Left Handed","3","Grand Paradis (FR)","6",,"0","Elliott, Gordon","0","139","164","0.00","'FP322P1","28"," TT","Martaline","Outre Mer (FR)","Gelding",,"16",
"2022-05-15","16:00:00","Killarney","Gerard OSullivan Memorial Novice Chase","2m7f ","23",,"Good","6903","5","Left Handed","4","Max Flamingo (IRE)","7","Kennedy, J W","0","Casey, Francis","0","144","164","1.00","324U717","27",,"Kalanisi (IRE)","Flamingos Girl (IRE)","Gelding",,"16",
"2022-05-15","16:00:00","Killarney","Gerard OSullivan Memorial Novice Chase","2m7f ","23",,"Good","6903","5","Left Handed","5","Magnium (IRE)","9","Canavan, Jordan J","7","OSullivan, Eugene M","0","0","158","66.00","'P44430P","150",,"Westerner","Anshan Bay (IRE)","Gelding","C","16",
"2022-05-15","16:00:00","Killarney","Gerard OSullivan Memorial Novice Chase","2m7f ","23",,"Good","6903","5","Left Handed","6","Old Town Garde (IRE)","6","Gainford, Mr J C","0","Elliott, Gordon","0","0","158","20.00","615","28",,"Robin Des Champs (FR)","Old Town Queen (IRE)","Gelding",,"16",
"2022-05-15","16:10:00","Ripon","British EBF Premier Fillies Handicap","6f ","6","Class 3","Good To Firm","12885","6","Straight","1","Improvised (IRE)","4","Tudhope, Daniel","0","OMeara, D","4","86","142","3.50","5111266","15",,"Ravens Pass (USA)","Kirouna (FR)","Filly","CD","0",
"2022-05-15","16:10:00","Ripon","British EBF Premier Fillies Handicap","6f ","6","Class 3","Good To Firm","12885","6","Straight","2","Mid Winster","6","Lee, G","0","Midgley, P T","5","85","141","4.00","3172584","32",,"Burwaaz","Cayman Fox","Mare","D","0",
"2022-05-15","16:10:00","Ripon","British EBF Premier Fillies Handicap","6f ","6","Class 3","Good To Firm","12885","6","Straight","3","Al Simmo","5","Lee, Clifford","0","Hollinshead, Steph","1","78","134","3.33","1121277","22",,"Al Kazeem","Magic Destiny","Mare","D","0",
"2022-05-15","16:10:00","Ripon","British EBF Premier Fillies Handicap","6f ","6","Class 3","Good To Firm","12885","6","Straight","4","Selbys Pride","3","Mathers, Patrick","0","Coyle, Tony","6","83","129","7.50","5212336","11",,"Lethal Force (IRE)","Vibrant","Filly","C","0",
"2022-05-15","16:10:00","Ripon","British EBF Premier Fillies Handicap","6f ","6","Class 3","Good To Firm","12885","6","Straight","5","Sandbeck","3","Stott, Kevin","0","Bethell, Ed","2","81","127","2.25","181","29",,"Ardad (IRE)","Astley Park","Filly","D","0",
"2022-05-15","16:10:00","Ripon","British EBF Premier Fillies Handicap","6f ","6","Class 3","Good To Firm","12885","6","Straight","6","True Jem (FR)","3","Fanning, Joe","0","Burke, K R","3","72","118","16.00","4316363","18",,"Dabirsim (FR)","Vally Jem (FR)","Filly","D","0",
"2022-05-15","16:15:00","Naas","Irish Stallion Farms EBF Fillies Maiden","1m ","8",,"Good","7965","15","Left Handed","1","Forever And Always (IRE)","3",,"0","OBrien, A P","11","0","129","0.00","94","220",,"Galileo (IRE)","Chintz (IRE)","Filly",,"0",
"2022-05-15","16:15:00","Naas","Irish Stallion Farms EBF Fillies Maiden","1m ","8",,"Good","7965","15","Left Handed","2","Frankelstein","3","Lee, W J","0","McCreery, W","1","0","129","16.00","8","22"," TT","Frankel","Mur Hiba (IRE)","Filly",,"0",
"2022-05-15","16:15:00","Naas","Irish Stallion Farms EBF Fillies Maiden","1m ","8",,"Good","7965","15","Left Handed","3","Galleria Borghese (IRE)","3","Lordan, W M","0","OBrien, A P","6","0","129","5.00","'06","11",,"Caravaggio (USA)","On Ice (IRE)","Filly",,"0",
"2022-05-15","16:15:00","Naas","Irish Stallion Farms EBF Fillies Maiden","1m ","8",,"Good","7965","15","Left Handed","4","Girl Crush (IRE)","3","Joyce, Wesley","7","Murray, Joseph Anthony","7","0","129","40.00","none",,,"Alhebayeb (IRE)","Antibes (IRE)","Filly",,"0",
"2022-05-15","16:15:00","Naas","Irish Stallion Farms EBF Fillies Maiden","1m ","8",,"Good","7965","15","Left Handed","5","Goonyaboyya (IRE)","3","Keane, C T","0","Smith, Matthew J","3","0","129","16.00","none",,,"Havana Gold (IRE)","Angelical (IRE)","Filly",,"0",
"2022-05-15","16:15:00","Naas","Irish Stallion Farms EBF Fillies Maiden","1m ","8",,"Good","7965","15","Left Handed","6","Keep An Eye Out (IRE)","3","Enright, M A","0","Stack, J A","13","0","129","33.00","'0","201",,"Starspangledbanner (AUS)","Sunbird","Filly",,"0",
"2022-05-15","16:15:00","Naas","Irish Stallion Farms EBF Fillies Maiden","1m ","8",,"Good","7965","15","Left Handed","7","Kerkiyra (IRE)","3","Coen, Ben M","0","Murtagh, J P","9","88","129","1.75","4522","211",,"Siyouni (FR)","Kerisa (IRE)","Filly",,"0",
"2022-05-15","16:15:00","Naas","Irish Stallion Farms EBF Fillies Maiden","1m ","8",,"Good","7965","15","Left Handed","8","Lightship (IRE)","3",,"0","Lavery, Ms Sheila","16","0","129","0.00","none",,,"Fascinating Rock (IRE)","Kayak","Filly",,"0",
"2022-05-15","16:15:00","Naas","Irish Stallion Farms EBF Fillies Maiden","1m ","8",,"Good","7965","15","Left Handed","9","Lost (IRE)","3","Heffernan, J A","0","OBrien, A P","8","0","129","28.00","'00","11",,"Frankel","Queen Cleopatra (IRE)","Filly",,"0",
"2022-05-15","16:15:00","Naas","Irish Stallion Farms EBF Fillies Maiden","1m ","8",,"Good","7965","15","Left Handed","10","Lovesome Dove (IRE)","3","Cleary, R P","0","Lawlor, Peter","5","0","129","50.00","'0","149",,"Bungle Inthejungle","Lovesome","Filly",,"0",
"2022-05-15","16:15:00","Naas","Irish Stallion Farms EBF Fillies Maiden","1m ","8",,"Good","7965","15","Left Handed","11","Lucky Mascot (IRE)","3","Crosse, Nathan","3","McCreery, W","10","0","129","50.00","'0","205","Vsor","Exceed And Excel (AUS)","Light Spirit","Filly",,"0",
"2022-05-15","16:15:00","Naas","Irish Stallion Farms EBF Fillies Maiden","1m ","8",,"Good","7965","15","Left Handed","12","Opulent (IRE)","3",,"3","OBrien, Joseph Patrick","17","0","129","0.00","8","8","Hood TT","Dubawi (IRE)","Bracelet (IRE)","Filly",,"0",
"2022-05-15","16:15:00","Naas","Irish Stallion Farms EBF Fillies Maiden","1m ","8",,"Good","7965","15","Left Handed","13","Porto Cervo (USA)","3","McNamara, E J","0","OBrien, A P","2","0","129","12.00","7","39","Hood","American Pharoah (USA)","Cherry Hinton","Filly",,"0",
"2022-05-15","16:15:00","Naas","Irish Stallion Farms EBF Fillies Maiden","1m ","8",,"Good","7965","15","Left Handed","14","Red Azalea (IRE)","3","Ryan, Gavin","0","Obrien, Donnacha","4","82","129","4.50","38423","11",,"Galileo (IRE)","Music Box (IRE)","Filly",,"0",
"2022-05-15","16:15:00","Naas","Irish Stallion Farms EBF Fillies Maiden","1m ","8",,"Good","7965","15","Left Handed","15","Rotolo (IRE)","3","Manning, K J","0","Farrell, W T","15","0","129","50.00","'0","8",,"Slade Power (IRE)","Sharisse (IRE)","Filly",,"0",
"2022-05-15","16:15:00","Naas","Irish Stallion Farms EBF Fillies Maiden","1m ","8",,"Good","7965","15","Left Handed","16","Sierra Nevada (USA)","3","Foley, Shane","0","Harrington, Mrs John","12","0","129","4.00","73","39",,"American Pharoah (USA)","Visions Of Clarity (IRE)","Filly",,"0",
"2022-05-15","16:15:00","Naas","Irish Stallion Farms EBF Fillies Maiden","1m ","8",,"Good","7965","15","Left Handed","17","Silent Prayer","3","Hayes, C D","0","Weld, D K","18","0","129","22.00","none",,,"Muhaarar","Rose Bonheur","Filly",,"0",
"2022-05-15","16:15:00","Naas","Irish Stallion Farms EBF Fillies Maiden","1m ","8",,"Good","7965","15","Left Handed","18","Ysobel (IRE)","3","McDonogh, D P","0","Harty, Edward and Patrick","14","0","129","33.00","none",,,"Churchill (IRE)","Award (IRE)","Filly",,"0",
"2022-05-15","16:22:00","Stratford","Stratford Parks Thankyou To Owners Handicap Chase","2m6.5f ","22.5","Class 4","Good","4084","5","Left Handed","1","Lakota Warrior (IRE)","6","Skelton, Harry","0","Skelton, Daniel","0","122","170","1.25","6813614","25",,"Valirann (FR)","Talkin Madam (IRE)","Gelding",,"17",
"2022-05-15","16:22:00","Stratford","Stratford Parks Thankyou To Owners Handicap Chase","2m6.5f ","22.5","Class 4","Good","4084","5","Left Handed","2","Templehills (IRE)","11","Savage, Jack A","5","Twiston-Davies, N A","0","120","168","6.50","'PPF7518","197"," TT","Kalanisi (IRE)","Sissinghurst Storm (IRE)","Gelding","C","17",
"2022-05-15","16:22:00","Stratford","Stratford Parks Thankyou To Owners Handicap Chase","2m6.5f ","22.5","Class 4","Good","4084","5","Left Handed","3","Vernon Subutex (FR)","5","Armson, Philip","5","Pipe, D E","0","119","167","5.00","none",,"CkPc TT","Bathyrhon (GER)","Romane Grandchamp (FR)","Gelding",,"17",
"2022-05-15","16:22:00","Stratford","Stratford Parks Thankyou To Owners Handicap Chase","2m6.5f ","22.5","Class 4","Good","4084","5","Left Handed","4","Realm Keeper (USA)","9","Deutsch, Charlie","0","Williams, Miss Venetia","0","118","166","9.00","41105FU","44","Blnk","Arch (USA)","La Lodola (USA)","Gelding",,"17",
"2022-05-15","16:22:00","Stratford","Stratford Parks Thankyou To Owners Handicap Chase","2m6.5f ","22.5","Class 4","Good","4084","5","Left Handed","5","Helford River","8","Twiston-Davies, Sam","0","Tizzard, Joe","0","96","144","3.00","2731138","38"," TT","Presenting","Lovely Origny (FR)","Gelding",,"17",
"2022-05-15","16:30:00","Killarney","Donie Sheahan Memorial Irish EBF Mares Beginners Chase","2m4f ","20",,"Good","7434","8","Left Handed","1","Allora Yeats (IRE)","8","Brouder, Gearoid","5","Brown, Miss Katy","0","81","161","66.00","6000008","34","Vsor TT","Yeats (IRE)","Strike An Ark (IRE)","Mare",,"14",
"2022-05-15","16:30:00","Killarney","Donie Sheahan Memorial Irish EBF Mares Beginners Chase","2m4f ","20",,"Good","7434","8","Left Handed","2","Duchess Ravenwaves","8","Donoghue, K M","0","Cromwell, Gavin Patrick","0","0","161","11.00","'F1622F5","23"," TT","Harbour Watch (IRE)","Neila (GER)","Mare",,"14",
"2022-05-15","16:30:00","Killarney","Donie Sheahan Memorial Irish EBF Mares Beginners Chase","2m4f ","20",,"Good","7434","8","Left Handed","3","Effernock Fizz (IRE)","7","Gilligan, Jack G","7","Brown, Miss Katy","0","0","161","10.00","3200428","22",,"Lovelace","Manx Fizz","Mare",,"14",
"2022-05-15","16:30:00","Killarney","Donie Sheahan Memorial Irish EBF Mares Beginners Chase","2m4f ","20",,"Good","7434","8","Left Handed","4","Georgette Fun (FR)","6","Blackmore, Rachael","0","Bromhead, Henry De","0","0","161","6.50","85P","28","Hood TT","Cokoriko (FR)","More Fun (GER)","Mare",,"14",
"2022-05-15","16:30:00","Killarney","Donie Sheahan Memorial Irish EBF Mares Beginners Chase","2m4f ","20",,"Good","7434","8","Left Handed","5","Highstreet Roller (IRE)","8","OKeeffe, Darragh","0","Gibney, Thomas","0","0","161","11.00","1006337","19"," TT","Jeremy (USA)","Ring Street Roller (IRE)","Mare",,"14",
"2022-05-15","16:30:00","Killarney","Donie Sheahan Memorial Irish EBF Mares Beginners Chase","2m4f ","20",,"Good","7434","8","Left Handed","6","Mi Lighthouse (IRE)","8","Townend, P","0","Mullins, W P","0","0","161","2.50","42312P0","15",,"Arctic Cosmos (USA)","Glannagaul (IRE)","Mare",,"14",
"2022-05-15","16:30:00","Killarney","Donie Sheahan Memorial Irish EBF Mares Beginners Chase","2m4f ","20",,"Good","7434","8","Left Handed","7","Norwigi (IRE)","7","Walsh, M P","0","Bolger, E","0","112","161","3.00","169605F","29","CkPc","Yeats (IRE)","Nadiya De La Vega (FR)","Mare",,"14",
"2022-05-15","16:30:00","Killarney","Donie Sheahan Memorial Irish EBF Mares Beginners Chase","2m4f ","20",,"Good","7434","8","Left Handed","8","Psychee Du Brizais (FR)","8",,"0","Ryan, D P","0","0","161","0.00","5P89005","73",,"Dragon Dancer","Kries Du Berlais (FR)","Mare",,"14",
"2022-05-15","16:30:00","Killarney","Donie Sheahan Memorial Irish EBF Mares Beginners Chase","2m4f ","20",,"Good","7434","8","Left Handed","9","Say Goodbye (IRE)","6","Kennedy, J W","0","Elliott, Gordon","0","0","161","2.50","212232P","28"," TT","Getaway (GER)","Princess Mairead (IRE)","Mare","D","14",
"2022-05-15","16:40:00","Ripon","Titanium Racing Club Maiden Fillies Stakes (GBB Race)","1m2f ","10","Class 5","Good To Firm","4050","6","Right Handed","1","Au Jus","6","Mason, Joanna","0","Easterby, M W","3","0","142","33.00","9U93","24",,"Nayef (USA)","Serraval (FR)","Mare",,"0",
"2022-05-15","16:40:00","Ripon","Titanium Racing Club Maiden Fillies Stakes (GBB Race)","1m2f ","10","Class 5","Good To Firm","4050","6","Right Handed","2","Cape Helles","3",,"0","McCain Jnr, D","7","0","127","0.00","47","22",,"Australia","Applause (IRE)","Filly",,"0",
"2022-05-15","16:40:00","Ripon","Titanium Racing Club Maiden Fillies Stakes (GBB Race)","1m2f ","10","Class 5","Good To Firm","4050","6","Right Handed","3","Firebolt (IRE)","3","Fallon, Cieren","0","Bell, M L W","4","0","127","4.50","none",,,"Galileo (IRE)","Lightning Thunder","Filly",,"0",
"2022-05-15","16:40:00","Ripon","Titanium Racing Club Maiden Fillies Stakes (GBB Race)","1m2f ","10","Class 5","Good To Firm","4050","6","Right Handed","4","Holocene","3","Tudhope, Daniel","0","Haggas, W J","1","0","127","0.80","none",,,"Ulysses (IRE)","Heaven Sent","Filly",,"0",
"2022-05-15","16:40:00","Ripon","Titanium Racing Club Maiden Fillies Stakes (GBB Race)","1m2f ","10","Class 5","Good To Firm","4050","6","Right Handed","5","Stars Are Born (IRE)","3","Dawson, R","0","Mohammed, Ismail","6","0","127","12.00","none",," TT","Sea The Stars (IRE)","Chachamaidee (IRE)","Filly",,"0",
"2022-05-15","16:40:00","Ripon","Titanium Racing Club Maiden Fillies Stakes (GBB Race)","1m2f ","10","Class 5","Good To Firm","4050","6","Right Handed","6","Wendells Lass","3","Muscutt, D","0","Dunlop, E A L","5","0","127","12.00","none",,,"New Approach (IRE)","Autumn Leaves (FR)","Filly",,"0",
"2022-05-15","16:40:00","Ripon","Titanium Racing Club Maiden Fillies Stakes (GBB Race)","1m2f ","10","Class 5","Good To Firm","4050","6","Right Handed","7","Yorkindness","3","Fanning, Joe","0","Johnston, M","2","73","127","3.50","3349","165",,"Nathaniel (IRE)","Yorkidding","Filly",,"0",
"2022-05-15","16:45:00","Naas","Royal Ascot Trials At Naas Handicap","1m ","8",,"Good","11681","10","Left Handed","1","Recurrent Dream (IRE)","3","Keane, C T","0","Lyons, G M","7","89","138","5.00","1051","237",,"Elzaam (AUS)","Kaplinsky (IRE)","Gelding","C","0",
"2022-05-15","16:45:00","Naas","Royal Ascot Trials At Naas Handicap","1m ","8",,"Good","11681","10","Left Handed","2","Tut Tut (IRE)","3","Madden, Tom","0","Harrington, Mrs John","9","88","137","25.00","2016105","204",,"Kodi Bear (IRE)","Tut (IRE)","Filly","D","0",
"2022-05-15","16:45:00","Naas","Royal Ascot Trials At Naas Handicap","1m ","8",,"Good","11681","10","Left Handed","3","Amortentia (IRE)","3","Crosse, S M","0","OBrien, Joseph Patrick","10","86","135","3.50","224","213",,"Caravaggio (USA)","Love Potion (IRE)","Gelding",,"0",
"2022-05-15","16:45:00","Naas","Royal Ascot Trials At Naas Handicap","1m ","8",,"Good","11681","10","Left Handed","4","Cowboy Justice","3","Foley, Shane","0","Harrington, Mrs John","8","85","134","8.00","2104","32"," TT","Lope De Vega (IRE)","Starflower","Colt",,"0",
"2022-05-15","16:45:00","Naas","Royal Ascot Trials At Naas Handicap","1m ","8",,"Good","11681","10","Left Handed","5","Missing Matron (IRE)","3","Manning, K J","0","Bolger, J S","6","81","130","33.00","3440789","196",,"Vocalised (USA)","Bring Back Matron (IRE)","Filly",,"0",
"2022-05-15","16:45:00","Naas","Royal Ascot Trials At Naas Handicap","1m ","8",,"Good","11681","10","Left Handed","6","Alooqaal (IRE)","3","Whelan, R P","0","Halford, M","2","78","127","6.00","742","177",,"Zoffany (IRE)","Natural Bloom (IRE)","Colt",,"0",
"2022-05-15","16:45:00","Naas","Royal Ascot Trials At Naas Handicap","1m ","8",,"Good","11681","10","Left Handed","7","Barbapapa (IRE)","3","Lordan, W M","0","Bromhead, Henry De","4","77","126","6.00","651","121"," TT","Starspangledbanner (AUS)","Eloge (GER)","Gelding","D","0",
"2022-05-15","16:45:00","Naas","Royal Ascot Trials At Naas Handicap","1m ","8",,"Good","11681","10","Left Handed","8","Eastern Wind","3","Whearty, R","7","McCourt, T G","1","77","126","5.50","'073106","32",,"Farhh","Random","Filly",,"0",
"2022-05-15","16:45:00","Naas","Royal Ascot Trials At Naas Handicap","1m ","8",,"Good","11681","10","Left Handed","9","Bridgehead (IRE)","3","Hayes, C D","0","Meade, Noel","5","76","125","4.00","9386","43",,"Belardo (IRE)","Creese","Gelding",,"0",
"2022-05-15","16:45:00","Naas","Royal Ascot Trials At Naas Handicap","1m ","8",,"Good","11681","10","Left Handed","10","Eskimo Komet (IRE)","3","McMonagle, Dylan B","0","Comer, Luke","3","76","125","22.00","317","13"," TT","Red Jazz (USA)","Kristal Komet (IRE)","Colt",,"0",
"2022-05-15","16:52:00","Stratford","Milton Harris Thank You To Owners Open Maiden NH Flat Race (GBB Race)","2m.5f ","16.5","Class 5","Good","2451","7","Left Handed","1","Mullinaree (IRE)","6","Swan, H C","7","Walsh, John J","0","0","156","5.00","53","139",,"Kayf Tara","Rydalis (FR)","Gelding",,"0",
"2022-05-15","16:52:00","Stratford","Milton Harris Thank You To Owners Open Maiden NH Flat Race (GBB Race)","2m.5f ","16.5","Class 5","Good","2451","7","Left Handed","2","Copshill Lad (IRE)","4","Jones, Kevin","0","Harris, M F","0","0","150","0.67","none",,,"Kingston Hill","Una Sorpresa (GER)","Gelding",,"0",
"2022-05-15","16:52:00","Stratford","Milton Harris Thank You To Owners Open Maiden NH Flat Race (GBB Race)","2m.5f ","16.5","Class 5","Good","2451","7","Left Handed","3","Democritus","4","Davies, James","0","Davis, Miss J S","0","0","150","50.00","none",,,"Universal (IRE)","Nant Y Mynydd","Gelding",,"0",
"2022-05-15","16:52:00","Stratford","Milton Harris Thank You To Owners Open Maiden NH Flat Race (GBB Race)","2m.5f ","16.5","Class 5","Good","2451","7","Left Handed","4","Gentleman Jake","4","Fox, Ned","7","Oshea, J G M","0","0","150","25.00","none",,,"Proconsul","Emma Lilley (USA)","Gelding",,"0",
"2022-05-15","16:52:00","Stratford","Milton Harris Thank You To Owners Open Maiden NH Flat Race (GBB Race)","2m.5f ","16.5","Class 5","Good","2451","7","Left Handed","5","Its Going Rome (IRE)","4","Bass, David","0","Faulkner, Ms D C","0","0","150","50.00","5","51",,"Kodiac","Some Site (IRE)","Gelding",,"0",
"2022-05-15","16:52:00","Stratford","Milton Harris Thank You To Owners Open Maiden NH Flat Race (GBB Race)","2m.5f ","16.5","Class 5","Good","2451","7","Left Handed","6","The Kniphand (FR)","4","Twiston-Davies, Sam","0","Twiston-Davies, N A","0","0","150","2.75","2","36",,"Choeur Du Nord (FR)","La Chichina (FR)","Gelding",,"0",
"2022-05-15","16:52:00","Stratford","Milton Harris Thank You To Owners Open Maiden NH Flat Race (GBB Race)","2m.5f ","16.5","Class 5","Good","2451","7","Left Handed","7","Petit Bijou","5","OBrien, T J","0","Roberts, M J","0","0","149","25.00","none",,,"Delegator","Native Ring (FR)","Mare",,"0",
"2022-05-15","17:00:00","Killarney","Shay Rooney Handicap Chase (0-109)","2m4f ","20",,"Good","6106","15","Left Handed","1","Young Jack Yates (IRE)","6","Meyler, D","0","Thornton, Karl","0","108","167","14.00","'024P466","49","Hood TT","Dylan Thomas (IRE)","Loch Ard Lady (IRE)","Gelding",,"14",
"2022-05-15","17:00:00","Killarney","Shay Rooney Handicap Chase (0-109)","2m4f ","20",,"Good","6106","15","Left Handed","2","Tesseract (IRE)","11","Torrens, Simon","0","Howard, Aidan Anthony","0","107","166","22.00","6727098","71","CkPc","Trans Island","Ballinagar Lady (IRE)","Gelding","C D","14",
"2022-05-15","17:00:00","Killarney","Shay Rooney Handicap Chase (0-109)","2m4f ","20",,"Good","6106","15","Left Handed","3","Pairc Na Ngael (IRE)","8","Walsh, M P","0","Byrnes, C","0","106","165","3.00","2P00661","178",,"Yeats (IRE)","Solerina (IRE)","Gelding",,"14",
"2022-05-15","17:00:00","Killarney","Shay Rooney Handicap Chase (0-109)","2m4f ","20",,"Good","6106","15","Left Handed","4","Earths Furies (IRE)","6","Canavan, Jordan J","7","OSullivan, Eugene M","0","105","164","25.00","7215100","15","CkPc","Dylan Thomas (IRE)","Verney Roe (IRE)","Gelding",,"14",
"2022-05-15","17:00:00","Killarney","Shay Rooney Handicap Chase (0-109)","2m4f ","20",,"Good","6106","15","Left Handed","5","Feyan (IRE)","7","Foley, J B","5","Tyner, Robert","0","103","162","8.00","5081205","29",,"Nayef (USA)","Munaafasat (IRE)","Mare","D","14",
"2022-05-15","17:00:00","Killarney","Shay Rooney Handicap Chase (0-109)","2m4f ","20",,"Good","6106","15","Left Handed","6","Esthers Marvel (IRE)","9","OKeeffe, Darragh","0","Budds, David Kenneth","0","102","161","6.00","'04F7751","23"," TT","Oscar (IRE)","Miss Esther (GER)","Mare","D","14",
"2022-05-15","17:00:00","Killarney","Shay Rooney Handicap Chase (0-109)","2m4f ","20",,"Good","6106","15","Left Handed","7","Shes Some Doll (IRE)","7","Dempsey, Luke","0","Cromwell, Gavin Patrick","0","99","158","9.00","231FP35","31",,"Yeats (IRE)","Rudy Renata (IRE)","Mare",,"14",
"2022-05-15","17:00:00","Killarney","Shay Rooney Handicap Chase (0-109)","2m4f ","20",,"Good","6106","15","Left Handed","8","Stealthy Tom (IRE)","7","Fitzgerald, S","5","Bolger, E","0","96","155","2.75","166U7P2","15","CkPc","Yeats (IRE)","Hi Native (IRE)","Gelding","C","14",
"2022-05-15","17:00:00","Killarney","Shay Rooney Handicap Chase (0-109)","2m4f ","20",,"Good","6106","15","Left Handed","9","Arch Melody (IRE)","10","Hayes, Brian","0","Morrison, J","0","95","154","25.00","'077U350","206",,"Arcadio (GER)","Shouland (IRE)","Gelding","D","14",
"2022-05-15","17:00:00","Killarney","Shay Rooney Handicap Chase (0-109)","2m4f ","20",,"Good","6106","15","Left Handed","10","Presenting Cody (IRE)","7","Enright, P T","0","McNiff, Mark Michael","0","92","151","20.00","400P248","227",,"Presenting","Soliya (FR)","Gelding",,"14",
"2022-05-15","17:00:00","Killarney","Shay Rooney Handicap Chase (0-109)","2m4f ","20",,"Good","6106","15","Left Handed","11","Repeat That (IRE)","9","Treacy, R P","0","Butler, Michael","0","89","148","28.00","'06716U0","263",,"Shantou (USA)","See Lucy (IRE)","Gelding","D","14",
"2022-05-15","17:00:00","Killarney","Shay Rooney Handicap Chase (0-109)","2m4f ","20",,"Good","6106","15","Left Handed","12","Top Question (IRE)","9","Deegan, R","0","Archdeacon, L J","0","85","144","33.00","'P3P0687","112",,"Ask","Toppolesa (IRE)","Gelding",,"14",
"2022-05-15","17:00:00","Killarney","Shay Rooney Handicap Chase (0-109)","2m4f ","20",,"Good","6106","15","Left Handed","13","Fly De Megaudais (FR)","9","McDonagh, Mark M","7","McDonagh, Michael J","0","84","143","18.00","35841U0","45","Blnk","Bonbon Rose (FR)","Kauto Etoilee (FR)","Gelding",,"14",
"2022-05-15","17:00:00","Killarney","Shay Rooney Handicap Chase (0-109)","2m4f ","20",,"Good","6106","15","Left Handed","14","Walking The Walk (IRE)","7","OKeeffe, Sean F","0","Rothwell, P J","0","84","143","12.00","'0090320","9"," TT","Imperial Monarch (IRE)","Iconic Events (IRE)","Gelding",,"14",
"2022-05-15","17:00:00","Killarney","Shay Rooney Handicap Chase (0-109)","2m4f ","20",,"Good","6106","15","Left Handed","15","Trans Wood (IRE)","10","Donovan, Philip","5","Doyle, Gordon Michael","0","83","142","40.00","5845050","129",,"Trans Island","Literary","Mare","D","14",
"2022-05-15","17:00:00","Killarney","Shay Rooney Handicap Chase (0-109)","2m4f ","20",,"Good","6106","15","Left Handed","16","Meehall (IRE)","6",,"0","McNamara, E","0","82","141","0.00","'0600PU0","52",,"Mahler","Midway (IRE)","Gelding",,"14",
"2022-05-15","17:00:00","Killarney","Shay Rooney Handicap Chase (0-109)","2m4f ","20",,"Good","6106","15","Left Handed","17","Mezyan (FR)","7",,"0","Hanlon, John Joseph","0","82","141","0.00","'005045P","185","CkPc","Al Kazeem","Tuna Papita (USA)","Gelding",,"14",
"2022-05-15","17:00:00","Killarney","Shay Rooney Handicap Chase (0-109)","2m4f ","20",,"Good","6106","15","Left Handed","18","Krisquin (IRE)","11",,"0","Nolan, Shane","0","77","140","0.00","'UP90002","44","Blnk TT","Kris Kin (USA)","Percision Vision (IRE)","Gelding",,"14",
"2022-05-15","17:10:00","Ripon","Racing Welfare Mental Health Awareness Week Handicap","6f ","6","Class 6","Good To Firm","3186","14","Straight","1","Eagle Path (IRE)","3","Dawson, R","0","Mohammed, Ismail","9","66","136","12.00","376","32",,"Gleneagles (IRE)","Shirin Of Persia (IRE)","Filly",,"0",
"2022-05-15","17:10:00","Ripon","Racing Welfare Mental Health Awareness Week Handicap","6f ","6","Class 6","Good To Firm","3186","14","Straight","2","Abbie Power (IRE)","3","Mullen, Andrew","0","Jardine, I","11","66","136","16.00","5680425","5","CkPc TT","Bungle Inthejungle","Ladys Locket (IRE)","Filly",,"0",
"2022-05-15","17:10:00","Ripon","Racing Welfare Mental Health Awareness Week Handicap","6f ","6","Class 6","Good To Firm","3186","14","Straight","3","Politicism","3","Sanna, G","7","Smart, B","10","65","135","22.00","739","187",,"Churchill (IRE)","Mythicism","Filly",,"0",
"2022-05-15","17:10:00","Ripon","Racing Welfare Mental Health Awareness Week Handicap","6f ","6","Class 6","Good To Firm","3186","14","Straight","4","Woodlands Charm (IRE)","3","McManoman, Faye","3","Tinkler, N","3","63","133","14.00","8861165","18",,"Kodiac","Causeway Charm (USA)","Filly","CD","0",
"2022-05-15","17:10:00","Ripon","Racing Welfare Mental Health Awareness Week Handicap","6f ","6","Class 6","Good To Firm","3186","14","Straight","5","Miss Britain (IRE)","3","James, S H","0","Tutty, Gemma","2","63","133","2.25","7633","8",,"Dandy Man (IRE)","Britains Pride","Filly",,"0",
"2022-05-15","17:10:00","Ripon","Racing Welfare Mental Health Awareness Week Handicap","6f ","6","Class 6","Good To Firm","3186","14","Straight","6","Prayer Matt","3","Allan, David","0","Easterby, T D","4","59","129","7.00","'0360330","8",,"Mattmu","Say A Prayer","Filly",,"0",
"2022-05-15","17:10:00","Ripon","Racing Welfare Mental Health Awareness Week Handicap","6f ","6","Class 6","Good To Firm","3186","14","Straight","7","Hulton Ranger (IRE)","3","Garritty, Jack","0","Walford, Mark","14","59","129","12.00","58000","12",,"Slade Power (IRE)","City Dazzler (IRE)","Gelding",,"0",
"2022-05-15","17:10:00","Ripon","Racing Welfare Mental Health Awareness Week Handicap","6f ","6","Class 6","Good To Firm","3186","14","Straight","8","Eldeyaar (IRE)","3","Hardie, Cameron","0","Brittain, Antony","12","57","127","5.00","4646","8",,"Slade Power (IRE)","Wardat Dubai","Gelding",,"0",
"2022-05-15","17:10:00","Ripon","Racing Welfare Mental Health Awareness Week Handicap","6f ","6","Class 6","Good To Firm","3186","14","Straight","9","Heart Of Kabeir (IRE)","3","Hamilton, Tony","0","Fahey, R A","6","55","125","40.00","68380","202",,"El Kabeir (USA)","Heart Of Oak","Filly",,"0",
"2022-05-15","17:10:00","Ripon","Racing Welfare Mental Health Awareness Week Handicap","6f ","6","Class 6","Good To Firm","3186","14","Straight","10","Make A Prophet (IRE)","3","Robinson, Ben","0","Midgley, P T","1","55","125","18.00","849906","20","CkPc","Divine Prophet (AUS)","Miss Mirabeau","Gelding",,"0",
"2022-05-15","17:10:00","Ripon","Racing Welfare Mental Health Awareness Week Handicap","6f ","6","Class 6","Good To Firm","3186","14","Straight","11","Moon Bay","3","Hanagan, Paul","0","Fahey, R A","7","54","124","9.00","6836724","17",,"Cable Bay (IRE)","Tamara Moon (IRE)","Filly",,"0",
"2022-05-15","17:10:00","Ripon","Racing Welfare Mental Health Awareness Week Handicap","6f ","6","Class 6","Good To Firm","3186","14","Straight","12","Act Of Passion","3","Hart, Jason","0","Whillans, Ewan","5","53","123","50.00","8120986","17",,"Mondialiste (IRE)","Silver Act (IRE)","Filly","D","0",
"2022-05-15","17:10:00","Ripon","Racing Welfare Mental Health Awareness Week Handicap","6f ","6","Class 6","Good To Firm","3186","14","Straight","13","Tilsworth Ony Ta","3","Lee, Clifford","0","Jenkins, J R","8","52","122","16.00","6075326","18",,"Ardad (IRE)","Pallas","Gelding",,"0",
"2022-05-15","17:10:00","Ripon","Racing Welfare Mental Health Awareness Week Handicap","6f ","6","Class 6","Good To Firm","3186","14","Straight","14","Lincoln Pride (IRE)","3","Fallon, Cieren","0","OMeara, D","13","51","121","14.00","606","20",,"Pride Of Dubai (AUS)","Naddwah","Filly",,"0",
"2022-05-15","17:15:00","Naas","Tote Always SP Or Better Handicap","1m ","8",,"Good","8496","15","Left Handed","1","Longbourn (IRE)","6","Coen, J","7","OSullivan, Ross","2","96","146","18.00","4331203","212"," TT","Mukhadram","Lady Catherine","Gelding",,"0",
"2022-05-15","17:15:00","Naas","Tote Always SP Or Better Handicap","1m ","8",,"Good","8496","15","Left Handed","2","Bucky Larson (IRE)","7","Carroll, G F","0","Lyons, G M","3","91","141","6.00","1068447","149",,"Footstepsinthesand","Jessie Jane (IRE)","Gelding","CD","0",
"2022-05-15","17:15:00","Naas","Tote Always SP Or Better Handicap","1m ","8",,"Good","8496","15","Left Handed","3","Crystal Black (IRE)","4","Hayes, C D","0","Weld, D K","4","91","141","7.50","81963","245",,"Teofilo (IRE)","Shes Our Mark","Gelding",,"0",
"2022-05-15","17:15:00","Naas","Tote Always SP Or Better Handicap","1m ","8",,"Good","8496","15","Left Handed","4","Hale Bopp (IRE)","4","Keane, C T","0","Lyons, G M","1","85","135","5.00","'0030067","43",,"Belardo (IRE)","Emperors Pearl (IRE)","Gelding","D","0",
"2022-05-15","17:15:00","Naas","Tote Always SP Or Better Handicap","1m ","8",,"Good","8496","15","Left Handed","5","Rebel Step (USA)","4","Slattery, A J","0","Slattery, Andrew","15","85","135","22.00","74F7015","27",,"Tamarkuz (USA)","Purr And Prowl (USA)","Gelding","D","0",
"2022-05-15","17:15:00","Naas","Tote Always SP Or Better Handicap","1m ","8",,"Good","8496","15","Left Handed","6","Ransom","5","Enright, M A","0","Hogan, Denis Gerard","5","84","134","33.00","1143600","29"," TT","Kingman","Arizona Jewel","Gelding",,"0",
"2022-05-15","17:15:00","Naas","Tote Always SP Or Better Handicap","1m ","8",,"Good","8496","15","Left Handed","7","River Derwent","4","Horgan, H J","7","OBrien, Joseph Patrick","8","83","133","4.50","541202","13",,"Kingman","Just Wood (FR)","Gelding","D","0",
"2022-05-15","17:15:00","Naas","Tote Always SP Or Better Handicap","1m ","8",,"Good","8496","15","Left Handed","8","Tyrconnell (IRE)","8","Crosse, S M","0","Lynam, S","10","82","132","9.00","6434575","43","CkPc","Bated Breath","Miss Honorine (IRE)","Gelding","D","0",
"2022-05-15","17:15:00","Naas","Tote Always SP Or Better Handicap","1m ","8",,"Good","8496","15","Left Handed","9","Luke Short","5","McMonagle, Dylan B","0","Meade, Noel","9","81","131","6.00","'0532309","17","CkPc","Sayif (IRE)","Acclamare (IRE)","Gelding","CD","0",
"2022-05-15","17:15:00","Naas","Tote Always SP Or Better Handicap","1m ","8",,"Good","8496","15","Left Handed","10","Ferrybank","4","Lee, W J","0","Walsh, T M","14","80","130","20.00","4313040","20"," TT","Cable Bay (IRE)","Hewayaat","Gelding",,"0",
"2022-05-15","17:15:00","Naas","Tote Always SP Or Better Handicap","1m ","8",,"Good","8496","15","Left Handed","11","Coins Cross (IRE)","4","McDonogh, D P","0","Harty, Edward and Patrick","7","77","127","4.00","'0593734","22","Blnk","Dragon Pulse (IRE)","Miz Makfi","Gelding",,"0",
"2022-05-15","17:15:00","Naas","Tote Always SP Or Better Handicap","1m ","8",,"Good","8496","15","Left Handed","12","Disco Boots (IRE)","4","Coen, Ben M","0","Fahey, Peter","13","77","127","25.00","420130","239",,"Belardo (IRE)","Nightswimmer (IRE)","Filly","D","0",
"2022-05-15","17:15:00","Naas","Tote Always SP Or Better Handicap","1m ","8",,"Good","8496","15","Left Handed","13","Zephron","5","Gallagher, Mark","0","Cullen, D W","11","77","127","20.00","9343608","49","CkPc","Ivawood (IRE)","Amarylis (IRE)","Gelding",,"0",
"2022-05-15","17:15:00","Naas","Tote Always SP Or Better Handicap","1m ","8",,"Good","8496","15","Left Handed","14","Chilean","7","Lordan, W M","0","Comer, Luke","12","72","122","16.00","8090000","22"," TT","Iffraaj","Childa (IRE)","Colt","D","0",
"2022-05-15","17:15:00","Naas","Tote Always SP Or Better Handicap","1m ","8",,"Good","8496","15","Left Handed","15","Macho Time (IRE)","5","Roche, L F","0","OConnell, Eamon","6","71","121","40.00","'0029317","196"," TT","Camacho","Galeaza","Gelding","D","0",
"2022-05-15","17:30:00","Killarney","Killarney Oils (Pro/Am) Flat Race","2m1f ","17",,"Good","5575","11","Left Handed","1","Curley Stroke (IRE)","4","Dunne, Mr J","7","OConnell, Ms Claire","0","0","161","6.00","none",,,"Libertarian","Portrette (IRE)","Gelding",,"0",
"2022-05-15","17:30:00","Killarney","Killarney Oils (Pro/Am) Flat Race","2m1f ","17",,"Good","5575","11","Left Handed","2","Felix Summus (IRE)","4","Mullins, Mr P W","0","Mullins, W P","0","0","161","1.38","none",,,"Rule Of Law (USA)","Miss Jovial (IRE)","Gelding",,"0",
"2022-05-15","17:30:00","Killarney","Killarney Oils (Pro/Am) Flat Race","2m1f ","17",,"Good","5575","11","Left Handed","3","Lets Go Joe","4","Roche, T P","7","Byrne, L","0","0","161","11.00","9","27",,"Cannock Chase (USA)","Super Faida (IRE)","Gelding",,"0",
"2022-05-15","17:30:00","Killarney","Killarney Oils (Pro/Am) Flat Race","2m1f ","17",,"Good","5575","11","Left Handed","4","Lipa K (IRE)","4","Noonan, G B","7","McCarthy, Eoin Christopher","0","0","161","9.00","none",,,"Mamool (IRE)","Triennial (IRE)","Gelding",,"0",
"2022-05-15","17:30:00","Killarney","Killarney Oils (Pro/Am) Flat Race","2m1f ","17",,"Good","5575","11","Left Handed","5","Man Of The House (IRE)","4","Hamilton, Mr T","0","Hanlon, John Joseph","0","0","161","25.00","none",,,"Masterofthehorse (IRE)","Native Kin (IRE)","Gelding",,"0",
"2022-05-15","17:30:00","Killarney","Killarney Oils (Pro/Am) Flat Race","2m1f ","17",,"Good","5575","11","Left Handed","6","Neddies Boy (IRE)","4","Perry, Mr Seamus","7","Fahey, Peter","0","0","161","11.00","5","13",,"Swiss Spirit","Perfect Rhythm","Gelding",,"0",
"2022-05-15","17:30:00","Killarney","Killarney Oils (Pro/Am) Flat Race","2m1f ","17",,"Good","5575","11","Left Handed","7","Our Champ (IRE)","4","OBrien, D N","7","Halley, John","0","0","161","12.00","none",,,"Champs Elysees","Affascinare (IRE)","Gelding",,"0",
"2022-05-15","17:30:00","Killarney","Killarney Oils (Pro/Am) Flat Race","2m1f ","17",,"Good","5575","11","Left Handed","8","Prayer Moon (FR)","4","Doyle, Mr M J","7","Rothwell, P J","0","0","161","28.00","none",,,"Spanish Moon (USA)","Thingathong (FR)","Gelding",,"0",
"2022-05-15","17:30:00","Killarney","Killarney Oils (Pro/Am) Flat Race","2m1f ","17",,"Good","5575","11","Left Handed","9","Themanintheboots (IRE)","4","Codd, Mr J J","0","Elliott, Gordon","0","0","161","3.50","none",,,"Milan","The Brass Lady (IRE)","Gelding",,"0",
"2022-05-15","17:30:00","Killarney","Killarney Oils (Pro/Am) Flat Race","2m1f ","17",,"Good","5575","11","Left Handed","10","River Tara (IRE)","4","Quirke, Mr C M","7","Curling, S","0","0","154","28.00","none",," TT","Kayf Tara","Aulne River (FR)","Filly",,"0",
"2022-05-15","17:30:00","Killarney","Killarney Oils (Pro/Am) Flat Race","2m1f ","17",,"Good","5575","11","Left Handed","11","Run Getaway Run (IRE)","4","Cronin, W T","7","Braddish, S","0","0","154","40.00","'0","8",,"Getaway (GER)","Carnival Flag (FR)","Filly",,"0",

